********************************************************************************
Obsolete PIO Core v6.1.19 is used (previous was 6.2.0)
Please remove multiple PIO Cores from a system:
https://docs.platformio.org/en/latest/core/installation/troubleshooting.html
********************************************************************************
Processing esp32-s2-serial (board: esp32-s2-saola-1; platform: espressif32; framework: arduino)
--------------------------------------------------------------------------------
Verbose mode can be enabled via `-v, --verbose` option
CONFIGURATION: https://docs.platformio.org/page/boards/espressif32/esp32-s2-saola-1.html
PLATFORM: Espressif 32 (6.12.0) > Espressif ESP32-S2-Saola-1
HARDWARE: ESP32S2 240MHz, 320KB RAM, 4MB Flash
DEBUG: Current (cmsis-dap) External (cmsis-dap, esp-bridge, esp-prog, iot-bus-jtag, jlink, minimodule, olimex-arm-usb-ocd, olimex-arm-usb-ocd-h, olimex-arm-usb-tiny-h, olimex-jtag-tiny, tumpa)
PACKAGES: 
 - framework-arduinoespressif32 @ 3.20017.241212+sha.dcc1105b 
 - tool-esptoolpy @ 2.40900.250804 (4.9.0) 
 - toolchain-riscv32-esp @ 8.4.0+2021r2-patch5 
 - toolchain-xtensa-esp32s2 @ 8.4.0+2021r2-patch5
LDF: Library Dependency Finder -> https://bit.ly/configure-pio-ldf
LDF Modes: Finder ~ chain, Compatibility ~ soft
Found 38 compatible libraries
Scanning dependencies...
Dependency Graph
|-- Adafruit TinyUSB Library @ 3.3.1
Building in release mode
Compiling .pio/build/esp32-s2-serial/src/ffb_device_input.cpp.o
Compiling .pio/build/esp32-s2-serial/src/ffb_force_calculator.cpp.o
Compiling .pio/build/esp32-s2-serial/src/ffb_hal.cpp.o
Compiling .pio/build/esp32-s2-serial/src/ffb_report_handler.cpp.o
Compiling .pio/build/esp32-s2-serial/src/main.cpp.o
Building .pio/build/esp32-s2-serial/bootloader.bin
Generating partitions .pio/build/esp32-s2-serial/partitions.bin
Compiling .pio/build/esp32-s2-serial/lib427/SPI/SPI.cpp.o
esptool.py v4.9.0
Creating esp32s2 image...
Merged 1 ELF section
Successfully created esp32s2 image.
Compiling .pio/build/esp32-s2-serial/libd51/SdFat - Adafruit Fork/ExFatLib/ExFatDbg.cpp.o
Compiling .pio/build/esp32-s2-serial/libd51/SdFat - Adafruit Fork/ExFatLib/ExFatFile.cpp.o
Compiling .pio/build/esp32-s2-serial/libd51/SdFat - Adafruit Fork/ExFatLib/ExFatFilePrint.cpp.o
Compiling .pio/build/esp32-s2-serial/libd51/SdFat - Adafruit Fork/ExFatLib/ExFatFileWrite.cpp.o
Compiling .pio/build/esp32-s2-serial/libd51/SdFat - Adafruit Fork/ExFatLib/ExFatFormatter.cpp.o
Compiling .pio/build/esp32-s2-serial/libd51/SdFat - Adafruit Fork/ExFatLib/ExFatName.cpp.o
Compiling .pio/build/esp32-s2-serial/libd51/SdFat - Adafruit Fork/ExFatLib/ExFatPartition.cpp.o
Compiling .pio/build/esp32-s2-serial/libd51/SdFat - Adafruit Fork/ExFatLib/ExFatVolume.cpp.o
Compiling .pio/build/esp32-s2-serial/libd51/SdFat - Adafruit Fork/FatLib/FatDbg.cpp.o
Compiling .pio/build/esp32-s2-serial/libd51/SdFat - Adafruit Fork/FatLib/FatFile.cpp.o
Compiling .pio/build/esp32-s2-serial/libd51/SdFat - Adafruit Fork/FatLib/FatFileLFN.cpp.o
Archiving .pio/build/esp32-s2-serial/lib427/libSPI.a
Indexing .pio/build/esp32-s2-serial/lib427/libSPI.a
Compiling .pio/build/esp32-s2-serial/libd51/SdFat - Adafruit Fork/FatLib/FatFilePrint.cpp.o
Compiling .pio/build/esp32-s2-serial/libd51/SdFat - Adafruit Fork/FatLib/FatFileSFN.cpp.o
Compiling .pio/build/esp32-s2-serial/libd51/SdFat - Adafruit Fork/FatLib/FatFormatter.cpp.o
Compiling .pio/build/esp32-s2-serial/libd51/SdFat - Adafruit Fork/FatLib/FatName.cpp.o
Compiling .pio/build/esp32-s2-serial/libd51/SdFat - Adafruit Fork/FatLib/FatPartition.cpp.o
Compiling .pio/build/esp32-s2-serial/libd51/SdFat - Adafruit Fork/FatLib/FatVolume.cpp.o
Compiling .pio/build/esp32-s2-serial/libd51/SdFat - Adafruit Fork/FreeStack.cpp.o
Compiling .pio/build/esp32-s2-serial/libd51/SdFat - Adafruit Fork/FsLib/FsFile.cpp.o
Compiling .pio/build/esp32-s2-serial/libd51/SdFat - Adafruit Fork/FsLib/FsNew.cpp.o
Compiling .pio/build/esp32-s2-serial/libd51/SdFat - Adafruit Fork/FsLib/FsVolume.cpp.o
Compiling .pio/build/esp32-s2-serial/libd51/SdFat - Adafruit Fork/MinimumSerial.cpp.o
Compiling .pio/build/esp32-s2-serial/libd51/SdFat - Adafruit Fork/SdCard/Rp2040Sdio/PioSdioCard.cpp.o
Compiling .pio/build/esp32-s2-serial/libd51/SdFat - Adafruit Fork/SdCard/SdCardInfo.cpp.o
Compiling .pio/build/esp32-s2-serial/libd51/SdFat - Adafruit Fork/SdCard/SdSpiCard.cpp.o
Compiling .pio/build/esp32-s2-serial/libd51/SdFat - Adafruit Fork/SdCard/TeensySdio/TeensySdio.cpp.o
Compiling .pio/build/esp32-s2-serial/libd51/SdFat - Adafruit Fork/SpiDriver/SdSpiArtemis.cpp.o
Compiling .pio/build/esp32-s2-serial/libd51/SdFat - Adafruit Fork/SpiDriver/SdSpiChipSelect.cpp.o
Compiling .pio/build/esp32-s2-serial/libd51/SdFat - Adafruit Fork/SpiDriver/SdSpiDue.cpp.o
Compiling .pio/build/esp32-s2-serial/libd51/SdFat - Adafruit Fork/SpiDriver/SdSpiParticle.cpp.o
Compiling .pio/build/esp32-s2-serial/libd51/SdFat - Adafruit Fork/SpiDriver/SdSpiSTM32.cpp.o
Compiling .pio/build/esp32-s2-serial/libd51/SdFat - Adafruit Fork/SpiDriver/SdSpiSTM32Core.cpp.o
Compiling .pio/build/esp32-s2-serial/libd51/SdFat - Adafruit Fork/SpiDriver/SdSpiTeensy3.cpp.o
Compiling .pio/build/esp32-s2-serial/libd51/SdFat - Adafruit Fork/common/FmtNumber.cpp.o
Compiling .pio/build/esp32-s2-serial/libd51/SdFat - Adafruit Fork/common/FsCache.cpp.o
Compiling .pio/build/esp32-s2-serial/libd51/SdFat - Adafruit Fork/common/FsDateTime.cpp.o
Compiling .pio/build/esp32-s2-serial/libd51/SdFat - Adafruit Fork/common/FsName.cpp.o
Compiling .pio/build/esp32-s2-serial/libd51/SdFat - Adafruit Fork/common/FsStructs.cpp.o
Compiling .pio/build/esp32-s2-serial/libd51/SdFat - Adafruit Fork/common/FsUtf.cpp.o
Compiling .pio/build/esp32-s2-serial/libd51/SdFat - Adafruit Fork/common/PrintBasic.cpp.o
Compiling .pio/build/esp32-s2-serial/libd51/SdFat - Adafruit Fork/common/upcase.cpp.o
Compiling .pio/build/esp32-s2-serial/libd51/SdFat - Adafruit Fork/iostream/StdioStream.cpp.o
Compiling .pio/build/esp32-s2-serial/libd51/SdFat - Adafruit Fork/iostream/StreamBaseClass.cpp.o
Compiling .pio/build/esp32-s2-serial/libd51/SdFat - Adafruit Fork/iostream/istream.cpp.o
Compiling .pio/build/esp32-s2-serial/libd51/SdFat - Adafruit Fork/iostream/ostream.cpp.o
Compiling .pio/build/esp32-s2-serial/lib76b/Adafruit TinyUSB Library/arduino/Adafruit_TinyUSB_API.cpp.o
In file included from .pio/libdeps/esp32-s2-serial/Adafruit TinyUSB Library/src/Adafruit_TinyUSB.h:30,
                 from .pio/libdeps/esp32-s2-serial/Adafruit TinyUSB Library/src/arduino/Adafruit_TinyUSB_API.cpp:29:
.pio/libdeps/esp32-s2-serial/Adafruit TinyUSB Library/src/arduino/ports/esp32/tusb_config_esp32.h:92: warning: "CFG_TUH_ENABLED" redefined
 #define CFG_TUH_ENABLED 1
 
In file included from .pio/libdeps/esp32-s2-serial/Adafruit TinyUSB Library/src/arduino/Adafruit_TinyUSB_API.cpp:25:
.pio/libdeps/esp32-s2-serial/Adafruit TinyUSB Library/src/tusb_option.h:283: note: this is the location of the previous definition
   #define CFG_TUH_ENABLED     (TUH_RHPORT_MODE & OPT_MODE_HOST)
 
In file included from .pio/libdeps/esp32-s2-serial/Adafruit TinyUSB Library/src/Adafruit_TinyUSB.h:30,
                 from .pio/libdeps/esp32-s2-serial/Adafruit TinyUSB Library/src/arduino/Adafruit_TinyUSB_API.cpp:29:
.pio/libdeps/esp32-s2-serial/Adafruit TinyUSB Library/src/arduino/ports/esp32/tusb_config_esp32.h:93: warning: "CFG_TUH_MAX_SPEED" redefined
 #define CFG_TUH_MAX_SPEED OPT_MODE_FULL_SPEED
 
In file included from .pio/libdeps/esp32-s2-serial/Adafruit TinyUSB Library/src/arduino/Adafruit_TinyUSB_API.cpp:25:
.pio/libdeps/esp32-s2-serial/Adafruit TinyUSB Library/src/tusb_option.h:288: note: this is the location of the previous definition
   #define CFG_TUH_MAX_SPEED   (TUH_RHPORT_MODE & OPT_MODE_SPEED_MASK)
 
In file included from .pio/libdeps/esp32-s2-serial/Adafruit TinyUSB Library/src/Adafruit_TinyUSB.h:30,
                 from .pio/libdeps/esp32-s2-serial/Adafruit TinyUSB Library/src/arduino/Adafruit_TinyUSB_API.cpp:29:
.pio/libdeps/esp32-s2-serial/Adafruit TinyUSB Library/src/arduino/ports/esp32/tusb_config_esp32.h:94: warning: "CFG_TUH_MAX3421" redefined
 #define CFG_TUH_MAX3421 1
 
In file included from .pio/libdeps/esp32-s2-serial/Adafruit TinyUSB Library/src/arduino/Adafruit_TinyUSB_API.cpp:25:
.pio/libdeps/esp32-s2-serial/Adafruit TinyUSB Library/src/tusb_option.h:556: note: this is the location of the previous definition
   #define CFG_TUH_MAX3421  0
 
In file included from .pio/libdeps/esp32-s2-serial/Adafruit TinyUSB Library/src/Adafruit_TinyUSB.h:30,
                 from .pio/libdeps/esp32-s2-serial/Adafruit TinyUSB Library/src/arduino/Adafruit_TinyUSB_API.cpp:29:
.pio/libdeps/esp32-s2-serial/Adafruit TinyUSB Library/src/arduino/ports/esp32/tusb_config_esp32.h:104: warning: "CFG_TUH_HUB" redefined
 #define CFG_TUH_HUB 1
 
In file included from .pio/libdeps/esp32-s2-serial/Adafruit TinyUSB Library/src/arduino/Adafruit_TinyUSB_API.cpp:25:
.pio/libdeps/esp32-s2-serial/Adafruit TinyUSB Library/src/tusb_option.h:477: note: this is the location of the previous definition
   #define CFG_TUH_HUB    0
 
In file included from .pio/libdeps/esp32-s2-serial/Adafruit TinyUSB Library/src/Adafruit_TinyUSB.h:30,
                 from .pio/libdeps/esp32-s2-serial/Adafruit TinyUSB Library/src/arduino/Adafruit_TinyUSB_API.cpp:29:
.pio/libdeps/esp32-s2-serial/Adafruit TinyUSB Library/src/arduino/ports/esp32/tusb_config_esp32.h:113: warning: "CFG_TUH_MSC" redefined
 #define CFG_TUH_MSC 1
 
In file included from .pio/libdeps/esp32-s2-serial/Adafruit TinyUSB Library/src/arduino/Adafruit_TinyUSB_API.cpp:25:
.pio/libdeps/esp32-s2-serial/Adafruit TinyUSB Library/src/tusb_option.h:534: note: this is the location of the previous definition
   #define CFG_TUH_MSC    0
 
In file included from .pio/libdeps/esp32-s2-serial/Adafruit TinyUSB Library/src/Adafruit_TinyUSB.h:30,
                 from .pio/libdeps/esp32-s2-serial/Adafruit TinyUSB Library/src/arduino/Adafruit_TinyUSB_API.cpp:29:
.pio/libdeps/esp32-s2-serial/Adafruit TinyUSB Library/src/arduino/ports/esp32/tusb_config_esp32.h:117: warning: "CFG_TUH_HID" redefined
 #define CFG_TUH_HID (3 * CFG_TUH_DEVICE_MAX)
 
In file included from .pio/libdeps/esp32-s2-serial/Adafruit TinyUSB Library/src/arduino/Adafruit_TinyUSB_API.cpp:25:
.pio/libdeps/esp32-s2-serial/Adafruit TinyUSB Library/src/tusb_option.h:526: note: this is the location of the previous definition
   #define CFG_TUH_HID    0
 
In file included from .pio/libdeps/esp32-s2-serial/Adafruit TinyUSB Library/src/Adafruit_TinyUSB.h:30,
                 from .pio/libdeps/esp32-s2-serial/Adafruit TinyUSB Library/src/arduino/Adafruit_TinyUSB_API.cpp:29:
.pio/libdeps/esp32-s2-serial/Adafruit TinyUSB Library/src/arduino/ports/esp32/tusb_config_esp32.h:121: warning: "CFG_TUH_CDC" redefined
 #define CFG_TUH_CDC 1
 
In file included from .pio/libdeps/esp32-s2-serial/Adafruit TinyUSB Library/src/arduino/Adafruit_TinyUSB_API.cpp:25:
.pio/libdeps/esp32-s2-serial/Adafruit TinyUSB Library/src/tusb_option.h:481: note: this is the location of the previous definition
   #define CFG_TUH_CDC    0
 
In file included from .pio/libdeps/esp32-s2-serial/Adafruit TinyUSB Library/src/Adafruit_TinyUSB.h:30,
                 from .pio/libdeps/esp32-s2-serial/Adafruit TinyUSB Library/src/arduino/Adafruit_TinyUSB_API.cpp:29:
.pio/libdeps/esp32-s2-serial/Adafruit TinyUSB Library/src/arduino/ports/esp32/tusb_config_esp32.h:122: warning: "CFG_TUH_CDC_FTDI" redefined
 #define CFG_TUH_CDC_FTDI 1
 
In file included from .pio/libdeps/esp32-s2-serial/Adafruit TinyUSB Library/src/arduino/Adafruit_TinyUSB_API.cpp:25:
.pio/libdeps/esp32-s2-serial/Adafruit TinyUSB Library/src/tusb_option.h:486: note: this is the location of the previous definition
   #define CFG_TUH_CDC_FTDI 0
 
In file included from .pio/libdeps/esp32-s2-serial/Adafruit TinyUSB Library/src/Adafruit_TinyUSB.h:30,
                 from .pio/libdeps/esp32-s2-serial/Adafruit TinyUSB Library/src/arduino/Adafruit_TinyUSB_API.cpp:29:
.pio/libdeps/esp32-s2-serial/Adafruit TinyUSB Library/src/arduino/ports/esp32/tusb_config_esp32.h:123: warning: "CFG_TUH_CDC_CP210X" redefined
 #define CFG_TUH_CDC_CP210X 1
 
In file included from .pio/libdeps/esp32-s2-serial/Adafruit TinyUSB Library/src/arduino/Adafruit_TinyUSB_API.cpp:25:
.pio/libdeps/esp32-s2-serial/Adafruit TinyUSB Library/src/tusb_option.h:499: note: this is the location of the previous definition
   #define CFG_TUH_CDC_CP210X 0
 
In file included from .pio/libdeps/esp32-s2-serial/Adafruit TinyUSB Library/src/Adafruit_TinyUSB.h:30,
                 from .pio/libdeps/esp32-s2-serial/Adafruit TinyUSB Library/src/arduino/Adafruit_TinyUSB_API.cpp:29:
.pio/libdeps/esp32-s2-serial/Adafruit TinyUSB Library/src/arduino/ports/esp32/tusb_config_esp32.h:124: warning: "CFG_TUH_CDC_CH34X" redefined
 #define CFG_TUH_CDC_CH34X 1
 
In file included from .pio/libdeps/esp32-s2-serial/Adafruit TinyUSB Library/src/arduino/Adafruit_TinyUSB_API.cpp:25:
.pio/libdeps/esp32-s2-serial/Adafruit TinyUSB Library/src/tusb_option.h:510: note: this is the location of the previous definition
   #define CFG_TUH_CDC_CH34X 0
 
Compiling .pio/build/esp32-s2-serial/lib76b/Adafruit TinyUSB Library/arduino/Adafruit_USBD_CDC.cpp.o
Compiling .pio/build/esp32-s2-serial/lib76b/Adafruit TinyUSB Library/arduino/Adafruit_USBD_Device.cpp.o
Compiling .pio/build/esp32-s2-serial/lib76b/Adafruit TinyUSB Library/arduino/Adafruit_USBD_Interface.cpp.o
Compiling .pio/build/esp32-s2-serial/lib76b/Adafruit TinyUSB Library/arduino/Adafruit_USBH_Host.cpp.o
Compiling .pio/build/esp32-s2-serial/lib76b/Adafruit TinyUSB Library/arduino/cdc/Adafruit_USBH_CDC.cpp.o
Compiling .pio/build/esp32-s2-serial/lib76b/Adafruit TinyUSB Library/arduino/hid/Adafruit_USBD_HID.cpp.o
Compiling .pio/build/esp32-s2-serial/lib76b/Adafruit TinyUSB Library/arduino/midi/Adafruit_USBD_MIDI.cpp.o
Compiling .pio/build/esp32-s2-serial/lib76b/Adafruit TinyUSB Library/arduino/msc/Adafruit_USBD_MSC.cpp.o
Compiling .pio/build/esp32-s2-serial/lib76b/Adafruit TinyUSB Library/arduino/msc/Adafruit_USBH_MSC.cpp.o
Compiling .pio/build/esp32-s2-serial/lib76b/Adafruit TinyUSB Library/arduino/ports/ch32/Adafruit_TinyUSB_ch32.cpp.o
Compiling .pio/build/esp32-s2-serial/lib76b/Adafruit TinyUSB Library/arduino/ports/esp32/Adafruit_TinyUSB_esp32.cpp.o
Compiling .pio/build/esp32-s2-serial/lib76b/Adafruit TinyUSB Library/arduino/ports/nrf/Adafruit_TinyUSB_nrf.cpp.o
Compiling .pio/build/esp32-s2-serial/lib76b/Adafruit TinyUSB Library/arduino/ports/rp2040/Adafruit_TinyUSB_rp2040.cpp.o
Archiving .pio/build/esp32-s2-serial/libd51/libSdFat - Adafruit Fork.a
Compiling .pio/build/esp32-s2-serial/lib76b/Adafruit TinyUSB Library/arduino/ports/samd/Adafruit_TinyUSB_samd.cpp.o
Compiling .pio/build/esp32-s2-serial/lib76b/Adafruit TinyUSB Library/arduino/video/Adafruit_USBD_Video.cpp.o
Compiling .pio/build/esp32-s2-serial/lib76b/Adafruit TinyUSB Library/arduino/webusb/Adafruit_USBD_WebUSB.cpp.o
Compiling .pio/build/esp32-s2-serial/lib76b/Adafruit TinyUSB Library/class/audio/audio_device.c.o
Indexing .pio/build/esp32-s2-serial/libd51/libSdFat - Adafruit Fork.a
Compiling .pio/build/esp32-s2-serial/lib76b/Adafruit TinyUSB Library/class/bth/bth_device.c.o
Compiling .pio/build/esp32-s2-serial/lib76b/Adafruit TinyUSB Library/class/cdc/cdc_device.c.o
Compiling .pio/build/esp32-s2-serial/lib76b/Adafruit TinyUSB Library/class/cdc/cdc_host.c.o
Compiling .pio/build/esp32-s2-serial/lib76b/Adafruit TinyUSB Library/class/dfu/dfu_device.c.o
Compiling .pio/build/esp32-s2-serial/lib76b/Adafruit TinyUSB Library/class/dfu/dfu_rt_device.c.o
Compiling .pio/build/esp32-s2-serial/lib76b/Adafruit TinyUSB Library/class/hid/hid_device.c.o
Compiling .pio/build/esp32-s2-serial/lib76b/Adafruit TinyUSB Library/class/hid/hid_host.c.o
Compiling .pio/build/esp32-s2-serial/lib76b/Adafruit TinyUSB Library/class/midi/midi_device.c.o
Compiling .pio/build/esp32-s2-serial/lib76b/Adafruit TinyUSB Library/class/msc/msc_device.c.o
Compiling .pio/build/esp32-s2-serial/lib76b/Adafruit TinyUSB Library/class/msc/msc_host.c.o
Compiling .pio/build/esp32-s2-serial/lib76b/Adafruit TinyUSB Library/class/net/ecm_rndis_device.c.o
Compiling .pio/build/esp32-s2-serial/lib76b/Adafruit TinyUSB Library/class/net/ncm_device.c.o
Compiling .pio/build/esp32-s2-serial/lib76b/Adafruit TinyUSB Library/class/usbtmc/usbtmc_device.c.o
Compiling .pio/build/esp32-s2-serial/lib76b/Adafruit TinyUSB Library/class/vendor/vendor_device.c.o
Compiling .pio/build/esp32-s2-serial/lib76b/Adafruit TinyUSB Library/class/video/video_device.c.o
Compiling .pio/build/esp32-s2-serial/lib76b/Adafruit TinyUSB Library/common/tusb_fifo.c.o
Compiling .pio/build/esp32-s2-serial/lib76b/Adafruit TinyUSB Library/device/usbd.c.o
Compiling .pio/build/esp32-s2-serial/lib76b/Adafruit TinyUSB Library/device/usbd_control.c.o
Compiling .pio/build/esp32-s2-serial/lib76b/Adafruit TinyUSB Library/host/hub.c.o
Compiling .pio/build/esp32-s2-serial/lib76b/Adafruit TinyUSB Library/host/usbh.c.o
Compiling .pio/build/esp32-s2-serial/lib76b/Adafruit TinyUSB Library/portable/analog/max3421/hcd_max3421.c.o
Compiling .pio/build/esp32-s2-serial/lib76b/Adafruit TinyUSB Library/portable/microchip/samd/dcd_samd.c.o
Compiling .pio/build/esp32-s2-serial/lib76b/Adafruit TinyUSB Library/portable/nordic/nrf5x/dcd_nrf5x.c.o
Compiling .pio/build/esp32-s2-serial/lib76b/Adafruit TinyUSB Library/portable/raspberrypi/pio_usb/dcd_pio_usb.c.o
Compiling .pio/build/esp32-s2-serial/lib76b/Adafruit TinyUSB Library/portable/raspberrypi/pio_usb/hcd_pio_usb.c.o
Compiling .pio/build/esp32-s2-serial/lib76b/Adafruit TinyUSB Library/portable/raspberrypi/rp2040/dcd_rp2040.c.o
Compiling .pio/build/esp32-s2-serial/lib76b/Adafruit TinyUSB Library/portable/raspberrypi/rp2040/hcd_rp2040.c.o
Compiling .pio/build/esp32-s2-serial/lib76b/Adafruit TinyUSB Library/portable/raspberrypi/rp2040/rp2040_usb.c.o
Compiling .pio/build/esp32-s2-serial/lib76b/Adafruit TinyUSB Library/portable/st/stm32_fsdev/dcd_stm32_fsdev.c.o
Compiling .pio/build/esp32-s2-serial/lib76b/Adafruit TinyUSB Library/portable/synopsys/dwc2/dcd_dwc2.c.o
Compiling .pio/build/esp32-s2-serial/lib76b/Adafruit TinyUSB Library/portable/wch/dcd_ch32_usbfs.c.o
Compiling .pio/build/esp32-s2-serial/lib76b/Adafruit TinyUSB Library/portable/wch/dcd_ch32_usbhs.c.o
Compiling .pio/build/esp32-s2-serial/lib76b/Adafruit TinyUSB Library/tusb.c.o
Compiling .pio/build/esp32-s2-serial/FrameworkArduino/Esp.cpp.o
Compiling .pio/build/esp32-s2-serial/FrameworkArduino/FirmwareMSC.cpp.o
Compiling .pio/build/esp32-s2-serial/FrameworkArduino/FunctionalInterrupt.cpp.o
Compiling .pio/build/esp32-s2-serial/FrameworkArduino/HWCDC.cpp.o
Compiling .pio/build/esp32-s2-serial/FrameworkArduino/HardwareSerial.cpp.o
Compiling .pio/build/esp32-s2-serial/FrameworkArduino/IPAddress.cpp.o
Compiling .pio/build/esp32-s2-serial/FrameworkArduino/IPv6Address.cpp.o
Compiling .pio/build/esp32-s2-serial/FrameworkArduino/MD5Builder.cpp.o
Archiving .pio/build/esp32-s2-serial/lib76b/libAdafruit TinyUSB Library.a
Compiling .pio/build/esp32-s2-serial/FrameworkArduino/Print.cpp.o
Compiling .pio/build/esp32-s2-serial/FrameworkArduino/Stream.cpp.o
Compiling .pio/build/esp32-s2-serial/FrameworkArduino/StreamString.cpp.o
Indexing .pio/build/esp32-s2-serial/lib76b/libAdafruit TinyUSB Library.a
Compiling .pio/build/esp32-s2-serial/FrameworkArduino/Tone.cpp.o
Compiling .pio/build/esp32-s2-serial/FrameworkArduino/USB.cpp.o
Compiling .pio/build/esp32-s2-serial/FrameworkArduino/USBCDC.cpp.o
Compiling .pio/build/esp32-s2-serial/FrameworkArduino/USBMSC.cpp.o
Compiling .pio/build/esp32-s2-serial/FrameworkArduino/WMath.cpp.o
Compiling .pio/build/esp32-s2-serial/FrameworkArduino/WString.cpp.o
Compiling .pio/build/esp32-s2-serial/FrameworkArduino/base64.cpp.o
Compiling .pio/build/esp32-s2-serial/FrameworkArduino/cbuf.cpp.o
Compiling .pio/build/esp32-s2-serial/FrameworkArduino/esp32-hal-adc.c.o
Compiling .pio/build/esp32-s2-serial/FrameworkArduino/esp32-hal-bt.c.o
Compiling .pio/build/esp32-s2-serial/FrameworkArduino/esp32-hal-cpu.c.o
Compiling .pio/build/esp32-s2-serial/FrameworkArduino/esp32-hal-dac.c.o
Compiling .pio/build/esp32-s2-serial/FrameworkArduino/esp32-hal-gpio.c.o
Compiling .pio/build/esp32-s2-serial/FrameworkArduino/esp32-hal-i2c-slave.c.o
Compiling .pio/build/esp32-s2-serial/FrameworkArduino/esp32-hal-i2c.c.o
Compiling .pio/build/esp32-s2-serial/FrameworkArduino/esp32-hal-ledc.c.o
Compiling .pio/build/esp32-s2-serial/FrameworkArduino/esp32-hal-matrix.c.o
Compiling .pio/build/esp32-s2-serial/FrameworkArduino/esp32-hal-misc.c.o
Compiling .pio/build/esp32-s2-serial/FrameworkArduino/esp32-hal-psram.c.o
Compiling .pio/build/esp32-s2-serial/FrameworkArduino/esp32-hal-rgb-led.c.o
Compiling .pio/build/esp32-s2-serial/FrameworkArduino/esp32-hal-rmt.c.o
Compiling .pio/build/esp32-s2-serial/FrameworkArduino/esp32-hal-sigmadelta.c.o
Compiling .pio/build/esp32-s2-serial/FrameworkArduino/esp32-hal-spi.c.o
Compiling .pio/build/esp32-s2-serial/FrameworkArduino/esp32-hal-time.c.o
Compiling .pio/build/esp32-s2-serial/FrameworkArduino/esp32-hal-timer.c.o
Compiling .pio/build/esp32-s2-serial/FrameworkArduino/esp32-hal-tinyusb.c.o
Compiling .pio/build/esp32-s2-serial/FrameworkArduino/esp32-hal-touch.c.o
Compiling .pio/build/esp32-s2-serial/FrameworkArduino/esp32-hal-uart.c.o
Compiling .pio/build/esp32-s2-serial/FrameworkArduino/firmware_msc_fat.c.o
Compiling .pio/build/esp32-s2-serial/FrameworkArduino/libb64/cdecode.c.o
Compiling .pio/build/esp32-s2-serial/FrameworkArduino/libb64/cencode.c.o
Compiling .pio/build/esp32-s2-serial/FrameworkArduino/main.cpp.o
Compiling .pio/build/esp32-s2-serial/FrameworkArduino/stdlib_noniso.c.o
Compiling .pio/build/esp32-s2-serial/FrameworkArduino/wiring_pulse.c.o
Compiling .pio/build/esp32-s2-serial/FrameworkArduino/wiring_shift.c.o
Archiving .pio/build/esp32-s2-serial/libFrameworkArduino.a
Indexing .pio/build/esp32-s2-serial/libFrameworkArduino.a
Linking .pio/build/esp32-s2-serial/firmware.elf
Retrieving maximum program size .pio/build/esp32-s2-serial/firmware.elf
Checking size .pio/build/esp32-s2-serial/firmware.elf
Advanced Memory Usage is available via "PlatformIO Home > Project Inspect"
RAM:   [=         ]   5.5% (used 17984 bytes from 327680 bytes)
Flash: [==        ]  20.3% (used 266122 bytes from 1310720 bytes)
Building .pio/build/esp32-s2-serial/firmware.bin
esptool.py v4.9.0
Creating esp32s2 image...
Merged 2 ELF sections
Successfully created esp32s2 image.
========================= [SUCCESS] Took 10.38 seconds =========================

Processing esp32-s3-serial-fixed (platform: espressif32; board: 4d_systems_esp32s3_gen4_r8n16; framework: arduino)
--------------------------------------------------------------------------------
Verbose mode can be enabled via `-v, --verbose` option
CONFIGURATION: https://docs.platformio.org/page/boards/espressif32/4d_systems_esp32s3_gen4_r8n16.html
PLATFORM: Espressif 32 (6.12.0) > 4D Systems GEN4-ESP32 16MB (ESP32S3-R8N16)
HARDWARE: ESP32S3 240MHz, 320KB RAM, 16MB Flash
DEBUG: Current (cmsis-dap) External (cmsis-dap, esp-bridge, esp-builtin, esp-prog, iot-bus-jtag, jlink, minimodule, olimex-arm-usb-ocd, olimex-arm-usb-ocd-h, olimex-arm-usb-tiny-h, olimex-jtag-tiny, tumpa)
PACKAGES: 
 - framework-arduinoespressif32 @ 3.20017.241212+sha.dcc1105b 
 - tool-esptoolpy @ 2.40900.250804 (4.9.0) 
 - toolchain-riscv32-esp @ 8.4.0+2021r2-patch5 
 - toolchain-xtensa-esp32s3 @ 8.4.0+2021r2-patch5
LDF: Library Dependency Finder -> https://bit.ly/configure-pio-ldf
LDF Modes: Finder ~ chain, Compatibility ~ soft
Found 38 compatible libraries
Scanning dependencies...
Dependency Graph
|-- Adafruit TinyUSB Library @ 3.3.1
Building in release mode
Compiling .pio/build/esp32-s3-serial-fixed/src/ffb_device_input.cpp.o
Compiling .pio/build/esp32-s3-serial-fixed/src/ffb_force_calculator.cpp.o
Compiling .pio/build/esp32-s3-serial-fixed/src/ffb_hal.cpp.o
Compiling .pio/build/esp32-s3-serial-fixed/src/ffb_report_handler.cpp.o
Compiling .pio/build/esp32-s3-serial-fixed/src/main.cpp.o
Building .pio/build/esp32-s3-serial-fixed/bootloader.bin
Generating partitions .pio/build/esp32-s3-serial-fixed/partitions.bin
Compiling .pio/build/esp32-s3-serial-fixed/lib427/SPI/SPI.cpp.o
esptool.py v4.9.0
Creating esp32s3 image...
Merged 1 ELF section
Successfully created esp32s3 image.
Compiling .pio/build/esp32-s3-serial-fixed/lib898/SdFat - Adafruit Fork/ExFatLib/ExFatDbg.cpp.o
Compiling .pio/build/esp32-s3-serial-fixed/lib898/SdFat - Adafruit Fork/ExFatLib/ExFatFile.cpp.o
Compiling .pio/build/esp32-s3-serial-fixed/lib898/SdFat - Adafruit Fork/ExFatLib/ExFatFilePrint.cpp.o
Compiling .pio/build/esp32-s3-serial-fixed/lib898/SdFat - Adafruit Fork/ExFatLib/ExFatFileWrite.cpp.o
Compiling .pio/build/esp32-s3-serial-fixed/lib898/SdFat - Adafruit Fork/ExFatLib/ExFatFormatter.cpp.o
Compiling .pio/build/esp32-s3-serial-fixed/lib898/SdFat - Adafruit Fork/ExFatLib/ExFatName.cpp.o
Compiling .pio/build/esp32-s3-serial-fixed/lib898/SdFat - Adafruit Fork/ExFatLib/ExFatPartition.cpp.o
Compiling .pio/build/esp32-s3-serial-fixed/lib898/SdFat - Adafruit Fork/ExFatLib/ExFatVolume.cpp.o
Compiling .pio/build/esp32-s3-serial-fixed/lib898/SdFat - Adafruit Fork/FatLib/FatDbg.cpp.o
Compiling .pio/build/esp32-s3-serial-fixed/lib898/SdFat - Adafruit Fork/FatLib/FatFile.cpp.o
In file included from src/constants.h:5,
                 from src/main.cpp:6:
src/config_board.h:32: warning: "USB_VID" redefined
 #define USB_VID 0xFFFF
 
In file included from /Users/sunwj/.platformio/packages/framework-arduinoespressif32/cores/esp32/esp32-hal-gpio.h:29,
                 from /Users/sunwj/.platformio/packages/framework-arduinoespressif32/cores/esp32/esp32-hal.h:83,
                 from /Users/sunwj/.platformio/packages/framework-arduinoespressif32/cores/esp32/Arduino.h:36,
                 from src/main.cpp:1:
/Users/sunwj/.platformio/packages/framework-arduinoespressif32/variants/esp32_s3r8n16/pins_arduino.h:6: note: this is the location of the previous definition
 #define USB_VID 0x303a
 
In file included from src/constants.h:5,
                 from src/main.cpp:6:
src/config_board.h:33: warning: "USB_PID" redefined
 #define USB_PID 0x2010
 
In file included from /Users/sunwj/.platformio/packages/framework-arduinoespressif32/cores/esp32/esp32-hal-gpio.h:29,
                 from /Users/sunwj/.platformio/packages/framework-arduinoespressif32/cores/esp32/esp32-hal.h:83,
                 from /Users/sunwj/.platformio/packages/framework-arduinoespressif32/cores/esp32/Arduino.h:36,
                 from src/main.cpp:1:
/Users/sunwj/.platformio/packages/framework-arduinoespressif32/variants/esp32_s3r8n16/pins_arduino.h:7: note: this is the location of the previous definition
 #define USB_PID 0x1001
 
In file included from src/constants.h:5,
                 from src/main.cpp:6:
src/config_board.h:34: warning: "USB_MANUFACTURER" redefined
 #define USB_MANUFACTURER "SunFFB"
 
In file included from /Users/sunwj/.platformio/packages/framework-arduinoespressif32/cores/esp32/esp32-hal-gpio.h:29,
                 from /Users/sunwj/.platformio/packages/framework-arduinoespressif32/cores/esp32/esp32-hal.h:83,
                 from /Users/sunwj/.platformio/packages/framework-arduinoespressif32/cores/esp32/Arduino.h:36,
                 from src/main.cpp:1:
/Users/sunwj/.platformio/packages/framework-arduinoespressif32/variants/esp32_s3r8n16/pins_arduino.h:8: note: this is the location of the previous definition
 #define USB_MANUFACTURER  "4D Systems Pty Ltd"
 
In file included from src/constants.h:5,
                 from src/main.cpp:6:
src/config_board.h:35: warning: "USB_PRODUCT" redefined
 #define USB_PRODUCT "Force feedback joystick"
 
In file included from /Users/sunwj/.platformio/packages/framework-arduinoespressif32/cores/esp32/esp32-hal-gpio.h:29,
                 from /Users/sunwj/.platformio/packages/framework-arduinoespressif32/cores/esp32/esp32-hal.h:83,
                 from /Users/sunwj/.platformio/packages/framework-arduinoespressif32/cores/esp32/Arduino.h:36,
                 from src/main.cpp:1:
/Users/sunwj/.platformio/packages/framework-arduinoespressif32/variants/esp32_s3r8n16/pins_arduino.h:9: note: this is the location of the previous definition
 #define USB_PRODUCT   "4D Systems gen4-ESP32 16MB Modules (ESP32-S3R8n16)"
 
Compiling .pio/build/esp32-s3-serial-fixed/lib898/SdFat - Adafruit Fork/FatLib/FatFileLFN.cpp.o
Archiving .pio/build/esp32-s3-serial-fixed/lib427/libSPI.a
Indexing .pio/build/esp32-s3-serial-fixed/lib427/libSPI.a
Compiling .pio/build/esp32-s3-serial-fixed/lib898/SdFat - Adafruit Fork/FatLib/FatFilePrint.cpp.o
Compiling .pio/build/esp32-s3-serial-fixed/lib898/SdFat - Adafruit Fork/FatLib/FatFileSFN.cpp.o
Compiling .pio/build/esp32-s3-serial-fixed/lib898/SdFat - Adafruit Fork/FatLib/FatFormatter.cpp.o
Compiling .pio/build/esp32-s3-serial-fixed/lib898/SdFat - Adafruit Fork/FatLib/FatName.cpp.o
Compiling .pio/build/esp32-s3-serial-fixed/lib898/SdFat - Adafruit Fork/FatLib/FatPartition.cpp.o
Compiling .pio/build/esp32-s3-serial-fixed/lib898/SdFat - Adafruit Fork/FatLib/FatVolume.cpp.o
Compiling .pio/build/esp32-s3-serial-fixed/lib898/SdFat - Adafruit Fork/FreeStack.cpp.o
Compiling .pio/build/esp32-s3-serial-fixed/lib898/SdFat - Adafruit Fork/FsLib/FsFile.cpp.o
Compiling .pio/build/esp32-s3-serial-fixed/lib898/SdFat - Adafruit Fork/FsLib/FsNew.cpp.o
Compiling .pio/build/esp32-s3-serial-fixed/lib898/SdFat - Adafruit Fork/FsLib/FsVolume.cpp.o
Compiling .pio/build/esp32-s3-serial-fixed/lib898/SdFat - Adafruit Fork/MinimumSerial.cpp.o
Compiling .pio/build/esp32-s3-serial-fixed/lib898/SdFat - Adafruit Fork/SdCard/Rp2040Sdio/PioSdioCard.cpp.o
Compiling .pio/build/esp32-s3-serial-fixed/lib898/SdFat - Adafruit Fork/SdCard/SdCardInfo.cpp.o
Compiling .pio/build/esp32-s3-serial-fixed/lib898/SdFat - Adafruit Fork/SdCard/SdSpiCard.cpp.o
Compiling .pio/build/esp32-s3-serial-fixed/lib898/SdFat - Adafruit Fork/SdCard/TeensySdio/TeensySdio.cpp.o
Compiling .pio/build/esp32-s3-serial-fixed/lib898/SdFat - Adafruit Fork/SpiDriver/SdSpiArtemis.cpp.o
Compiling .pio/build/esp32-s3-serial-fixed/lib898/SdFat - Adafruit Fork/SpiDriver/SdSpiChipSelect.cpp.o
Compiling .pio/build/esp32-s3-serial-fixed/lib898/SdFat - Adafruit Fork/SpiDriver/SdSpiDue.cpp.o
Compiling .pio/build/esp32-s3-serial-fixed/lib898/SdFat - Adafruit Fork/SpiDriver/SdSpiParticle.cpp.o
Compiling .pio/build/esp32-s3-serial-fixed/lib898/SdFat - Adafruit Fork/SpiDriver/SdSpiSTM32.cpp.o
Compiling .pio/build/esp32-s3-serial-fixed/lib898/SdFat - Adafruit Fork/SpiDriver/SdSpiSTM32Core.cpp.o
Compiling .pio/build/esp32-s3-serial-fixed/lib898/SdFat - Adafruit Fork/SpiDriver/SdSpiTeensy3.cpp.o
Compiling .pio/build/esp32-s3-serial-fixed/lib898/SdFat - Adafruit Fork/common/FmtNumber.cpp.o
Compiling .pio/build/esp32-s3-serial-fixed/lib898/SdFat - Adafruit Fork/common/FsCache.cpp.o
Compiling .pio/build/esp32-s3-serial-fixed/lib898/SdFat - Adafruit Fork/common/FsDateTime.cpp.o
Compiling .pio/build/esp32-s3-serial-fixed/lib898/SdFat - Adafruit Fork/common/FsName.cpp.o
Compiling .pio/build/esp32-s3-serial-fixed/lib898/SdFat - Adafruit Fork/common/FsStructs.cpp.o
Compiling .pio/build/esp32-s3-serial-fixed/lib898/SdFat - Adafruit Fork/common/FsUtf.cpp.o
Compiling .pio/build/esp32-s3-serial-fixed/lib898/SdFat - Adafruit Fork/common/PrintBasic.cpp.o
Compiling .pio/build/esp32-s3-serial-fixed/lib898/SdFat - Adafruit Fork/common/upcase.cpp.o
Compiling .pio/build/esp32-s3-serial-fixed/lib898/SdFat - Adafruit Fork/iostream/StdioStream.cpp.o
Compiling .pio/build/esp32-s3-serial-fixed/lib898/SdFat - Adafruit Fork/iostream/StreamBaseClass.cpp.o
Compiling .pio/build/esp32-s3-serial-fixed/lib898/SdFat - Adafruit Fork/iostream/istream.cpp.o
Compiling .pio/build/esp32-s3-serial-fixed/lib898/SdFat - Adafruit Fork/iostream/ostream.cpp.o
Compiling .pio/build/esp32-s3-serial-fixed/libe06/Adafruit TinyUSB Library/arduino/Adafruit_TinyUSB_API.cpp.o
Compiling .pio/build/esp32-s3-serial-fixed/libe06/Adafruit TinyUSB Library/arduino/Adafruit_USBD_CDC.cpp.o
Compiling .pio/build/esp32-s3-serial-fixed/libe06/Adafruit TinyUSB Library/arduino/Adafruit_USBD_Device.cpp.o
In file included from .pio/libdeps/esp32-s3-serial-fixed/Adafruit TinyUSB Library/src/Adafruit_TinyUSB.h:30,
                 from .pio/libdeps/esp32-s3-serial-fixed/Adafruit TinyUSB Library/src/arduino/Adafruit_TinyUSB_API.cpp:29:
.pio/libdeps/esp32-s3-serial-fixed/Adafruit TinyUSB Library/src/arduino/ports/esp32/tusb_config_esp32.h:92: warning: "CFG_TUH_ENABLED" redefined
 #define CFG_TUH_ENABLED 1
 
In file included from .pio/libdeps/esp32-s3-serial-fixed/Adafruit TinyUSB Library/src/arduino/Adafruit_TinyUSB_API.cpp:25:
.pio/libdeps/esp32-s3-serial-fixed/Adafruit TinyUSB Library/src/tusb_option.h:283: note: this is the location of the previous definition
   #define CFG_TUH_ENABLED     (TUH_RHPORT_MODE & OPT_MODE_HOST)
 
In file included from .pio/libdeps/esp32-s3-serial-fixed/Adafruit TinyUSB Library/src/Adafruit_TinyUSB.h:30,
                 from .pio/libdeps/esp32-s3-serial-fixed/Adafruit TinyUSB Library/src/arduino/Adafruit_TinyUSB_API.cpp:29:
.pio/libdeps/esp32-s3-serial-fixed/Adafruit TinyUSB Library/src/arduino/ports/esp32/tusb_config_esp32.h:93: warning: "CFG_TUH_MAX_SPEED" redefined
 #define CFG_TUH_MAX_SPEED OPT_MODE_FULL_SPEED
 
In file included from .pio/libdeps/esp32-s3-serial-fixed/Adafruit TinyUSB Library/src/arduino/Adafruit_TinyUSB_API.cpp:25:
.pio/libdeps/esp32-s3-serial-fixed/Adafruit TinyUSB Library/src/tusb_option.h:288: note: this is the location of the previous definition
   #define CFG_TUH_MAX_SPEED   (TUH_RHPORT_MODE & OPT_MODE_SPEED_MASK)
 
In file included from .pio/libdeps/esp32-s3-serial-fixed/Adafruit TinyUSB Library/src/Adafruit_TinyUSB.h:30,
                 from .pio/libdeps/esp32-s3-serial-fixed/Adafruit TinyUSB Library/src/arduino/Adafruit_TinyUSB_API.cpp:29:
.pio/libdeps/esp32-s3-serial-fixed/Adafruit TinyUSB Library/src/arduino/ports/esp32/tusb_config_esp32.h:94: warning: "CFG_TUH_MAX3421" redefined
 #define CFG_TUH_MAX3421 1
 
In file included from .pio/libdeps/esp32-s3-serial-fixed/Adafruit TinyUSB Library/src/arduino/Adafruit_TinyUSB_API.cpp:25:
.pio/libdeps/esp32-s3-serial-fixed/Adafruit TinyUSB Library/src/tusb_option.h:556: note: this is the location of the previous definition
   #define CFG_TUH_MAX3421  0
 
In file included from .pio/libdeps/esp32-s3-serial-fixed/Adafruit TinyUSB Library/src/Adafruit_TinyUSB.h:30,
                 from .pio/libdeps/esp32-s3-serial-fixed/Adafruit TinyUSB Library/src/arduino/Adafruit_TinyUSB_API.cpp:29:
.pio/libdeps/esp32-s3-serial-fixed/Adafruit TinyUSB Library/src/arduino/ports/esp32/tusb_config_esp32.h:104: warning: "CFG_TUH_HUB" redefined
 #define CFG_TUH_HUB 1
 
In file included from .pio/libdeps/esp32-s3-serial-fixed/Adafruit TinyUSB Library/src/arduino/Adafruit_TinyUSB_API.cpp:25:
.pio/libdeps/esp32-s3-serial-fixed/Adafruit TinyUSB Library/src/tusb_option.h:477: note: this is the location of the previous definition
   #define CFG_TUH_HUB    0
 
In file included from .pio/libdeps/esp32-s3-serial-fixed/Adafruit TinyUSB Library/src/Adafruit_TinyUSB.h:30,
                 from .pio/libdeps/esp32-s3-serial-fixed/Adafruit TinyUSB Library/src/arduino/Adafruit_TinyUSB_API.cpp:29:
.pio/libdeps/esp32-s3-serial-fixed/Adafruit TinyUSB Library/src/arduino/ports/esp32/tusb_config_esp32.h:113: warning: "CFG_TUH_MSC" redefined
 #define CFG_TUH_MSC 1
 
In file included from .pio/libdeps/esp32-s3-serial-fixed/Adafruit TinyUSB Library/src/arduino/Adafruit_TinyUSB_API.cpp:25:
.pio/libdeps/esp32-s3-serial-fixed/Adafruit TinyUSB Library/src/tusb_option.h:534: note: this is the location of the previous definition
   #define CFG_TUH_MSC    0
 
In file included from .pio/libdeps/esp32-s3-serial-fixed/Adafruit TinyUSB Library/src/Adafruit_TinyUSB.h:30,
                 from .pio/libdeps/esp32-s3-serial-fixed/Adafruit TinyUSB Library/src/arduino/Adafruit_TinyUSB_API.cpp:29:
.pio/libdeps/esp32-s3-serial-fixed/Adafruit TinyUSB Library/src/arduino/ports/esp32/tusb_config_esp32.h:117: warning: "CFG_TUH_HID" redefined
 #define CFG_TUH_HID (3 * CFG_TUH_DEVICE_MAX)
 
In file included from .pio/libdeps/esp32-s3-serial-fixed/Adafruit TinyUSB Library/src/arduino/Adafruit_TinyUSB_API.cpp:25:
.pio/libdeps/esp32-s3-serial-fixed/Adafruit TinyUSB Library/src/tusb_option.h:526: note: this is the location of the previous definition
   #define CFG_TUH_HID    0
 
In file included from .pio/libdeps/esp32-s3-serial-fixed/Adafruit TinyUSB Library/src/Adafruit_TinyUSB.h:30,
                 from .pio/libdeps/esp32-s3-serial-fixed/Adafruit TinyUSB Library/src/arduino/Adafruit_TinyUSB_API.cpp:29:
.pio/libdeps/esp32-s3-serial-fixed/Adafruit TinyUSB Library/src/arduino/ports/esp32/tusb_config_esp32.h:121: warning: "CFG_TUH_CDC" redefined
 #define CFG_TUH_CDC 1
 
In file included from .pio/libdeps/esp32-s3-serial-fixed/Adafruit TinyUSB Library/src/arduino/Adafruit_TinyUSB_API.cpp:25:
.pio/libdeps/esp32-s3-serial-fixed/Adafruit TinyUSB Library/src/tusb_option.h:481: note: this is the location of the previous definition
   #define CFG_TUH_CDC    0
 
In file included from .pio/libdeps/esp32-s3-serial-fixed/Adafruit TinyUSB Library/src/Adafruit_TinyUSB.h:30,
                 from .pio/libdeps/esp32-s3-serial-fixed/Adafruit TinyUSB Library/src/arduino/Adafruit_TinyUSB_API.cpp:29:
.pio/libdeps/esp32-s3-serial-fixed/Adafruit TinyUSB Library/src/arduino/ports/esp32/tusb_config_esp32.h:122: warning: "CFG_TUH_CDC_FTDI" redefined
 #define CFG_TUH_CDC_FTDI 1
 
In file included from .pio/libdeps/esp32-s3-serial-fixed/Adafruit TinyUSB Library/src/arduino/Adafruit_TinyUSB_API.cpp:25:
.pio/libdeps/esp32-s3-serial-fixed/Adafruit TinyUSB Library/src/tusb_option.h:486: note: this is the location of the previous definition
   #define CFG_TUH_CDC_FTDI 0
 
In file included from .pio/libdeps/esp32-s3-serial-fixed/Adafruit TinyUSB Library/src/Adafruit_TinyUSB.h:30,
                 from .pio/libdeps/esp32-s3-serial-fixed/Adafruit TinyUSB Library/src/arduino/Adafruit_TinyUSB_API.cpp:29:
.pio/libdeps/esp32-s3-serial-fixed/Adafruit TinyUSB Library/src/arduino/ports/esp32/tusb_config_esp32.h:123: warning: "CFG_TUH_CDC_CP210X" redefined
 #define CFG_TUH_CDC_CP210X 1
 
In file included from .pio/libdeps/esp32-s3-serial-fixed/Adafruit TinyUSB Library/src/arduino/Adafruit_TinyUSB_API.cpp:25:
.pio/libdeps/esp32-s3-serial-fixed/Adafruit TinyUSB Library/src/tusb_option.h:499: note: this is the location of the previous definition
   #define CFG_TUH_CDC_CP210X 0
 
In file included from .pio/libdeps/esp32-s3-serial-fixed/Adafruit TinyUSB Library/src/Adafruit_TinyUSB.h:30,
                 from .pio/libdeps/esp32-s3-serial-fixed/Adafruit TinyUSB Library/src/arduino/Adafruit_TinyUSB_API.cpp:29:
.pio/libdeps/esp32-s3-serial-fixed/Adafruit TinyUSB Library/src/arduino/ports/esp32/tusb_config_esp32.h:124: warning: "CFG_TUH_CDC_CH34X" redefined
 #define CFG_TUH_CDC_CH34X 1
 
In file included from .pio/libdeps/esp32-s3-serial-fixed/Adafruit TinyUSB Library/src/arduino/Adafruit_TinyUSB_API.cpp:25:
.pio/libdeps/esp32-s3-serial-fixed/Adafruit TinyUSB Library/src/tusb_option.h:510: note: this is the location of the previous definition
   #define CFG_TUH_CDC_CH34X 0
 
Compiling .pio/build/esp32-s3-serial-fixed/libe06/Adafruit TinyUSB Library/arduino/Adafruit_USBD_Interface.cpp.o
Compiling .pio/build/esp32-s3-serial-fixed/libe06/Adafruit TinyUSB Library/arduino/Adafruit_USBH_Host.cpp.o
Compiling .pio/build/esp32-s3-serial-fixed/libe06/Adafruit TinyUSB Library/arduino/cdc/Adafruit_USBH_CDC.cpp.o
Compiling .pio/build/esp32-s3-serial-fixed/libe06/Adafruit TinyUSB Library/arduino/hid/Adafruit_USBD_HID.cpp.o
Compiling .pio/build/esp32-s3-serial-fixed/libe06/Adafruit TinyUSB Library/arduino/midi/Adafruit_USBD_MIDI.cpp.o
Compiling .pio/build/esp32-s3-serial-fixed/libe06/Adafruit TinyUSB Library/arduino/msc/Adafruit_USBD_MSC.cpp.o
Compiling .pio/build/esp32-s3-serial-fixed/libe06/Adafruit TinyUSB Library/arduino/msc/Adafruit_USBH_MSC.cpp.o
Compiling .pio/build/esp32-s3-serial-fixed/libe06/Adafruit TinyUSB Library/arduino/ports/ch32/Adafruit_TinyUSB_ch32.cpp.o
Compiling .pio/build/esp32-s3-serial-fixed/libe06/Adafruit TinyUSB Library/arduino/ports/esp32/Adafruit_TinyUSB_esp32.cpp.o
Compiling .pio/build/esp32-s3-serial-fixed/libe06/Adafruit TinyUSB Library/arduino/ports/nrf/Adafruit_TinyUSB_nrf.cpp.o
Compiling .pio/build/esp32-s3-serial-fixed/libe06/Adafruit TinyUSB Library/arduino/ports/rp2040/Adafruit_TinyUSB_rp2040.cpp.o
Compiling .pio/build/esp32-s3-serial-fixed/libe06/Adafruit TinyUSB Library/arduino/ports/samd/Adafruit_TinyUSB_samd.cpp.o
Compiling .pio/build/esp32-s3-serial-fixed/libe06/Adafruit TinyUSB Library/arduino/video/Adafruit_USBD_Video.cpp.o
Archiving .pio/build/esp32-s3-serial-fixed/lib898/libSdFat - Adafruit Fork.a
Compiling .pio/build/esp32-s3-serial-fixed/libe06/Adafruit TinyUSB Library/arduino/webusb/Adafruit_USBD_WebUSB.cpp.o
Compiling .pio/build/esp32-s3-serial-fixed/libe06/Adafruit TinyUSB Library/class/audio/audio_device.c.o
Indexing .pio/build/esp32-s3-serial-fixed/lib898/libSdFat - Adafruit Fork.a
Compiling .pio/build/esp32-s3-serial-fixed/libe06/Adafruit TinyUSB Library/class/bth/bth_device.c.o
Compiling .pio/build/esp32-s3-serial-fixed/libe06/Adafruit TinyUSB Library/class/cdc/cdc_device.c.o
Compiling .pio/build/esp32-s3-serial-fixed/libe06/Adafruit TinyUSB Library/class/cdc/cdc_host.c.o
Compiling .pio/build/esp32-s3-serial-fixed/libe06/Adafruit TinyUSB Library/class/dfu/dfu_device.c.o
Compiling .pio/build/esp32-s3-serial-fixed/libe06/Adafruit TinyUSB Library/class/dfu/dfu_rt_device.c.o
Compiling .pio/build/esp32-s3-serial-fixed/libe06/Adafruit TinyUSB Library/class/hid/hid_device.c.o
Compiling .pio/build/esp32-s3-serial-fixed/libe06/Adafruit TinyUSB Library/class/hid/hid_host.c.o
Compiling .pio/build/esp32-s3-serial-fixed/libe06/Adafruit TinyUSB Library/class/midi/midi_device.c.o
Compiling .pio/build/esp32-s3-serial-fixed/libe06/Adafruit TinyUSB Library/class/msc/msc_device.c.o
Compiling .pio/build/esp32-s3-serial-fixed/libe06/Adafruit TinyUSB Library/class/msc/msc_host.c.o
Compiling .pio/build/esp32-s3-serial-fixed/libe06/Adafruit TinyUSB Library/class/net/ecm_rndis_device.c.o
Compiling .pio/build/esp32-s3-serial-fixed/libe06/Adafruit TinyUSB Library/class/net/ncm_device.c.o
Compiling .pio/build/esp32-s3-serial-fixed/libe06/Adafruit TinyUSB Library/class/usbtmc/usbtmc_device.c.o
Compiling .pio/build/esp32-s3-serial-fixed/libe06/Adafruit TinyUSB Library/class/vendor/vendor_device.c.o
Compiling .pio/build/esp32-s3-serial-fixed/libe06/Adafruit TinyUSB Library/class/video/video_device.c.o
Compiling .pio/build/esp32-s3-serial-fixed/libe06/Adafruit TinyUSB Library/common/tusb_fifo.c.o
Compiling .pio/build/esp32-s3-serial-fixed/libe06/Adafruit TinyUSB Library/device/usbd.c.o
Compiling .pio/build/esp32-s3-serial-fixed/libe06/Adafruit TinyUSB Library/device/usbd_control.c.o
Compiling .pio/build/esp32-s3-serial-fixed/libe06/Adafruit TinyUSB Library/host/hub.c.o
Compiling .pio/build/esp32-s3-serial-fixed/libe06/Adafruit TinyUSB Library/host/usbh.c.o
Compiling .pio/build/esp32-s3-serial-fixed/libe06/Adafruit TinyUSB Library/portable/analog/max3421/hcd_max3421.c.o
Compiling .pio/build/esp32-s3-serial-fixed/libe06/Adafruit TinyUSB Library/portable/microchip/samd/dcd_samd.c.o
Compiling .pio/build/esp32-s3-serial-fixed/libe06/Adafruit TinyUSB Library/portable/nordic/nrf5x/dcd_nrf5x.c.o
Compiling .pio/build/esp32-s3-serial-fixed/libe06/Adafruit TinyUSB Library/portable/raspberrypi/pio_usb/dcd_pio_usb.c.o
Compiling .pio/build/esp32-s3-serial-fixed/libe06/Adafruit TinyUSB Library/portable/raspberrypi/pio_usb/hcd_pio_usb.c.o
Compiling .pio/build/esp32-s3-serial-fixed/libe06/Adafruit TinyUSB Library/portable/raspberrypi/rp2040/dcd_rp2040.c.o
Compiling .pio/build/esp32-s3-serial-fixed/libe06/Adafruit TinyUSB Library/portable/raspberrypi/rp2040/hcd_rp2040.c.o
Compiling .pio/build/esp32-s3-serial-fixed/libe06/Adafruit TinyUSB Library/portable/raspberrypi/rp2040/rp2040_usb.c.o
Compiling .pio/build/esp32-s3-serial-fixed/libe06/Adafruit TinyUSB Library/portable/st/stm32_fsdev/dcd_stm32_fsdev.c.o
Compiling .pio/build/esp32-s3-serial-fixed/libe06/Adafruit TinyUSB Library/portable/synopsys/dwc2/dcd_dwc2.c.o
Compiling .pio/build/esp32-s3-serial-fixed/libe06/Adafruit TinyUSB Library/portable/wch/dcd_ch32_usbfs.c.o
Compiling .pio/build/esp32-s3-serial-fixed/libe06/Adafruit TinyUSB Library/portable/wch/dcd_ch32_usbhs.c.o
Compiling .pio/build/esp32-s3-serial-fixed/libe06/Adafruit TinyUSB Library/tusb.c.o
Compiling .pio/build/esp32-s3-serial-fixed/FrameworkArduino/Esp.cpp.o
Compiling .pio/build/esp32-s3-serial-fixed/FrameworkArduino/FirmwareMSC.cpp.o
Compiling .pio/build/esp32-s3-serial-fixed/FrameworkArduino/FunctionalInterrupt.cpp.o
Compiling .pio/build/esp32-s3-serial-fixed/FrameworkArduino/HWCDC.cpp.o
Compiling .pio/build/esp32-s3-serial-fixed/FrameworkArduino/HardwareSerial.cpp.o
Compiling .pio/build/esp32-s3-serial-fixed/FrameworkArduino/IPAddress.cpp.o
Archiving .pio/build/esp32-s3-serial-fixed/libe06/libAdafruit TinyUSB Library.a
Compiling .pio/build/esp32-s3-serial-fixed/FrameworkArduino/IPv6Address.cpp.o
Compiling .pio/build/esp32-s3-serial-fixed/FrameworkArduino/MD5Builder.cpp.o
Compiling .pio/build/esp32-s3-serial-fixed/FrameworkArduino/Print.cpp.o
Compiling .pio/build/esp32-s3-serial-fixed/FrameworkArduino/Stream.cpp.o
Compiling .pio/build/esp32-s3-serial-fixed/FrameworkArduino/StreamString.cpp.o
Indexing .pio/build/esp32-s3-serial-fixed/libe06/libAdafruit TinyUSB Library.a
Compiling .pio/build/esp32-s3-serial-fixed/FrameworkArduino/Tone.cpp.o
Compiling .pio/build/esp32-s3-serial-fixed/FrameworkArduino/USB.cpp.o
Compiling .pio/build/esp32-s3-serial-fixed/FrameworkArduino/USBCDC.cpp.o
Compiling .pio/build/esp32-s3-serial-fixed/FrameworkArduino/USBMSC.cpp.o
Compiling .pio/build/esp32-s3-serial-fixed/FrameworkArduino/WMath.cpp.o
Compiling .pio/build/esp32-s3-serial-fixed/FrameworkArduino/WString.cpp.o
Compiling .pio/build/esp32-s3-serial-fixed/FrameworkArduino/base64.cpp.o
Compiling .pio/build/esp32-s3-serial-fixed/FrameworkArduino/cbuf.cpp.o
Compiling .pio/build/esp32-s3-serial-fixed/FrameworkArduino/esp32-hal-adc.c.o
Compiling .pio/build/esp32-s3-serial-fixed/FrameworkArduino/esp32-hal-bt.c.o
Compiling .pio/build/esp32-s3-serial-fixed/FrameworkArduino/esp32-hal-cpu.c.o
Compiling .pio/build/esp32-s3-serial-fixed/FrameworkArduino/esp32-hal-dac.c.o
Compiling .pio/build/esp32-s3-serial-fixed/FrameworkArduino/esp32-hal-gpio.c.o
Compiling .pio/build/esp32-s3-serial-fixed/FrameworkArduino/esp32-hal-i2c-slave.c.o
Compiling .pio/build/esp32-s3-serial-fixed/FrameworkArduino/esp32-hal-i2c.c.o
Compiling .pio/build/esp32-s3-serial-fixed/FrameworkArduino/esp32-hal-ledc.c.o
Compiling .pio/build/esp32-s3-serial-fixed/FrameworkArduino/esp32-hal-matrix.c.o
Compiling .pio/build/esp32-s3-serial-fixed/FrameworkArduino/esp32-hal-misc.c.o
Compiling .pio/build/esp32-s3-serial-fixed/FrameworkArduino/esp32-hal-psram.c.o
Compiling .pio/build/esp32-s3-serial-fixed/FrameworkArduino/esp32-hal-rgb-led.c.o
Compiling .pio/build/esp32-s3-serial-fixed/FrameworkArduino/esp32-hal-rmt.c.o
Compiling .pio/build/esp32-s3-serial-fixed/FrameworkArduino/esp32-hal-sigmadelta.c.o
Compiling .pio/build/esp32-s3-serial-fixed/FrameworkArduino/esp32-hal-spi.c.o
Compiling .pio/build/esp32-s3-serial-fixed/FrameworkArduino/esp32-hal-time.c.o
Compiling .pio/build/esp32-s3-serial-fixed/FrameworkArduino/esp32-hal-timer.c.o
Compiling .pio/build/esp32-s3-serial-fixed/FrameworkArduino/esp32-hal-tinyusb.c.o
Compiling .pio/build/esp32-s3-serial-fixed/FrameworkArduino/esp32-hal-touch.c.o
Compiling .pio/build/esp32-s3-serial-fixed/FrameworkArduino/esp32-hal-uart.c.o
Compiling .pio/build/esp32-s3-serial-fixed/FrameworkArduino/firmware_msc_fat.c.o
Compiling .pio/build/esp32-s3-serial-fixed/FrameworkArduino/libb64/cdecode.c.o
Compiling .pio/build/esp32-s3-serial-fixed/FrameworkArduino/libb64/cencode.c.o
Compiling .pio/build/esp32-s3-serial-fixed/FrameworkArduino/main.cpp.o
Compiling .pio/build/esp32-s3-serial-fixed/FrameworkArduino/stdlib_noniso.c.o
Compiling .pio/build/esp32-s3-serial-fixed/FrameworkArduino/wiring_pulse.c.o
Compiling .pio/build/esp32-s3-serial-fixed/FrameworkArduino/wiring_shift.c.o
Archiving .pio/build/esp32-s3-serial-fixed/libFrameworkArduino.a
Indexing .pio/build/esp32-s3-serial-fixed/libFrameworkArduino.a
Linking .pio/build/esp32-s3-serial-fixed/firmware.elf
Retrieving maximum program size .pio/build/esp32-s3-serial-fixed/firmware.elf
Checking size .pio/build/esp32-s3-serial-fixed/firmware.elf
Advanced Memory Usage is available via "PlatformIO Home > Project Inspect"
RAM:   [=         ]  10.2% (used 33424 bytes from 327680 bytes)
Flash: [=         ]   5.0% (used 327993 bytes from 6553600 bytes)
Building .pio/build/esp32-s3-serial-fixed/firmware.bin
esptool.py v4.9.0
Creating esp32s3 image...
Merged 2 ELF sections
Successfully created esp32s3 image.
========================= [SUCCESS] Took 12.05 seconds =========================

Processing esp32-s2-can (board: esp32-s2-saola-1; platform: espressif32; framework: arduino)
--------------------------------------------------------------------------------
Verbose mode can be enabled via `-v, --verbose` option
CONFIGURATION: https://docs.platformio.org/page/boards/espressif32/esp32-s2-saola-1.html
PLATFORM: Espressif 32 (6.12.0) > Espressif ESP32-S2-Saola-1
HARDWARE: ESP32S2 240MHz, 320KB RAM, 4MB Flash
DEBUG: Current (cmsis-dap) External (cmsis-dap, esp-bridge, esp-prog, iot-bus-jtag, jlink, minimodule, olimex-arm-usb-ocd, olimex-arm-usb-ocd-h, olimex-arm-usb-tiny-h, olimex-jtag-tiny, tumpa)
PACKAGES: 
 - framework-arduinoespressif32 @ 3.20017.241212+sha.dcc1105b 
 - tool-esptoolpy @ 2.40900.250804 (4.9.0) 
 - toolchain-riscv32-esp @ 8.4.0+2021r2-patch5 
 - toolchain-xtensa-esp32s2 @ 8.4.0+2021r2-patch5
LDF: Library Dependency Finder -> https://bit.ly/configure-pio-ldf
LDF Modes: Finder ~ chain, Compatibility ~ soft
Found 38 compatible libraries
Scanning dependencies...
Dependency Graph
|-- Adafruit TinyUSB Library @ 3.3.1
Building in release mode
Compiling .pio/build/esp32-s2-can/src/ffb_device_input.cpp.o
Compiling .pio/build/esp32-s2-can/src/ffb_force_calculator.cpp.o
Compiling .pio/build/esp32-s2-can/src/ffb_hal.cpp.o
Compiling .pio/build/esp32-s2-can/src/ffb_report_handler.cpp.o
Compiling .pio/build/esp32-s2-can/src/main.cpp.o
Building .pio/build/esp32-s2-can/bootloader.bin
Generating partitions .pio/build/esp32-s2-can/partitions.bin
Compiling .pio/build/esp32-s2-can/lib427/SPI/SPI.cpp.o
esptool.py v4.9.0
Creating esp32s2 image...
Merged 1 ELF section
Successfully created esp32s2 image.
Compiling .pio/build/esp32-s2-can/libf68/SdFat - Adafruit Fork/ExFatLib/ExFatDbg.cpp.o
Compiling .pio/build/esp32-s2-can/libf68/SdFat - Adafruit Fork/ExFatLib/ExFatFile.cpp.o
Compiling .pio/build/esp32-s2-can/libf68/SdFat - Adafruit Fork/ExFatLib/ExFatFilePrint.cpp.o
Compiling .pio/build/esp32-s2-can/libf68/SdFat - Adafruit Fork/ExFatLib/ExFatFileWrite.cpp.o
Compiling .pio/build/esp32-s2-can/libf68/SdFat - Adafruit Fork/ExFatLib/ExFatFormatter.cpp.o
Compiling .pio/build/esp32-s2-can/libf68/SdFat - Adafruit Fork/ExFatLib/ExFatName.cpp.o
Compiling .pio/build/esp32-s2-can/libf68/SdFat - Adafruit Fork/ExFatLib/ExFatPartition.cpp.o
Compiling .pio/build/esp32-s2-can/libf68/SdFat - Adafruit Fork/ExFatLib/ExFatVolume.cpp.o
Compiling .pio/build/esp32-s2-can/libf68/SdFat - Adafruit Fork/FatLib/FatDbg.cpp.o
Compiling .pio/build/esp32-s2-can/libf68/SdFat - Adafruit Fork/FatLib/FatFile.cpp.o
Compiling .pio/build/esp32-s2-can/libf68/SdFat - Adafruit Fork/FatLib/FatFileLFN.cpp.o
Archiving .pio/build/esp32-s2-can/lib427/libSPI.a
Indexing .pio/build/esp32-s2-can/lib427/libSPI.a
Compiling .pio/build/esp32-s2-can/libf68/SdFat - Adafruit Fork/FatLib/FatFilePrint.cpp.o
Compiling .pio/build/esp32-s2-can/libf68/SdFat - Adafruit Fork/FatLib/FatFileSFN.cpp.o
Compiling .pio/build/esp32-s2-can/libf68/SdFat - Adafruit Fork/FatLib/FatFormatter.cpp.o
Compiling .pio/build/esp32-s2-can/libf68/SdFat - Adafruit Fork/FatLib/FatName.cpp.o
Compiling .pio/build/esp32-s2-can/libf68/SdFat - Adafruit Fork/FatLib/FatPartition.cpp.o
Compiling .pio/build/esp32-s2-can/libf68/SdFat - Adafruit Fork/FatLib/FatVolume.cpp.o
Compiling .pio/build/esp32-s2-can/libf68/SdFat - Adafruit Fork/FreeStack.cpp.o
Compiling .pio/build/esp32-s2-can/libf68/SdFat - Adafruit Fork/FsLib/FsFile.cpp.o
Compiling .pio/build/esp32-s2-can/libf68/SdFat - Adafruit Fork/FsLib/FsNew.cpp.o
Compiling .pio/build/esp32-s2-can/libf68/SdFat - Adafruit Fork/FsLib/FsVolume.cpp.o
Compiling .pio/build/esp32-s2-can/libf68/SdFat - Adafruit Fork/MinimumSerial.cpp.o
Compiling .pio/build/esp32-s2-can/libf68/SdFat - Adafruit Fork/SdCard/Rp2040Sdio/PioSdioCard.cpp.o
Compiling .pio/build/esp32-s2-can/libf68/SdFat - Adafruit Fork/SdCard/SdCardInfo.cpp.o
Compiling .pio/build/esp32-s2-can/libf68/SdFat - Adafruit Fork/SdCard/SdSpiCard.cpp.o
Compiling .pio/build/esp32-s2-can/libf68/SdFat - Adafruit Fork/SdCard/TeensySdio/TeensySdio.cpp.o
Compiling .pio/build/esp32-s2-can/libf68/SdFat - Adafruit Fork/SpiDriver/SdSpiArtemis.cpp.o
Compiling .pio/build/esp32-s2-can/libf68/SdFat - Adafruit Fork/SpiDriver/SdSpiChipSelect.cpp.o
Compiling .pio/build/esp32-s2-can/libf68/SdFat - Adafruit Fork/SpiDriver/SdSpiDue.cpp.o
Compiling .pio/build/esp32-s2-can/libf68/SdFat - Adafruit Fork/SpiDriver/SdSpiParticle.cpp.o
Compiling .pio/build/esp32-s2-can/libf68/SdFat - Adafruit Fork/SpiDriver/SdSpiSTM32.cpp.o
Compiling .pio/build/esp32-s2-can/libf68/SdFat - Adafruit Fork/SpiDriver/SdSpiSTM32Core.cpp.o
Compiling .pio/build/esp32-s2-can/libf68/SdFat - Adafruit Fork/SpiDriver/SdSpiTeensy3.cpp.o
Compiling .pio/build/esp32-s2-can/libf68/SdFat - Adafruit Fork/common/FmtNumber.cpp.o
Compiling .pio/build/esp32-s2-can/libf68/SdFat - Adafruit Fork/common/FsCache.cpp.o
Compiling .pio/build/esp32-s2-can/libf68/SdFat - Adafruit Fork/common/FsDateTime.cpp.o
Compiling .pio/build/esp32-s2-can/libf68/SdFat - Adafruit Fork/common/FsName.cpp.o
Compiling .pio/build/esp32-s2-can/libf68/SdFat - Adafruit Fork/common/FsStructs.cpp.o
Compiling .pio/build/esp32-s2-can/libf68/SdFat - Adafruit Fork/common/FsUtf.cpp.o
Compiling .pio/build/esp32-s2-can/libf68/SdFat - Adafruit Fork/common/PrintBasic.cpp.o
Compiling .pio/build/esp32-s2-can/libf68/SdFat - Adafruit Fork/common/upcase.cpp.o
Compiling .pio/build/esp32-s2-can/libf68/SdFat - Adafruit Fork/iostream/StdioStream.cpp.o
Compiling .pio/build/esp32-s2-can/libf68/SdFat - Adafruit Fork/iostream/StreamBaseClass.cpp.o
Compiling .pio/build/esp32-s2-can/libf68/SdFat - Adafruit Fork/iostream/istream.cpp.o
Compiling .pio/build/esp32-s2-can/libf68/SdFat - Adafruit Fork/iostream/ostream.cpp.o
Compiling .pio/build/esp32-s2-can/libbac/Adafruit TinyUSB Library/arduino/Adafruit_TinyUSB_API.cpp.o
In file included from .pio/libdeps/esp32-s2-can/Adafruit TinyUSB Library/src/Adafruit_TinyUSB.h:30,
                 from .pio/libdeps/esp32-s2-can/Adafruit TinyUSB Library/src/arduino/Adafruit_TinyUSB_API.cpp:29:
.pio/libdeps/esp32-s2-can/Adafruit TinyUSB Library/src/arduino/ports/esp32/tusb_config_esp32.h:92: warning: "CFG_TUH_ENABLED" redefined
 #define CFG_TUH_ENABLED 1
 
In file included from .pio/libdeps/esp32-s2-can/Adafruit TinyUSB Library/src/arduino/Adafruit_TinyUSB_API.cpp:25:
.pio/libdeps/esp32-s2-can/Adafruit TinyUSB Library/src/tusb_option.h:283: note: this is the location of the previous definition
   #define CFG_TUH_ENABLED     (TUH_RHPORT_MODE & OPT_MODE_HOST)
 
In file included from .pio/libdeps/esp32-s2-can/Adafruit TinyUSB Library/src/Adafruit_TinyUSB.h:30,
                 from .pio/libdeps/esp32-s2-can/Adafruit TinyUSB Library/src/arduino/Adafruit_TinyUSB_API.cpp:29:
.pio/libdeps/esp32-s2-can/Adafruit TinyUSB Library/src/arduino/ports/esp32/tusb_config_esp32.h:93: warning: "CFG_TUH_MAX_SPEED" redefined
 #define CFG_TUH_MAX_SPEED OPT_MODE_FULL_SPEED
 
In file included from .pio/libdeps/esp32-s2-can/Adafruit TinyUSB Library/src/arduino/Adafruit_TinyUSB_API.cpp:25:
.pio/libdeps/esp32-s2-can/Adafruit TinyUSB Library/src/tusb_option.h:288: note: this is the location of the previous definition
   #define CFG_TUH_MAX_SPEED   (TUH_RHPORT_MODE & OPT_MODE_SPEED_MASK)
 
In file included from .pio/libdeps/esp32-s2-can/Adafruit TinyUSB Library/src/Adafruit_TinyUSB.h:30,
                 from .pio/libdeps/esp32-s2-can/Adafruit TinyUSB Library/src/arduino/Adafruit_TinyUSB_API.cpp:29:
.pio/libdeps/esp32-s2-can/Adafruit TinyUSB Library/src/arduino/ports/esp32/tusb_config_esp32.h:94: warning: "CFG_TUH_MAX3421" redefined
 #define CFG_TUH_MAX3421 1
 
In file included from .pio/libdeps/esp32-s2-can/Adafruit TinyUSB Library/src/arduino/Adafruit_TinyUSB_API.cpp:25:
.pio/libdeps/esp32-s2-can/Adafruit TinyUSB Library/src/tusb_option.h:556: note: this is the location of the previous definition
   #define CFG_TUH_MAX3421  0
 
In file included from .pio/libdeps/esp32-s2-can/Adafruit TinyUSB Library/src/Adafruit_TinyUSB.h:30,
                 from .pio/libdeps/esp32-s2-can/Adafruit TinyUSB Library/src/arduino/Adafruit_TinyUSB_API.cpp:29:
.pio/libdeps/esp32-s2-can/Adafruit TinyUSB Library/src/arduino/ports/esp32/tusb_config_esp32.h:104: warning: "CFG_TUH_HUB" redefined
 #define CFG_TUH_HUB 1
 
In file included from .pio/libdeps/esp32-s2-can/Adafruit TinyUSB Library/src/arduino/Adafruit_TinyUSB_API.cpp:25:
.pio/libdeps/esp32-s2-can/Adafruit TinyUSB Library/src/tusb_option.h:477: note: this is the location of the previous definition
   #define CFG_TUH_HUB    0
 
In file included from .pio/libdeps/esp32-s2-can/Adafruit TinyUSB Library/src/Adafruit_TinyUSB.h:30,
                 from .pio/libdeps/esp32-s2-can/Adafruit TinyUSB Library/src/arduino/Adafruit_TinyUSB_API.cpp:29:
.pio/libdeps/esp32-s2-can/Adafruit TinyUSB Library/src/arduino/ports/esp32/tusb_config_esp32.h:113: warning: "CFG_TUH_MSC" redefined
 #define CFG_TUH_MSC 1
 
In file included from .pio/libdeps/esp32-s2-can/Adafruit TinyUSB Library/src/arduino/Adafruit_TinyUSB_API.cpp:25:
.pio/libdeps/esp32-s2-can/Adafruit TinyUSB Library/src/tusb_option.h:534: note: this is the location of the previous definition
   #define CFG_TUH_MSC    0
 
In file included from .pio/libdeps/esp32-s2-can/Adafruit TinyUSB Library/src/Adafruit_TinyUSB.h:30,
                 from .pio/libdeps/esp32-s2-can/Adafruit TinyUSB Library/src/arduino/Adafruit_TinyUSB_API.cpp:29:
.pio/libdeps/esp32-s2-can/Adafruit TinyUSB Library/src/arduino/ports/esp32/tusb_config_esp32.h:117: warning: "CFG_TUH_HID" redefined
 #define CFG_TUH_HID (3 * CFG_TUH_DEVICE_MAX)
 
In file included from .pio/libdeps/esp32-s2-can/Adafruit TinyUSB Library/src/arduino/Adafruit_TinyUSB_API.cpp:25:
.pio/libdeps/esp32-s2-can/Adafruit TinyUSB Library/src/tusb_option.h:526: note: this is the location of the previous definition
   #define CFG_TUH_HID    0
 
In file included from .pio/libdeps/esp32-s2-can/Adafruit TinyUSB Library/src/Adafruit_TinyUSB.h:30,
                 from .pio/libdeps/esp32-s2-can/Adafruit TinyUSB Library/src/arduino/Adafruit_TinyUSB_API.cpp:29:
.pio/libdeps/esp32-s2-can/Adafruit TinyUSB Library/src/arduino/ports/esp32/tusb_config_esp32.h:121: warning: "CFG_TUH_CDC" redefined
 #define CFG_TUH_CDC 1
 
In file included from .pio/libdeps/esp32-s2-can/Adafruit TinyUSB Library/src/arduino/Adafruit_TinyUSB_API.cpp:25:
.pio/libdeps/esp32-s2-can/Adafruit TinyUSB Library/src/tusb_option.h:481: note: this is the location of the previous definition
   #define CFG_TUH_CDC    0
 
In file included from .pio/libdeps/esp32-s2-can/Adafruit TinyUSB Library/src/Adafruit_TinyUSB.h:30,
                 from .pio/libdeps/esp32-s2-can/Adafruit TinyUSB Library/src/arduino/Adafruit_TinyUSB_API.cpp:29:
.pio/libdeps/esp32-s2-can/Adafruit TinyUSB Library/src/arduino/ports/esp32/tusb_config_esp32.h:122: warning: "CFG_TUH_CDC_FTDI" redefined
 #define CFG_TUH_CDC_FTDI 1
 
In file included from .pio/libdeps/esp32-s2-can/Adafruit TinyUSB Library/src/arduino/Adafruit_TinyUSB_API.cpp:25:
.pio/libdeps/esp32-s2-can/Adafruit TinyUSB Library/src/tusb_option.h:486: note: this is the location of the previous definition
   #define CFG_TUH_CDC_FTDI 0
 
In file included from .pio/libdeps/esp32-s2-can/Adafruit TinyUSB Library/src/Adafruit_TinyUSB.h:30,
                 from .pio/libdeps/esp32-s2-can/Adafruit TinyUSB Library/src/arduino/Adafruit_TinyUSB_API.cpp:29:
.pio/libdeps/esp32-s2-can/Adafruit TinyUSB Library/src/arduino/ports/esp32/tusb_config_esp32.h:123: warning: "CFG_TUH_CDC_CP210X" redefined
 #define CFG_TUH_CDC_CP210X 1
 
In file included from .pio/libdeps/esp32-s2-can/Adafruit TinyUSB Library/src/arduino/Adafruit_TinyUSB_API.cpp:25:
.pio/libdeps/esp32-s2-can/Adafruit TinyUSB Library/src/tusb_option.h:499: note: this is the location of the previous definition
   #define CFG_TUH_CDC_CP210X 0
 
In file included from .pio/libdeps/esp32-s2-can/Adafruit TinyUSB Library/src/Adafruit_TinyUSB.h:30,
                 from .pio/libdeps/esp32-s2-can/Adafruit TinyUSB Library/src/arduino/Adafruit_TinyUSB_API.cpp:29:
.pio/libdeps/esp32-s2-can/Adafruit TinyUSB Library/src/arduino/ports/esp32/tusb_config_esp32.h:124: warning: "CFG_TUH_CDC_CH34X" redefined
 #define CFG_TUH_CDC_CH34X 1
 
In file included from .pio/libdeps/esp32-s2-can/Adafruit TinyUSB Library/src/arduino/Adafruit_TinyUSB_API.cpp:25:
.pio/libdeps/esp32-s2-can/Adafruit TinyUSB Library/src/tusb_option.h:510: note: this is the location of the previous definition
   #define CFG_TUH_CDC_CH34X 0
 
Compiling .pio/build/esp32-s2-can/libbac/Adafruit TinyUSB Library/arduino/Adafruit_USBD_CDC.cpp.o
Compiling .pio/build/esp32-s2-can/libbac/Adafruit TinyUSB Library/arduino/Adafruit_USBD_Device.cpp.o
Compiling .pio/build/esp32-s2-can/libbac/Adafruit TinyUSB Library/arduino/Adafruit_USBD_Interface.cpp.o
Compiling .pio/build/esp32-s2-can/libbac/Adafruit TinyUSB Library/arduino/Adafruit_USBH_Host.cpp.o
Compiling .pio/build/esp32-s2-can/libbac/Adafruit TinyUSB Library/arduino/cdc/Adafruit_USBH_CDC.cpp.o
Compiling .pio/build/esp32-s2-can/libbac/Adafruit TinyUSB Library/arduino/hid/Adafruit_USBD_HID.cpp.o
Compiling .pio/build/esp32-s2-can/libbac/Adafruit TinyUSB Library/arduino/midi/Adafruit_USBD_MIDI.cpp.o
Compiling .pio/build/esp32-s2-can/libbac/Adafruit TinyUSB Library/arduino/msc/Adafruit_USBD_MSC.cpp.o
Compiling .pio/build/esp32-s2-can/libbac/Adafruit TinyUSB Library/arduino/msc/Adafruit_USBH_MSC.cpp.o
Compiling .pio/build/esp32-s2-can/libbac/Adafruit TinyUSB Library/arduino/ports/ch32/Adafruit_TinyUSB_ch32.cpp.o
Compiling .pio/build/esp32-s2-can/libbac/Adafruit TinyUSB Library/arduino/ports/esp32/Adafruit_TinyUSB_esp32.cpp.o
Archiving .pio/build/esp32-s2-can/libf68/libSdFat - Adafruit Fork.a
Compiling .pio/build/esp32-s2-can/libbac/Adafruit TinyUSB Library/arduino/ports/nrf/Adafruit_TinyUSB_nrf.cpp.o
Compiling .pio/build/esp32-s2-can/libbac/Adafruit TinyUSB Library/arduino/ports/rp2040/Adafruit_TinyUSB_rp2040.cpp.o
Compiling .pio/build/esp32-s2-can/libbac/Adafruit TinyUSB Library/arduino/ports/samd/Adafruit_TinyUSB_samd.cpp.o
Compiling .pio/build/esp32-s2-can/libbac/Adafruit TinyUSB Library/arduino/video/Adafruit_USBD_Video.cpp.o
Indexing .pio/build/esp32-s2-can/libf68/libSdFat - Adafruit Fork.a
Compiling .pio/build/esp32-s2-can/libbac/Adafruit TinyUSB Library/arduino/webusb/Adafruit_USBD_WebUSB.cpp.o
Compiling .pio/build/esp32-s2-can/libbac/Adafruit TinyUSB Library/class/audio/audio_device.c.o
Compiling .pio/build/esp32-s2-can/libbac/Adafruit TinyUSB Library/class/bth/bth_device.c.o
Compiling .pio/build/esp32-s2-can/libbac/Adafruit TinyUSB Library/class/cdc/cdc_device.c.o
Compiling .pio/build/esp32-s2-can/libbac/Adafruit TinyUSB Library/class/cdc/cdc_host.c.o
Compiling .pio/build/esp32-s2-can/libbac/Adafruit TinyUSB Library/class/dfu/dfu_device.c.o
Compiling .pio/build/esp32-s2-can/libbac/Adafruit TinyUSB Library/class/dfu/dfu_rt_device.c.o
Compiling .pio/build/esp32-s2-can/libbac/Adafruit TinyUSB Library/class/hid/hid_device.c.o
Compiling .pio/build/esp32-s2-can/libbac/Adafruit TinyUSB Library/class/hid/hid_host.c.o
Compiling .pio/build/esp32-s2-can/libbac/Adafruit TinyUSB Library/class/midi/midi_device.c.o
Compiling .pio/build/esp32-s2-can/libbac/Adafruit TinyUSB Library/class/msc/msc_device.c.o
Compiling .pio/build/esp32-s2-can/libbac/Adafruit TinyUSB Library/class/msc/msc_host.c.o
Compiling .pio/build/esp32-s2-can/libbac/Adafruit TinyUSB Library/class/net/ecm_rndis_device.c.o
Compiling .pio/build/esp32-s2-can/libbac/Adafruit TinyUSB Library/class/net/ncm_device.c.o
Compiling .pio/build/esp32-s2-can/libbac/Adafruit TinyUSB Library/class/usbtmc/usbtmc_device.c.o
Compiling .pio/build/esp32-s2-can/libbac/Adafruit TinyUSB Library/class/vendor/vendor_device.c.o
Compiling .pio/build/esp32-s2-can/libbac/Adafruit TinyUSB Library/class/video/video_device.c.o
Compiling .pio/build/esp32-s2-can/libbac/Adafruit TinyUSB Library/common/tusb_fifo.c.o
Compiling .pio/build/esp32-s2-can/libbac/Adafruit TinyUSB Library/device/usbd.c.o
Compiling .pio/build/esp32-s2-can/libbac/Adafruit TinyUSB Library/device/usbd_control.c.o
Compiling .pio/build/esp32-s2-can/libbac/Adafruit TinyUSB Library/host/hub.c.o
Compiling .pio/build/esp32-s2-can/libbac/Adafruit TinyUSB Library/host/usbh.c.o
Compiling .pio/build/esp32-s2-can/libbac/Adafruit TinyUSB Library/portable/analog/max3421/hcd_max3421.c.o
Compiling .pio/build/esp32-s2-can/libbac/Adafruit TinyUSB Library/portable/microchip/samd/dcd_samd.c.o
Compiling .pio/build/esp32-s2-can/libbac/Adafruit TinyUSB Library/portable/nordic/nrf5x/dcd_nrf5x.c.o
Compiling .pio/build/esp32-s2-can/libbac/Adafruit TinyUSB Library/portable/raspberrypi/pio_usb/dcd_pio_usb.c.o
Compiling .pio/build/esp32-s2-can/libbac/Adafruit TinyUSB Library/portable/raspberrypi/pio_usb/hcd_pio_usb.c.o
Compiling .pio/build/esp32-s2-can/libbac/Adafruit TinyUSB Library/portable/raspberrypi/rp2040/dcd_rp2040.c.o
Compiling .pio/build/esp32-s2-can/libbac/Adafruit TinyUSB Library/portable/raspberrypi/rp2040/hcd_rp2040.c.o
Compiling .pio/build/esp32-s2-can/libbac/Adafruit TinyUSB Library/portable/raspberrypi/rp2040/rp2040_usb.c.o
Compiling .pio/build/esp32-s2-can/libbac/Adafruit TinyUSB Library/portable/st/stm32_fsdev/dcd_stm32_fsdev.c.o
Compiling .pio/build/esp32-s2-can/libbac/Adafruit TinyUSB Library/portable/synopsys/dwc2/dcd_dwc2.c.o
Compiling .pio/build/esp32-s2-can/libbac/Adafruit TinyUSB Library/portable/wch/dcd_ch32_usbfs.c.o
Compiling .pio/build/esp32-s2-can/libbac/Adafruit TinyUSB Library/portable/wch/dcd_ch32_usbhs.c.o
Compiling .pio/build/esp32-s2-can/libbac/Adafruit TinyUSB Library/tusb.c.o
Compiling .pio/build/esp32-s2-can/FrameworkArduino/Esp.cpp.o
Compiling .pio/build/esp32-s2-can/FrameworkArduino/FirmwareMSC.cpp.o
Compiling .pio/build/esp32-s2-can/FrameworkArduino/FunctionalInterrupt.cpp.o
Compiling .pio/build/esp32-s2-can/FrameworkArduino/HWCDC.cpp.o
Compiling .pio/build/esp32-s2-can/FrameworkArduino/HardwareSerial.cpp.o
Compiling .pio/build/esp32-s2-can/FrameworkArduino/IPAddress.cpp.o
Compiling .pio/build/esp32-s2-can/FrameworkArduino/IPv6Address.cpp.o
Compiling .pio/build/esp32-s2-can/FrameworkArduino/MD5Builder.cpp.o
Archiving .pio/build/esp32-s2-can/libbac/libAdafruit TinyUSB Library.a
Compiling .pio/build/esp32-s2-can/FrameworkArduino/Print.cpp.o
Compiling .pio/build/esp32-s2-can/FrameworkArduino/Stream.cpp.o
Compiling .pio/build/esp32-s2-can/FrameworkArduino/StreamString.cpp.o
Indexing .pio/build/esp32-s2-can/libbac/libAdafruit TinyUSB Library.a
Compiling .pio/build/esp32-s2-can/FrameworkArduino/Tone.cpp.o
Compiling .pio/build/esp32-s2-can/FrameworkArduino/USB.cpp.o
Compiling .pio/build/esp32-s2-can/FrameworkArduino/USBCDC.cpp.o
Compiling .pio/build/esp32-s2-can/FrameworkArduino/USBMSC.cpp.o
Compiling .pio/build/esp32-s2-can/FrameworkArduino/WMath.cpp.o
Compiling .pio/build/esp32-s2-can/FrameworkArduino/WString.cpp.o
Compiling .pio/build/esp32-s2-can/FrameworkArduino/base64.cpp.o
Compiling .pio/build/esp32-s2-can/FrameworkArduino/cbuf.cpp.o
Compiling .pio/build/esp32-s2-can/FrameworkArduino/esp32-hal-adc.c.o
Compiling .pio/build/esp32-s2-can/FrameworkArduino/esp32-hal-bt.c.o
Compiling .pio/build/esp32-s2-can/FrameworkArduino/esp32-hal-cpu.c.o
Compiling .pio/build/esp32-s2-can/FrameworkArduino/esp32-hal-dac.c.o
Compiling .pio/build/esp32-s2-can/FrameworkArduino/esp32-hal-gpio.c.o
Compiling .pio/build/esp32-s2-can/FrameworkArduino/esp32-hal-i2c-slave.c.o
Compiling .pio/build/esp32-s2-can/FrameworkArduino/esp32-hal-i2c.c.o
Compiling .pio/build/esp32-s2-can/FrameworkArduino/esp32-hal-ledc.c.o
Compiling .pio/build/esp32-s2-can/FrameworkArduino/esp32-hal-matrix.c.o
Compiling .pio/build/esp32-s2-can/FrameworkArduino/esp32-hal-misc.c.o
Compiling .pio/build/esp32-s2-can/FrameworkArduino/esp32-hal-psram.c.o
Compiling .pio/build/esp32-s2-can/FrameworkArduino/esp32-hal-rgb-led.c.o
Compiling .pio/build/esp32-s2-can/FrameworkArduino/esp32-hal-rmt.c.o
Compiling .pio/build/esp32-s2-can/FrameworkArduino/esp32-hal-sigmadelta.c.o
Compiling .pio/build/esp32-s2-can/FrameworkArduino/esp32-hal-spi.c.o
Compiling .pio/build/esp32-s2-can/FrameworkArduino/esp32-hal-time.c.o
Compiling .pio/build/esp32-s2-can/FrameworkArduino/esp32-hal-timer.c.o
Compiling .pio/build/esp32-s2-can/FrameworkArduino/esp32-hal-tinyusb.c.o
Compiling .pio/build/esp32-s2-can/FrameworkArduino/esp32-hal-touch.c.o
Compiling .pio/build/esp32-s2-can/FrameworkArduino/esp32-hal-uart.c.o
Compiling .pio/build/esp32-s2-can/FrameworkArduino/firmware_msc_fat.c.o
Compiling .pio/build/esp32-s2-can/FrameworkArduino/libb64/cdecode.c.o
Compiling .pio/build/esp32-s2-can/FrameworkArduino/libb64/cencode.c.o
Compiling .pio/build/esp32-s2-can/FrameworkArduino/main.cpp.o
Compiling .pio/build/esp32-s2-can/FrameworkArduino/stdlib_noniso.c.o
Compiling .pio/build/esp32-s2-can/FrameworkArduino/wiring_pulse.c.o
Compiling .pio/build/esp32-s2-can/FrameworkArduino/wiring_shift.c.o
Archiving .pio/build/esp32-s2-can/libFrameworkArduino.a
Indexing .pio/build/esp32-s2-can/libFrameworkArduino.a
Linking .pio/build/esp32-s2-can/firmware.elf
Retrieving maximum program size .pio/build/esp32-s2-can/firmware.elf
Checking size .pio/build/esp32-s2-can/firmware.elf
Advanced Memory Usage is available via "PlatformIO Home > Project Inspect"
RAM:   [=         ]   5.4% (used 17792 bytes from 327680 bytes)
Flash: [==        ]  20.7% (used 270870 bytes from 1310720 bytes)
Building .pio/build/esp32-s2-can/firmware.bin
esptool.py v4.9.0
Creating esp32s2 image...
Merged 2 ELF sections
Successfully created esp32s2 image.
========================= [SUCCESS] Took 10.28 seconds =========================

Processing esp32-s3-can (platform: espressif32; board: 4d_systems_esp32s3_gen4_r8n16; framework: arduino)
--------------------------------------------------------------------------------
Verbose mode can be enabled via `-v, --verbose` option
CONFIGURATION: https://docs.platformio.org/page/boards/espressif32/4d_systems_esp32s3_gen4_r8n16.html
PLATFORM: Espressif 32 (6.12.0) > 4D Systems GEN4-ESP32 16MB (ESP32S3-R8N16)
HARDWARE: ESP32S3 240MHz, 320KB RAM, 16MB Flash
DEBUG: Current (cmsis-dap) External (cmsis-dap, esp-bridge, esp-builtin, esp-prog, iot-bus-jtag, jlink, minimodule, olimex-arm-usb-ocd, olimex-arm-usb-ocd-h, olimex-arm-usb-tiny-h, olimex-jtag-tiny, tumpa)
PACKAGES: 
 - framework-arduinoespressif32 @ 3.20017.241212+sha.dcc1105b 
 - tool-esptoolpy @ 2.40900.250804 (4.9.0) 
 - toolchain-riscv32-esp @ 8.4.0+2021r2-patch5 
 - toolchain-xtensa-esp32s3 @ 8.4.0+2021r2-patch5
LDF: Library Dependency Finder -> https://bit.ly/configure-pio-ldf
LDF Modes: Finder ~ chain, Compatibility ~ soft
Found 38 compatible libraries
Scanning dependencies...
Dependency Graph
|-- Adafruit TinyUSB Library @ 3.3.1
Building in release mode
Compiling .pio/build/esp32-s3-can/src/ffb_device_input.cpp.o
Compiling .pio/build/esp32-s3-can/src/ffb_force_calculator.cpp.o
Compiling .pio/build/esp32-s3-can/src/ffb_hal.cpp.o
Compiling .pio/build/esp32-s3-can/src/ffb_report_handler.cpp.o
Compiling .pio/build/esp32-s3-can/src/main.cpp.o
Building .pio/build/esp32-s3-can/bootloader.bin
Generating partitions .pio/build/esp32-s3-can/partitions.bin
Compiling .pio/build/esp32-s3-can/lib427/SPI/SPI.cpp.o
esptool.py v4.9.0
Creating esp32s3 image...
Merged 1 ELF section
Successfully created esp32s3 image.
Compiling .pio/build/esp32-s3-can/libb32/SdFat - Adafruit Fork/ExFatLib/ExFatDbg.cpp.o
Compiling .pio/build/esp32-s3-can/libb32/SdFat - Adafruit Fork/ExFatLib/ExFatFile.cpp.o
Compiling .pio/build/esp32-s3-can/libb32/SdFat - Adafruit Fork/ExFatLib/ExFatFilePrint.cpp.o
Compiling .pio/build/esp32-s3-can/libb32/SdFat - Adafruit Fork/ExFatLib/ExFatFileWrite.cpp.o
Compiling .pio/build/esp32-s3-can/libb32/SdFat - Adafruit Fork/ExFatLib/ExFatFormatter.cpp.o
Compiling .pio/build/esp32-s3-can/libb32/SdFat - Adafruit Fork/ExFatLib/ExFatName.cpp.o
Compiling .pio/build/esp32-s3-can/libb32/SdFat - Adafruit Fork/ExFatLib/ExFatPartition.cpp.o
Compiling .pio/build/esp32-s3-can/libb32/SdFat - Adafruit Fork/ExFatLib/ExFatVolume.cpp.o
Compiling .pio/build/esp32-s3-can/libb32/SdFat - Adafruit Fork/FatLib/FatDbg.cpp.o
Compiling .pio/build/esp32-s3-can/libb32/SdFat - Adafruit Fork/FatLib/FatFile.cpp.o
In file included from src/constants.h:5,
                 from src/main.cpp:6:
src/config_board.h:32: warning: "USB_VID" redefined
 #define USB_VID 0xFFFF
 
In file included from /Users/sunwj/.platformio/packages/framework-arduinoespressif32/cores/esp32/esp32-hal-gpio.h:29,
                 from /Users/sunwj/.platformio/packages/framework-arduinoespressif32/cores/esp32/esp32-hal.h:83,
                 from /Users/sunwj/.platformio/packages/framework-arduinoespressif32/cores/esp32/Arduino.h:36,
                 from src/main.cpp:1:
/Users/sunwj/.platformio/packages/framework-arduinoespressif32/variants/esp32_s3r8n16/pins_arduino.h:6: note: this is the location of the previous definition
 #define USB_VID 0x303a
 
In file included from src/constants.h:5,
                 from src/main.cpp:6:
src/config_board.h:33: warning: "USB_PID" redefined
 #define USB_PID 0x2010
 
In file included from /Users/sunwj/.platformio/packages/framework-arduinoespressif32/cores/esp32/esp32-hal-gpio.h:29,
                 from /Users/sunwj/.platformio/packages/framework-arduinoespressif32/cores/esp32/esp32-hal.h:83,
                 from /Users/sunwj/.platformio/packages/framework-arduinoespressif32/cores/esp32/Arduino.h:36,
                 from src/main.cpp:1:
/Users/sunwj/.platformio/packages/framework-arduinoespressif32/variants/esp32_s3r8n16/pins_arduino.h:7: note: this is the location of the previous definition
 #define USB_PID 0x1001
 
In file included from src/constants.h:5,
                 from src/main.cpp:6:
src/config_board.h:34: warning: "USB_MANUFACTURER" redefined
 #define USB_MANUFACTURER "SunFFB"
 
In file included from /Users/sunwj/.platformio/packages/framework-arduinoespressif32/cores/esp32/esp32-hal-gpio.h:29,
                 from /Users/sunwj/.platformio/packages/framework-arduinoespressif32/cores/esp32/esp32-hal.h:83,
                 from /Users/sunwj/.platformio/packages/framework-arduinoespressif32/cores/esp32/Arduino.h:36,
                 from src/main.cpp:1:
/Users/sunwj/.platformio/packages/framework-arduinoespressif32/variants/esp32_s3r8n16/pins_arduino.h:8: note: this is the location of the previous definition
 #define USB_MANUFACTURER  "4D Systems Pty Ltd"
 
In file included from src/constants.h:5,
                 from src/main.cpp:6:
src/config_board.h:35: warning: "USB_PRODUCT" redefined
 #define USB_PRODUCT "Force feedback joystick"
 
In file included from /Users/sunwj/.platformio/packages/framework-arduinoespressif32/cores/esp32/esp32-hal-gpio.h:29,
                 from /Users/sunwj/.platformio/packages/framework-arduinoespressif32/cores/esp32/esp32-hal.h:83,
                 from /Users/sunwj/.platformio/packages/framework-arduinoespressif32/cores/esp32/Arduino.h:36,
                 from src/main.cpp:1:
/Users/sunwj/.platformio/packages/framework-arduinoespressif32/variants/esp32_s3r8n16/pins_arduino.h:9: note: this is the location of the previous definition
 #define USB_PRODUCT   "4D Systems gen4-ESP32 16MB Modules (ESP32-S3R8n16)"
 
Compiling .pio/build/esp32-s3-can/libb32/SdFat - Adafruit Fork/FatLib/FatFileLFN.cpp.o
Archiving .pio/build/esp32-s3-can/lib427/libSPI.a
Indexing .pio/build/esp32-s3-can/lib427/libSPI.a
Compiling .pio/build/esp32-s3-can/libb32/SdFat - Adafruit Fork/FatLib/FatFilePrint.cpp.o
Compiling .pio/build/esp32-s3-can/libb32/SdFat - Adafruit Fork/FatLib/FatFileSFN.cpp.o
Compiling .pio/build/esp32-s3-can/libb32/SdFat - Adafruit Fork/FatLib/FatFormatter.cpp.o
Compiling .pio/build/esp32-s3-can/libb32/SdFat - Adafruit Fork/FatLib/FatName.cpp.o
Compiling .pio/build/esp32-s3-can/libb32/SdFat - Adafruit Fork/FatLib/FatPartition.cpp.o
Compiling .pio/build/esp32-s3-can/libb32/SdFat - Adafruit Fork/FatLib/FatVolume.cpp.o
Compiling .pio/build/esp32-s3-can/libb32/SdFat - Adafruit Fork/FreeStack.cpp.o
Compiling .pio/build/esp32-s3-can/libb32/SdFat - Adafruit Fork/FsLib/FsFile.cpp.o
Compiling .pio/build/esp32-s3-can/libb32/SdFat - Adafruit Fork/FsLib/FsNew.cpp.o
Compiling .pio/build/esp32-s3-can/libb32/SdFat - Adafruit Fork/FsLib/FsVolume.cpp.o
Compiling .pio/build/esp32-s3-can/libb32/SdFat - Adafruit Fork/MinimumSerial.cpp.o
Compiling .pio/build/esp32-s3-can/libb32/SdFat - Adafruit Fork/SdCard/Rp2040Sdio/PioSdioCard.cpp.o
Compiling .pio/build/esp32-s3-can/libb32/SdFat - Adafruit Fork/SdCard/SdCardInfo.cpp.o
Compiling .pio/build/esp32-s3-can/libb32/SdFat - Adafruit Fork/SdCard/SdSpiCard.cpp.o
Compiling .pio/build/esp32-s3-can/libb32/SdFat - Adafruit Fork/SdCard/TeensySdio/TeensySdio.cpp.o
Compiling .pio/build/esp32-s3-can/libb32/SdFat - Adafruit Fork/SpiDriver/SdSpiArtemis.cpp.o
Compiling .pio/build/esp32-s3-can/libb32/SdFat - Adafruit Fork/SpiDriver/SdSpiChipSelect.cpp.o
Compiling .pio/build/esp32-s3-can/libb32/SdFat - Adafruit Fork/SpiDriver/SdSpiDue.cpp.o
Compiling .pio/build/esp32-s3-can/libb32/SdFat - Adafruit Fork/SpiDriver/SdSpiParticle.cpp.o
Compiling .pio/build/esp32-s3-can/libb32/SdFat - Adafruit Fork/SpiDriver/SdSpiSTM32.cpp.o
Compiling .pio/build/esp32-s3-can/libb32/SdFat - Adafruit Fork/SpiDriver/SdSpiSTM32Core.cpp.o
Compiling .pio/build/esp32-s3-can/libb32/SdFat - Adafruit Fork/SpiDriver/SdSpiTeensy3.cpp.o
Compiling .pio/build/esp32-s3-can/libb32/SdFat - Adafruit Fork/common/FmtNumber.cpp.o
Compiling .pio/build/esp32-s3-can/libb32/SdFat - Adafruit Fork/common/FsCache.cpp.o
Compiling .pio/build/esp32-s3-can/libb32/SdFat - Adafruit Fork/common/FsDateTime.cpp.o
Compiling .pio/build/esp32-s3-can/libb32/SdFat - Adafruit Fork/common/FsName.cpp.o
Compiling .pio/build/esp32-s3-can/libb32/SdFat - Adafruit Fork/common/FsStructs.cpp.o
Compiling .pio/build/esp32-s3-can/libb32/SdFat - Adafruit Fork/common/FsUtf.cpp.o
Compiling .pio/build/esp32-s3-can/libb32/SdFat - Adafruit Fork/common/PrintBasic.cpp.o
Compiling .pio/build/esp32-s3-can/libb32/SdFat - Adafruit Fork/common/upcase.cpp.o
Compiling .pio/build/esp32-s3-can/libb32/SdFat - Adafruit Fork/iostream/StdioStream.cpp.o
Compiling .pio/build/esp32-s3-can/libb32/SdFat - Adafruit Fork/iostream/StreamBaseClass.cpp.o
Compiling .pio/build/esp32-s3-can/libb32/SdFat - Adafruit Fork/iostream/istream.cpp.o
Compiling .pio/build/esp32-s3-can/libb32/SdFat - Adafruit Fork/iostream/ostream.cpp.o
Compiling .pio/build/esp32-s3-can/lib669/Adafruit TinyUSB Library/arduino/Adafruit_TinyUSB_API.cpp.o
In file included from .pio/libdeps/esp32-s3-can/Adafruit TinyUSB Library/src/Adafruit_TinyUSB.h:30,
                 from .pio/libdeps/esp32-s3-can/Adafruit TinyUSB Library/src/arduino/Adafruit_TinyUSB_API.cpp:29:
.pio/libdeps/esp32-s3-can/Adafruit TinyUSB Library/src/arduino/ports/esp32/tusb_config_esp32.h:92: warning: "CFG_TUH_ENABLED" redefined
 #define CFG_TUH_ENABLED 1
 
In file included from .pio/libdeps/esp32-s3-can/Adafruit TinyUSB Library/src/arduino/Adafruit_TinyUSB_API.cpp:25:
.pio/libdeps/esp32-s3-can/Adafruit TinyUSB Library/src/tusb_option.h:283: note: this is the location of the previous definition
   #define CFG_TUH_ENABLED     (TUH_RHPORT_MODE & OPT_MODE_HOST)
 
In file included from .pio/libdeps/esp32-s3-can/Adafruit TinyUSB Library/src/Adafruit_TinyUSB.h:30,
                 from .pio/libdeps/esp32-s3-can/Adafruit TinyUSB Library/src/arduino/Adafruit_TinyUSB_API.cpp:29:
.pio/libdeps/esp32-s3-can/Adafruit TinyUSB Library/src/arduino/ports/esp32/tusb_config_esp32.h:93: warning: "CFG_TUH_MAX_SPEED" redefined
 #define CFG_TUH_MAX_SPEED OPT_MODE_FULL_SPEED
 
In file included from .pio/libdeps/esp32-s3-can/Adafruit TinyUSB Library/src/arduino/Adafruit_TinyUSB_API.cpp:25:
.pio/libdeps/esp32-s3-can/Adafruit TinyUSB Library/src/tusb_option.h:288: note: this is the location of the previous definition
   #define CFG_TUH_MAX_SPEED   (TUH_RHPORT_MODE & OPT_MODE_SPEED_MASK)
 
In file included from .pio/libdeps/esp32-s3-can/Adafruit TinyUSB Library/src/Adafruit_TinyUSB.h:30,
                 from .pio/libdeps/esp32-s3-can/Adafruit TinyUSB Library/src/arduino/Adafruit_TinyUSB_API.cpp:29:
.pio/libdeps/esp32-s3-can/Adafruit TinyUSB Library/src/arduino/ports/esp32/tusb_config_esp32.h:94: warning: "CFG_TUH_MAX3421" redefined
 #define CFG_TUH_MAX3421 1
 
In file included from .pio/libdeps/esp32-s3-can/Adafruit TinyUSB Library/src/arduino/Adafruit_TinyUSB_API.cpp:25:
.pio/libdeps/esp32-s3-can/Adafruit TinyUSB Library/src/tusb_option.h:556: note: this is the location of the previous definition
   #define CFG_TUH_MAX3421  0
 
In file included from .pio/libdeps/esp32-s3-can/Adafruit TinyUSB Library/src/Adafruit_TinyUSB.h:30,
                 from .pio/libdeps/esp32-s3-can/Adafruit TinyUSB Library/src/arduino/Adafruit_TinyUSB_API.cpp:29:
.pio/libdeps/esp32-s3-can/Adafruit TinyUSB Library/src/arduino/ports/esp32/tusb_config_esp32.h:104: warning: "CFG_TUH_HUB" redefined
 #define CFG_TUH_HUB 1
 
In file included from .pio/libdeps/esp32-s3-can/Adafruit TinyUSB Library/src/arduino/Adafruit_TinyUSB_API.cpp:25:
.pio/libdeps/esp32-s3-can/Adafruit TinyUSB Library/src/tusb_option.h:477: note: this is the location of the previous definition
   #define CFG_TUH_HUB    0
 
In file included from .pio/libdeps/esp32-s3-can/Adafruit TinyUSB Library/src/Adafruit_TinyUSB.h:30,
                 from .pio/libdeps/esp32-s3-can/Adafruit TinyUSB Library/src/arduino/Adafruit_TinyUSB_API.cpp:29:
.pio/libdeps/esp32-s3-can/Adafruit TinyUSB Library/src/arduino/ports/esp32/tusb_config_esp32.h:113: warning: "CFG_TUH_MSC" redefined
 #define CFG_TUH_MSC 1
 
In file included from .pio/libdeps/esp32-s3-can/Adafruit TinyUSB Library/src/arduino/Adafruit_TinyUSB_API.cpp:25:
.pio/libdeps/esp32-s3-can/Adafruit TinyUSB Library/src/tusb_option.h:534: note: this is the location of the previous definition
   #define CFG_TUH_MSC    0
 
In file included from .pio/libdeps/esp32-s3-can/Adafruit TinyUSB Library/src/Adafruit_TinyUSB.h:30,
                 from .pio/libdeps/esp32-s3-can/Adafruit TinyUSB Library/src/arduino/Adafruit_TinyUSB_API.cpp:29:
.pio/libdeps/esp32-s3-can/Adafruit TinyUSB Library/src/arduino/ports/esp32/tusb_config_esp32.h:117: warning: "CFG_TUH_HID" redefined
 #define CFG_TUH_HID (3 * CFG_TUH_DEVICE_MAX)
 
In file included from .pio/libdeps/esp32-s3-can/Adafruit TinyUSB Library/src/arduino/Adafruit_TinyUSB_API.cpp:25:
.pio/libdeps/esp32-s3-can/Adafruit TinyUSB Library/src/tusb_option.h:526: note: this is the location of the previous definition
   #define CFG_TUH_HID    0
 
In file included from .pio/libdeps/esp32-s3-can/Adafruit TinyUSB Library/src/Adafruit_TinyUSB.h:30,
                 from .pio/libdeps/esp32-s3-can/Adafruit TinyUSB Library/src/arduino/Adafruit_TinyUSB_API.cpp:29:
.pio/libdeps/esp32-s3-can/Adafruit TinyUSB Library/src/arduino/ports/esp32/tusb_config_esp32.h:121: warning: "CFG_TUH_CDC" redefined
 #define CFG_TUH_CDC 1
 
In file included from .pio/libdeps/esp32-s3-can/Adafruit TinyUSB Library/src/arduino/Adafruit_TinyUSB_API.cpp:25:
.pio/libdeps/esp32-s3-can/Adafruit TinyUSB Library/src/tusb_option.h:481: note: this is the location of the previous definition
   #define CFG_TUH_CDC    0
 
In file included from .pio/libdeps/esp32-s3-can/Adafruit TinyUSB Library/src/Adafruit_TinyUSB.h:30,
                 from .pio/libdeps/esp32-s3-can/Adafruit TinyUSB Library/src/arduino/Adafruit_TinyUSB_API.cpp:29:
.pio/libdeps/esp32-s3-can/Adafruit TinyUSB Library/src/arduino/ports/esp32/tusb_config_esp32.h:122: warning: "CFG_TUH_CDC_FTDI" redefined
 #define CFG_TUH_CDC_FTDI 1
 
In file included from .pio/libdeps/esp32-s3-can/Adafruit TinyUSB Library/src/arduino/Adafruit_TinyUSB_API.cpp:25:
.pio/libdeps/esp32-s3-can/Adafruit TinyUSB Library/src/tusb_option.h:486: note: this is the location of the previous definition
   #define CFG_TUH_CDC_FTDI 0
 
In file included from .pio/libdeps/esp32-s3-can/Adafruit TinyUSB Library/src/Adafruit_TinyUSB.h:30,
                 from .pio/libdeps/esp32-s3-can/Adafruit TinyUSB Library/src/arduino/Adafruit_TinyUSB_API.cpp:29:
.pio/libdeps/esp32-s3-can/Adafruit TinyUSB Library/src/arduino/ports/esp32/tusb_config_esp32.h:123: warning: "CFG_TUH_CDC_CP210X" redefined
 #define CFG_TUH_CDC_CP210X 1
 
In file included from .pio/libdeps/esp32-s3-can/Adafruit TinyUSB Library/src/arduino/Adafruit_TinyUSB_API.cpp:25:
.pio/libdeps/esp32-s3-can/Adafruit TinyUSB Library/src/tusb_option.h:499: note: this is the location of the previous definition
   #define CFG_TUH_CDC_CP210X 0
 
In file included from .pio/libdeps/esp32-s3-can/Adafruit TinyUSB Library/src/Adafruit_TinyUSB.h:30,
                 from .pio/libdeps/esp32-s3-can/Adafruit TinyUSB Library/src/arduino/Adafruit_TinyUSB_API.cpp:29:
.pio/libdeps/esp32-s3-can/Adafruit TinyUSB Library/src/arduino/ports/esp32/tusb_config_esp32.h:124: warning: "CFG_TUH_CDC_CH34X" redefined
 #define CFG_TUH_CDC_CH34X 1
 
In file included from .pio/libdeps/esp32-s3-can/Adafruit TinyUSB Library/src/arduino/Adafruit_TinyUSB_API.cpp:25:
.pio/libdeps/esp32-s3-can/Adafruit TinyUSB Library/src/tusb_option.h:510: note: this is the location of the previous definition
   #define CFG_TUH_CDC_CH34X 0
 
Compiling .pio/build/esp32-s3-can/lib669/Adafruit TinyUSB Library/arduino/Adafruit_USBD_CDC.cpp.o
Compiling .pio/build/esp32-s3-can/lib669/Adafruit TinyUSB Library/arduino/Adafruit_USBD_Device.cpp.o
Compiling .pio/build/esp32-s3-can/lib669/Adafruit TinyUSB Library/arduino/Adafruit_USBD_Interface.cpp.o
Compiling .pio/build/esp32-s3-can/lib669/Adafruit TinyUSB Library/arduino/Adafruit_USBH_Host.cpp.o
Compiling .pio/build/esp32-s3-can/lib669/Adafruit TinyUSB Library/arduino/cdc/Adafruit_USBH_CDC.cpp.o
Compiling .pio/build/esp32-s3-can/lib669/Adafruit TinyUSB Library/arduino/hid/Adafruit_USBD_HID.cpp.o
Compiling .pio/build/esp32-s3-can/lib669/Adafruit TinyUSB Library/arduino/midi/Adafruit_USBD_MIDI.cpp.o
Compiling .pio/build/esp32-s3-can/lib669/Adafruit TinyUSB Library/arduino/msc/Adafruit_USBD_MSC.cpp.o
Compiling .pio/build/esp32-s3-can/lib669/Adafruit TinyUSB Library/arduino/msc/Adafruit_USBH_MSC.cpp.o
Compiling .pio/build/esp32-s3-can/lib669/Adafruit TinyUSB Library/arduino/ports/ch32/Adafruit_TinyUSB_ch32.cpp.o
Compiling .pio/build/esp32-s3-can/lib669/Adafruit TinyUSB Library/arduino/ports/esp32/Adafruit_TinyUSB_esp32.cpp.o
Compiling .pio/build/esp32-s3-can/lib669/Adafruit TinyUSB Library/arduino/ports/nrf/Adafruit_TinyUSB_nrf.cpp.o
Archiving .pio/build/esp32-s3-can/libb32/libSdFat - Adafruit Fork.a
Compiling .pio/build/esp32-s3-can/lib669/Adafruit TinyUSB Library/arduino/ports/rp2040/Adafruit_TinyUSB_rp2040.cpp.o
Compiling .pio/build/esp32-s3-can/lib669/Adafruit TinyUSB Library/arduino/ports/samd/Adafruit_TinyUSB_samd.cpp.o
Compiling .pio/build/esp32-s3-can/lib669/Adafruit TinyUSB Library/arduino/video/Adafruit_USBD_Video.cpp.o
Indexing .pio/build/esp32-s3-can/libb32/libSdFat - Adafruit Fork.a
Compiling .pio/build/esp32-s3-can/lib669/Adafruit TinyUSB Library/arduino/webusb/Adafruit_USBD_WebUSB.cpp.o
Compiling .pio/build/esp32-s3-can/lib669/Adafruit TinyUSB Library/class/audio/audio_device.c.o
Compiling .pio/build/esp32-s3-can/lib669/Adafruit TinyUSB Library/class/bth/bth_device.c.o
Compiling .pio/build/esp32-s3-can/lib669/Adafruit TinyUSB Library/class/cdc/cdc_device.c.o
Compiling .pio/build/esp32-s3-can/lib669/Adafruit TinyUSB Library/class/cdc/cdc_host.c.o
Compiling .pio/build/esp32-s3-can/lib669/Adafruit TinyUSB Library/class/dfu/dfu_device.c.o
Compiling .pio/build/esp32-s3-can/lib669/Adafruit TinyUSB Library/class/dfu/dfu_rt_device.c.o
Compiling .pio/build/esp32-s3-can/lib669/Adafruit TinyUSB Library/class/hid/hid_device.c.o
Compiling .pio/build/esp32-s3-can/lib669/Adafruit TinyUSB Library/class/hid/hid_host.c.o
Compiling .pio/build/esp32-s3-can/lib669/Adafruit TinyUSB Library/class/midi/midi_device.c.o
Compiling .pio/build/esp32-s3-can/lib669/Adafruit TinyUSB Library/class/msc/msc_device.c.o
Compiling .pio/build/esp32-s3-can/lib669/Adafruit TinyUSB Library/class/msc/msc_host.c.o
Compiling .pio/build/esp32-s3-can/lib669/Adafruit TinyUSB Library/class/net/ecm_rndis_device.c.o
Compiling .pio/build/esp32-s3-can/lib669/Adafruit TinyUSB Library/class/net/ncm_device.c.o
Compiling .pio/build/esp32-s3-can/lib669/Adafruit TinyUSB Library/class/usbtmc/usbtmc_device.c.o
Compiling .pio/build/esp32-s3-can/lib669/Adafruit TinyUSB Library/class/vendor/vendor_device.c.o
Compiling .pio/build/esp32-s3-can/lib669/Adafruit TinyUSB Library/class/video/video_device.c.o
Compiling .pio/build/esp32-s3-can/lib669/Adafruit TinyUSB Library/common/tusb_fifo.c.o
Compiling .pio/build/esp32-s3-can/lib669/Adafruit TinyUSB Library/device/usbd.c.o
Compiling .pio/build/esp32-s3-can/lib669/Adafruit TinyUSB Library/device/usbd_control.c.o
Compiling .pio/build/esp32-s3-can/lib669/Adafruit TinyUSB Library/host/hub.c.o
Compiling .pio/build/esp32-s3-can/lib669/Adafruit TinyUSB Library/host/usbh.c.o
Compiling .pio/build/esp32-s3-can/lib669/Adafruit TinyUSB Library/portable/analog/max3421/hcd_max3421.c.o
Compiling .pio/build/esp32-s3-can/lib669/Adafruit TinyUSB Library/portable/microchip/samd/dcd_samd.c.o
Compiling .pio/build/esp32-s3-can/lib669/Adafruit TinyUSB Library/portable/nordic/nrf5x/dcd_nrf5x.c.o
Compiling .pio/build/esp32-s3-can/lib669/Adafruit TinyUSB Library/portable/raspberrypi/pio_usb/dcd_pio_usb.c.o
Compiling .pio/build/esp32-s3-can/lib669/Adafruit TinyUSB Library/portable/raspberrypi/pio_usb/hcd_pio_usb.c.o
Compiling .pio/build/esp32-s3-can/lib669/Adafruit TinyUSB Library/portable/raspberrypi/rp2040/dcd_rp2040.c.o
Compiling .pio/build/esp32-s3-can/lib669/Adafruit TinyUSB Library/portable/raspberrypi/rp2040/hcd_rp2040.c.o
Compiling .pio/build/esp32-s3-can/lib669/Adafruit TinyUSB Library/portable/raspberrypi/rp2040/rp2040_usb.c.o
Compiling .pio/build/esp32-s3-can/lib669/Adafruit TinyUSB Library/portable/st/stm32_fsdev/dcd_stm32_fsdev.c.o
Compiling .pio/build/esp32-s3-can/lib669/Adafruit TinyUSB Library/portable/synopsys/dwc2/dcd_dwc2.c.o
Compiling .pio/build/esp32-s3-can/lib669/Adafruit TinyUSB Library/portable/wch/dcd_ch32_usbfs.c.o
Compiling .pio/build/esp32-s3-can/lib669/Adafruit TinyUSB Library/portable/wch/dcd_ch32_usbhs.c.o
Compiling .pio/build/esp32-s3-can/lib669/Adafruit TinyUSB Library/tusb.c.o
Compiling .pio/build/esp32-s3-can/FrameworkArduino/Esp.cpp.o
Compiling .pio/build/esp32-s3-can/FrameworkArduino/FirmwareMSC.cpp.o
Compiling .pio/build/esp32-s3-can/FrameworkArduino/FunctionalInterrupt.cpp.o
Compiling .pio/build/esp32-s3-can/FrameworkArduino/HWCDC.cpp.o
Compiling .pio/build/esp32-s3-can/FrameworkArduino/HardwareSerial.cpp.o
Compiling .pio/build/esp32-s3-can/FrameworkArduino/IPAddress.cpp.o
Compiling .pio/build/esp32-s3-can/FrameworkArduino/IPv6Address.cpp.o
Compiling .pio/build/esp32-s3-can/FrameworkArduino/MD5Builder.cpp.o
Compiling .pio/build/esp32-s3-can/FrameworkArduino/Print.cpp.o
Compiling .pio/build/esp32-s3-can/FrameworkArduino/Stream.cpp.o
Compiling .pio/build/esp32-s3-can/FrameworkArduino/StreamString.cpp.o
Archiving .pio/build/esp32-s3-can/lib669/libAdafruit TinyUSB Library.a
Indexing .pio/build/esp32-s3-can/lib669/libAdafruit TinyUSB Library.a
Compiling .pio/build/esp32-s3-can/FrameworkArduino/Tone.cpp.o
Compiling .pio/build/esp32-s3-can/FrameworkArduino/USB.cpp.o
Compiling .pio/build/esp32-s3-can/FrameworkArduino/USBCDC.cpp.o
Compiling .pio/build/esp32-s3-can/FrameworkArduino/USBMSC.cpp.o
Compiling .pio/build/esp32-s3-can/FrameworkArduino/WMath.cpp.o
Compiling .pio/build/esp32-s3-can/FrameworkArduino/WString.cpp.o
Compiling .pio/build/esp32-s3-can/FrameworkArduino/base64.cpp.o
Compiling .pio/build/esp32-s3-can/FrameworkArduino/cbuf.cpp.o
Compiling .pio/build/esp32-s3-can/FrameworkArduino/esp32-hal-adc.c.o
Compiling .pio/build/esp32-s3-can/FrameworkArduino/esp32-hal-bt.c.o
Compiling .pio/build/esp32-s3-can/FrameworkArduino/esp32-hal-cpu.c.o
Compiling .pio/build/esp32-s3-can/FrameworkArduino/esp32-hal-dac.c.o
Compiling .pio/build/esp32-s3-can/FrameworkArduino/esp32-hal-gpio.c.o
Compiling .pio/build/esp32-s3-can/FrameworkArduino/esp32-hal-i2c-slave.c.o
Compiling .pio/build/esp32-s3-can/FrameworkArduino/esp32-hal-i2c.c.o
Compiling .pio/build/esp32-s3-can/FrameworkArduino/esp32-hal-ledc.c.o
Compiling .pio/build/esp32-s3-can/FrameworkArduino/esp32-hal-matrix.c.o
Compiling .pio/build/esp32-s3-can/FrameworkArduino/esp32-hal-misc.c.o
Compiling .pio/build/esp32-s3-can/FrameworkArduino/esp32-hal-psram.c.o
Compiling .pio/build/esp32-s3-can/FrameworkArduino/esp32-hal-rgb-led.c.o
Compiling .pio/build/esp32-s3-can/FrameworkArduino/esp32-hal-rmt.c.o
Compiling .pio/build/esp32-s3-can/FrameworkArduino/esp32-hal-sigmadelta.c.o
Compiling .pio/build/esp32-s3-can/FrameworkArduino/esp32-hal-spi.c.o
Compiling .pio/build/esp32-s3-can/FrameworkArduino/esp32-hal-time.c.o
Compiling .pio/build/esp32-s3-can/FrameworkArduino/esp32-hal-timer.c.o
Compiling .pio/build/esp32-s3-can/FrameworkArduino/esp32-hal-tinyusb.c.o
Compiling .pio/build/esp32-s3-can/FrameworkArduino/esp32-hal-touch.c.o
Compiling .pio/build/esp32-s3-can/FrameworkArduino/esp32-hal-uart.c.o
Compiling .pio/build/esp32-s3-can/FrameworkArduino/firmware_msc_fat.c.o
Compiling .pio/build/esp32-s3-can/FrameworkArduino/libb64/cdecode.c.o
Compiling .pio/build/esp32-s3-can/FrameworkArduino/libb64/cencode.c.o
Compiling .pio/build/esp32-s3-can/FrameworkArduino/main.cpp.o
Compiling .pio/build/esp32-s3-can/FrameworkArduino/stdlib_noniso.c.o
Compiling .pio/build/esp32-s3-can/FrameworkArduino/wiring_pulse.c.o
Compiling .pio/build/esp32-s3-can/FrameworkArduino/wiring_shift.c.o
Archiving .pio/build/esp32-s3-can/libFrameworkArduino.a
Indexing .pio/build/esp32-s3-can/libFrameworkArduino.a
Linking .pio/build/esp32-s3-can/firmware.elf
Retrieving maximum program size .pio/build/esp32-s3-can/firmware.elf
Checking size .pio/build/esp32-s3-can/firmware.elf
Advanced Memory Usage is available via "PlatformIO Home > Project Inspect"
RAM:   [=         ]  10.0% (used 32896 bytes from 327680 bytes)
Flash: [          ]   4.7% (used 308473 bytes from 6553600 bytes)
Building .pio/build/esp32-s3-can/firmware.bin
esptool.py v4.9.0
Creating esp32s3 image...
Merged 2 ELF sections
Successfully created esp32s3 image.
========================= [SUCCESS] Took 11.54 seconds =========================

Processing esp32-s2-can-axis1 (board: esp32-s2-saola-1; platform: espressif32; framework: arduino)
--------------------------------------------------------------------------------
Verbose mode can be enabled via `-v, --verbose` option
CONFIGURATION: https://docs.platformio.org/page/boards/espressif32/esp32-s2-saola-1.html
PLATFORM: Espressif 32 (6.12.0) > Espressif ESP32-S2-Saola-1
HARDWARE: ESP32S2 240MHz, 320KB RAM, 4MB Flash
DEBUG: Current (cmsis-dap) External (cmsis-dap, esp-bridge, esp-prog, iot-bus-jtag, jlink, minimodule, olimex-arm-usb-ocd, olimex-arm-usb-ocd-h, olimex-arm-usb-tiny-h, olimex-jtag-tiny, tumpa)
PACKAGES: 
 - framework-arduinoespressif32 @ 3.20017.241212+sha.dcc1105b 
 - tool-esptoolpy @ 2.40900.250804 (4.9.0) 
 - toolchain-riscv32-esp @ 8.4.0+2021r2-patch5 
 - toolchain-xtensa-esp32s2 @ 8.4.0+2021r2-patch5
LDF: Library Dependency Finder -> https://bit.ly/configure-pio-ldf
LDF Modes: Finder ~ chain, Compatibility ~ soft
Found 38 compatible libraries
Scanning dependencies...
Dependency Graph
|-- Adafruit TinyUSB Library @ 3.3.1
Building in release mode
Compiling .pio/build/esp32-s2-can-axis1/src/ffb_device_input.cpp.o
Compiling .pio/build/esp32-s2-can-axis1/src/ffb_force_calculator.cpp.o
Compiling .pio/build/esp32-s2-can-axis1/src/ffb_hal.cpp.o
Compiling .pio/build/esp32-s2-can-axis1/src/ffb_report_handler.cpp.o
Compiling .pio/build/esp32-s2-can-axis1/src/main.cpp.o
Building .pio/build/esp32-s2-can-axis1/bootloader.bin
Generating partitions .pio/build/esp32-s2-can-axis1/partitions.bin
Compiling .pio/build/esp32-s2-can-axis1/lib427/SPI/SPI.cpp.o
esptool.py v4.9.0
Creating esp32s2 image...
Merged 1 ELF section
Successfully created esp32s2 image.
Compiling .pio/build/esp32-s2-can-axis1/libdb3/SdFat - Adafruit Fork/ExFatLib/ExFatDbg.cpp.o
Compiling .pio/build/esp32-s2-can-axis1/libdb3/SdFat - Adafruit Fork/ExFatLib/ExFatFile.cpp.o
Compiling .pio/build/esp32-s2-can-axis1/libdb3/SdFat - Adafruit Fork/ExFatLib/ExFatFilePrint.cpp.o
Compiling .pio/build/esp32-s2-can-axis1/libdb3/SdFat - Adafruit Fork/ExFatLib/ExFatFileWrite.cpp.o
Compiling .pio/build/esp32-s2-can-axis1/libdb3/SdFat - Adafruit Fork/ExFatLib/ExFatFormatter.cpp.o
Compiling .pio/build/esp32-s2-can-axis1/libdb3/SdFat - Adafruit Fork/ExFatLib/ExFatName.cpp.o
Compiling .pio/build/esp32-s2-can-axis1/libdb3/SdFat - Adafruit Fork/ExFatLib/ExFatPartition.cpp.o
Compiling .pio/build/esp32-s2-can-axis1/libdb3/SdFat - Adafruit Fork/ExFatLib/ExFatVolume.cpp.o
Compiling .pio/build/esp32-s2-can-axis1/libdb3/SdFat - Adafruit Fork/FatLib/FatDbg.cpp.o
Compiling .pio/build/esp32-s2-can-axis1/libdb3/SdFat - Adafruit Fork/FatLib/FatFile.cpp.o
Compiling .pio/build/esp32-s2-can-axis1/libdb3/SdFat - Adafruit Fork/FatLib/FatFileLFN.cpp.o
Archiving .pio/build/esp32-s2-can-axis1/lib427/libSPI.a
Indexing .pio/build/esp32-s2-can-axis1/lib427/libSPI.a
Compiling .pio/build/esp32-s2-can-axis1/libdb3/SdFat - Adafruit Fork/FatLib/FatFilePrint.cpp.o
Compiling .pio/build/esp32-s2-can-axis1/libdb3/SdFat - Adafruit Fork/FatLib/FatFileSFN.cpp.o
Compiling .pio/build/esp32-s2-can-axis1/libdb3/SdFat - Adafruit Fork/FatLib/FatFormatter.cpp.o
Compiling .pio/build/esp32-s2-can-axis1/libdb3/SdFat - Adafruit Fork/FatLib/FatName.cpp.o
Compiling .pio/build/esp32-s2-can-axis1/libdb3/SdFat - Adafruit Fork/FatLib/FatPartition.cpp.o
Compiling .pio/build/esp32-s2-can-axis1/libdb3/SdFat - Adafruit Fork/FatLib/FatVolume.cpp.o
Compiling .pio/build/esp32-s2-can-axis1/libdb3/SdFat - Adafruit Fork/FreeStack.cpp.o
Compiling .pio/build/esp32-s2-can-axis1/libdb3/SdFat - Adafruit Fork/FsLib/FsFile.cpp.o
Compiling .pio/build/esp32-s2-can-axis1/libdb3/SdFat - Adafruit Fork/FsLib/FsNew.cpp.o
Compiling .pio/build/esp32-s2-can-axis1/libdb3/SdFat - Adafruit Fork/FsLib/FsVolume.cpp.o
Compiling .pio/build/esp32-s2-can-axis1/libdb3/SdFat - Adafruit Fork/MinimumSerial.cpp.o
Compiling .pio/build/esp32-s2-can-axis1/libdb3/SdFat - Adafruit Fork/SdCard/Rp2040Sdio/PioSdioCard.cpp.o
Compiling .pio/build/esp32-s2-can-axis1/libdb3/SdFat - Adafruit Fork/SdCard/SdCardInfo.cpp.o
Compiling .pio/build/esp32-s2-can-axis1/libdb3/SdFat - Adafruit Fork/SdCard/SdSpiCard.cpp.o
Compiling .pio/build/esp32-s2-can-axis1/libdb3/SdFat - Adafruit Fork/SdCard/TeensySdio/TeensySdio.cpp.o
Compiling .pio/build/esp32-s2-can-axis1/libdb3/SdFat - Adafruit Fork/SpiDriver/SdSpiArtemis.cpp.o
Compiling .pio/build/esp32-s2-can-axis1/libdb3/SdFat - Adafruit Fork/SpiDriver/SdSpiChipSelect.cpp.o
Compiling .pio/build/esp32-s2-can-axis1/libdb3/SdFat - Adafruit Fork/SpiDriver/SdSpiDue.cpp.o
Compiling .pio/build/esp32-s2-can-axis1/libdb3/SdFat - Adafruit Fork/SpiDriver/SdSpiParticle.cpp.o
Compiling .pio/build/esp32-s2-can-axis1/libdb3/SdFat - Adafruit Fork/SpiDriver/SdSpiSTM32.cpp.o
Compiling .pio/build/esp32-s2-can-axis1/libdb3/SdFat - Adafruit Fork/SpiDriver/SdSpiSTM32Core.cpp.o
Compiling .pio/build/esp32-s2-can-axis1/libdb3/SdFat - Adafruit Fork/SpiDriver/SdSpiTeensy3.cpp.o
Compiling .pio/build/esp32-s2-can-axis1/libdb3/SdFat - Adafruit Fork/common/FmtNumber.cpp.o
Compiling .pio/build/esp32-s2-can-axis1/libdb3/SdFat - Adafruit Fork/common/FsCache.cpp.o
Compiling .pio/build/esp32-s2-can-axis1/libdb3/SdFat - Adafruit Fork/common/FsDateTime.cpp.o
Compiling .pio/build/esp32-s2-can-axis1/libdb3/SdFat - Adafruit Fork/common/FsName.cpp.o
Compiling .pio/build/esp32-s2-can-axis1/libdb3/SdFat - Adafruit Fork/common/FsStructs.cpp.o
Compiling .pio/build/esp32-s2-can-axis1/libdb3/SdFat - Adafruit Fork/common/FsUtf.cpp.o
Compiling .pio/build/esp32-s2-can-axis1/libdb3/SdFat - Adafruit Fork/common/PrintBasic.cpp.o
Compiling .pio/build/esp32-s2-can-axis1/libdb3/SdFat - Adafruit Fork/common/upcase.cpp.o
Compiling .pio/build/esp32-s2-can-axis1/libdb3/SdFat - Adafruit Fork/iostream/StdioStream.cpp.o
Compiling .pio/build/esp32-s2-can-axis1/libdb3/SdFat - Adafruit Fork/iostream/StreamBaseClass.cpp.o
Compiling .pio/build/esp32-s2-can-axis1/libdb3/SdFat - Adafruit Fork/iostream/istream.cpp.o
Compiling .pio/build/esp32-s2-can-axis1/libdb3/SdFat - Adafruit Fork/iostream/ostream.cpp.o
Compiling .pio/build/esp32-s2-can-axis1/lib6c7/Adafruit TinyUSB Library/arduino/Adafruit_TinyUSB_API.cpp.o
Compiling .pio/build/esp32-s2-can-axis1/lib6c7/Adafruit TinyUSB Library/arduino/Adafruit_USBD_CDC.cpp.o
Compiling .pio/build/esp32-s2-can-axis1/lib6c7/Adafruit TinyUSB Library/arduino/Adafruit_USBD_Device.cpp.o
In file included from .pio/libdeps/esp32-s2-can-axis1/Adafruit TinyUSB Library/src/Adafruit_TinyUSB.h:30,
                 from .pio/libdeps/esp32-s2-can-axis1/Adafruit TinyUSB Library/src/arduino/Adafruit_TinyUSB_API.cpp:29:
.pio/libdeps/esp32-s2-can-axis1/Adafruit TinyUSB Library/src/arduino/ports/esp32/tusb_config_esp32.h:92: warning: "CFG_TUH_ENABLED" redefined
 #define CFG_TUH_ENABLED 1
 
In file included from .pio/libdeps/esp32-s2-can-axis1/Adafruit TinyUSB Library/src/arduino/Adafruit_TinyUSB_API.cpp:25:
.pio/libdeps/esp32-s2-can-axis1/Adafruit TinyUSB Library/src/tusb_option.h:283: note: this is the location of the previous definition
   #define CFG_TUH_ENABLED     (TUH_RHPORT_MODE & OPT_MODE_HOST)
 
In file included from .pio/libdeps/esp32-s2-can-axis1/Adafruit TinyUSB Library/src/Adafruit_TinyUSB.h:30,
                 from .pio/libdeps/esp32-s2-can-axis1/Adafruit TinyUSB Library/src/arduino/Adafruit_TinyUSB_API.cpp:29:
.pio/libdeps/esp32-s2-can-axis1/Adafruit TinyUSB Library/src/arduino/ports/esp32/tusb_config_esp32.h:93: warning: "CFG_TUH_MAX_SPEED" redefined
 #define CFG_TUH_MAX_SPEED OPT_MODE_FULL_SPEED
 
In file included from .pio/libdeps/esp32-s2-can-axis1/Adafruit TinyUSB Library/src/arduino/Adafruit_TinyUSB_API.cpp:25:
.pio/libdeps/esp32-s2-can-axis1/Adafruit TinyUSB Library/src/tusb_option.h:288: note: this is the location of the previous definition
   #define CFG_TUH_MAX_SPEED   (TUH_RHPORT_MODE & OPT_MODE_SPEED_MASK)
 
In file included from .pio/libdeps/esp32-s2-can-axis1/Adafruit TinyUSB Library/src/Adafruit_TinyUSB.h:30,
                 from .pio/libdeps/esp32-s2-can-axis1/Adafruit TinyUSB Library/src/arduino/Adafruit_TinyUSB_API.cpp:29:
.pio/libdeps/esp32-s2-can-axis1/Adafruit TinyUSB Library/src/arduino/ports/esp32/tusb_config_esp32.h:94: warning: "CFG_TUH_MAX3421" redefined
 #define CFG_TUH_MAX3421 1
 
In file included from .pio/libdeps/esp32-s2-can-axis1/Adafruit TinyUSB Library/src/arduino/Adafruit_TinyUSB_API.cpp:25:
.pio/libdeps/esp32-s2-can-axis1/Adafruit TinyUSB Library/src/tusb_option.h:556: note: this is the location of the previous definition
   #define CFG_TUH_MAX3421  0
 
In file included from .pio/libdeps/esp32-s2-can-axis1/Adafruit TinyUSB Library/src/Adafruit_TinyUSB.h:30,
                 from .pio/libdeps/esp32-s2-can-axis1/Adafruit TinyUSB Library/src/arduino/Adafruit_TinyUSB_API.cpp:29:
.pio/libdeps/esp32-s2-can-axis1/Adafruit TinyUSB Library/src/arduino/ports/esp32/tusb_config_esp32.h:104: warning: "CFG_TUH_HUB" redefined
 #define CFG_TUH_HUB 1
 
In file included from .pio/libdeps/esp32-s2-can-axis1/Adafruit TinyUSB Library/src/arduino/Adafruit_TinyUSB_API.cpp:25:
.pio/libdeps/esp32-s2-can-axis1/Adafruit TinyUSB Library/src/tusb_option.h:477: note: this is the location of the previous definition
   #define CFG_TUH_HUB    0
 
In file included from .pio/libdeps/esp32-s2-can-axis1/Adafruit TinyUSB Library/src/Adafruit_TinyUSB.h:30,
                 from .pio/libdeps/esp32-s2-can-axis1/Adafruit TinyUSB Library/src/arduino/Adafruit_TinyUSB_API.cpp:29:
.pio/libdeps/esp32-s2-can-axis1/Adafruit TinyUSB Library/src/arduino/ports/esp32/tusb_config_esp32.h:113: warning: "CFG_TUH_MSC" redefined
 #define CFG_TUH_MSC 1
 
In file included from .pio/libdeps/esp32-s2-can-axis1/Adafruit TinyUSB Library/src/arduino/Adafruit_TinyUSB_API.cpp:25:
.pio/libdeps/esp32-s2-can-axis1/Adafruit TinyUSB Library/src/tusb_option.h:534: note: this is the location of the previous definition
   #define CFG_TUH_MSC    0
 
In file included from .pio/libdeps/esp32-s2-can-axis1/Adafruit TinyUSB Library/src/Adafruit_TinyUSB.h:30,
                 from .pio/libdeps/esp32-s2-can-axis1/Adafruit TinyUSB Library/src/arduino/Adafruit_TinyUSB_API.cpp:29:
.pio/libdeps/esp32-s2-can-axis1/Adafruit TinyUSB Library/src/arduino/ports/esp32/tusb_config_esp32.h:117: warning: "CFG_TUH_HID" redefined
 #define CFG_TUH_HID (3 * CFG_TUH_DEVICE_MAX)
 
In file included from .pio/libdeps/esp32-s2-can-axis1/Adafruit TinyUSB Library/src/arduino/Adafruit_TinyUSB_API.cpp:25:
.pio/libdeps/esp32-s2-can-axis1/Adafruit TinyUSB Library/src/tusb_option.h:526: note: this is the location of the previous definition
   #define CFG_TUH_HID    0
 
In file included from .pio/libdeps/esp32-s2-can-axis1/Adafruit TinyUSB Library/src/Adafruit_TinyUSB.h:30,
                 from .pio/libdeps/esp32-s2-can-axis1/Adafruit TinyUSB Library/src/arduino/Adafruit_TinyUSB_API.cpp:29:
.pio/libdeps/esp32-s2-can-axis1/Adafruit TinyUSB Library/src/arduino/ports/esp32/tusb_config_esp32.h:121: warning: "CFG_TUH_CDC" redefined
 #define CFG_TUH_CDC 1
 
In file included from .pio/libdeps/esp32-s2-can-axis1/Adafruit TinyUSB Library/src/arduino/Adafruit_TinyUSB_API.cpp:25:
.pio/libdeps/esp32-s2-can-axis1/Adafruit TinyUSB Library/src/tusb_option.h:481: note: this is the location of the previous definition
   #define CFG_TUH_CDC    0
 
In file included from .pio/libdeps/esp32-s2-can-axis1/Adafruit TinyUSB Library/src/Adafruit_TinyUSB.h:30,
                 from .pio/libdeps/esp32-s2-can-axis1/Adafruit TinyUSB Library/src/arduino/Adafruit_TinyUSB_API.cpp:29:
.pio/libdeps/esp32-s2-can-axis1/Adafruit TinyUSB Library/src/arduino/ports/esp32/tusb_config_esp32.h:122: warning: "CFG_TUH_CDC_FTDI" redefined
 #define CFG_TUH_CDC_FTDI 1
 
In file included from .pio/libdeps/esp32-s2-can-axis1/Adafruit TinyUSB Library/src/arduino/Adafruit_TinyUSB_API.cpp:25:
.pio/libdeps/esp32-s2-can-axis1/Adafruit TinyUSB Library/src/tusb_option.h:486: note: this is the location of the previous definition
   #define CFG_TUH_CDC_FTDI 0
 
In file included from .pio/libdeps/esp32-s2-can-axis1/Adafruit TinyUSB Library/src/Adafruit_TinyUSB.h:30,
                 from .pio/libdeps/esp32-s2-can-axis1/Adafruit TinyUSB Library/src/arduino/Adafruit_TinyUSB_API.cpp:29:
.pio/libdeps/esp32-s2-can-axis1/Adafruit TinyUSB Library/src/arduino/ports/esp32/tusb_config_esp32.h:123: warning: "CFG_TUH_CDC_CP210X" redefined
 #define CFG_TUH_CDC_CP210X 1
 
In file included from .pio/libdeps/esp32-s2-can-axis1/Adafruit TinyUSB Library/src/arduino/Adafruit_TinyUSB_API.cpp:25:
.pio/libdeps/esp32-s2-can-axis1/Adafruit TinyUSB Library/src/tusb_option.h:499: note: this is the location of the previous definition
   #define CFG_TUH_CDC_CP210X 0
 
In file included from .pio/libdeps/esp32-s2-can-axis1/Adafruit TinyUSB Library/src/Adafruit_TinyUSB.h:30,
                 from .pio/libdeps/esp32-s2-can-axis1/Adafruit TinyUSB Library/src/arduino/Adafruit_TinyUSB_API.cpp:29:
.pio/libdeps/esp32-s2-can-axis1/Adafruit TinyUSB Library/src/arduino/ports/esp32/tusb_config_esp32.h:124: warning: "CFG_TUH_CDC_CH34X" redefined
 #define CFG_TUH_CDC_CH34X 1
 
In file included from .pio/libdeps/esp32-s2-can-axis1/Adafruit TinyUSB Library/src/arduino/Adafruit_TinyUSB_API.cpp:25:
.pio/libdeps/esp32-s2-can-axis1/Adafruit TinyUSB Library/src/tusb_option.h:510: note: this is the location of the previous definition
   #define CFG_TUH_CDC_CH34X 0
 
Compiling .pio/build/esp32-s2-can-axis1/lib6c7/Adafruit TinyUSB Library/arduino/Adafruit_USBD_Interface.cpp.o
Compiling .pio/build/esp32-s2-can-axis1/lib6c7/Adafruit TinyUSB Library/arduino/Adafruit_USBH_Host.cpp.o
Compiling .pio/build/esp32-s2-can-axis1/lib6c7/Adafruit TinyUSB Library/arduino/cdc/Adafruit_USBH_CDC.cpp.o
Compiling .pio/build/esp32-s2-can-axis1/lib6c7/Adafruit TinyUSB Library/arduino/hid/Adafruit_USBD_HID.cpp.o
Compiling .pio/build/esp32-s2-can-axis1/lib6c7/Adafruit TinyUSB Library/arduino/midi/Adafruit_USBD_MIDI.cpp.o
Compiling .pio/build/esp32-s2-can-axis1/lib6c7/Adafruit TinyUSB Library/arduino/msc/Adafruit_USBD_MSC.cpp.o
Compiling .pio/build/esp32-s2-can-axis1/lib6c7/Adafruit TinyUSB Library/arduino/msc/Adafruit_USBH_MSC.cpp.o
Compiling .pio/build/esp32-s2-can-axis1/lib6c7/Adafruit TinyUSB Library/arduino/ports/ch32/Adafruit_TinyUSB_ch32.cpp.o
Compiling .pio/build/esp32-s2-can-axis1/lib6c7/Adafruit TinyUSB Library/arduino/ports/esp32/Adafruit_TinyUSB_esp32.cpp.o
Compiling .pio/build/esp32-s2-can-axis1/lib6c7/Adafruit TinyUSB Library/arduino/ports/nrf/Adafruit_TinyUSB_nrf.cpp.o
Compiling .pio/build/esp32-s2-can-axis1/lib6c7/Adafruit TinyUSB Library/arduino/ports/rp2040/Adafruit_TinyUSB_rp2040.cpp.o
Compiling .pio/build/esp32-s2-can-axis1/lib6c7/Adafruit TinyUSB Library/arduino/ports/samd/Adafruit_TinyUSB_samd.cpp.o
Compiling .pio/build/esp32-s2-can-axis1/lib6c7/Adafruit TinyUSB Library/arduino/video/Adafruit_USBD_Video.cpp.o
Compiling .pio/build/esp32-s2-can-axis1/lib6c7/Adafruit TinyUSB Library/arduino/webusb/Adafruit_USBD_WebUSB.cpp.o
Compiling .pio/build/esp32-s2-can-axis1/lib6c7/Adafruit TinyUSB Library/class/audio/audio_device.c.o
Compiling .pio/build/esp32-s2-can-axis1/lib6c7/Adafruit TinyUSB Library/class/bth/bth_device.c.o
Compiling .pio/build/esp32-s2-can-axis1/lib6c7/Adafruit TinyUSB Library/class/cdc/cdc_device.c.o
Compiling .pio/build/esp32-s2-can-axis1/lib6c7/Adafruit TinyUSB Library/class/cdc/cdc_host.c.o
Compiling .pio/build/esp32-s2-can-axis1/lib6c7/Adafruit TinyUSB Library/class/dfu/dfu_device.c.o
Archiving .pio/build/esp32-s2-can-axis1/libdb3/libSdFat - Adafruit Fork.a
Compiling .pio/build/esp32-s2-can-axis1/lib6c7/Adafruit TinyUSB Library/class/dfu/dfu_rt_device.c.o
Compiling .pio/build/esp32-s2-can-axis1/lib6c7/Adafruit TinyUSB Library/class/hid/hid_device.c.o
Compiling .pio/build/esp32-s2-can-axis1/lib6c7/Adafruit TinyUSB Library/class/hid/hid_host.c.o
Indexing .pio/build/esp32-s2-can-axis1/libdb3/libSdFat - Adafruit Fork.a
Compiling .pio/build/esp32-s2-can-axis1/lib6c7/Adafruit TinyUSB Library/class/midi/midi_device.c.o
Compiling .pio/build/esp32-s2-can-axis1/lib6c7/Adafruit TinyUSB Library/class/msc/msc_device.c.o
Compiling .pio/build/esp32-s2-can-axis1/lib6c7/Adafruit TinyUSB Library/class/msc/msc_host.c.o
Compiling .pio/build/esp32-s2-can-axis1/lib6c7/Adafruit TinyUSB Library/class/net/ecm_rndis_device.c.o
Compiling .pio/build/esp32-s2-can-axis1/lib6c7/Adafruit TinyUSB Library/class/net/ncm_device.c.o
Compiling .pio/build/esp32-s2-can-axis1/lib6c7/Adafruit TinyUSB Library/class/usbtmc/usbtmc_device.c.o
Compiling .pio/build/esp32-s2-can-axis1/lib6c7/Adafruit TinyUSB Library/class/vendor/vendor_device.c.o
Compiling .pio/build/esp32-s2-can-axis1/lib6c7/Adafruit TinyUSB Library/class/video/video_device.c.o
Compiling .pio/build/esp32-s2-can-axis1/lib6c7/Adafruit TinyUSB Library/common/tusb_fifo.c.o
Compiling .pio/build/esp32-s2-can-axis1/lib6c7/Adafruit TinyUSB Library/device/usbd.c.o
Compiling .pio/build/esp32-s2-can-axis1/lib6c7/Adafruit TinyUSB Library/device/usbd_control.c.o
Compiling .pio/build/esp32-s2-can-axis1/lib6c7/Adafruit TinyUSB Library/host/hub.c.o
Compiling .pio/build/esp32-s2-can-axis1/lib6c7/Adafruit TinyUSB Library/host/usbh.c.o
Compiling .pio/build/esp32-s2-can-axis1/lib6c7/Adafruit TinyUSB Library/portable/analog/max3421/hcd_max3421.c.o
Compiling .pio/build/esp32-s2-can-axis1/lib6c7/Adafruit TinyUSB Library/portable/microchip/samd/dcd_samd.c.o
Compiling .pio/build/esp32-s2-can-axis1/lib6c7/Adafruit TinyUSB Library/portable/nordic/nrf5x/dcd_nrf5x.c.o
Compiling .pio/build/esp32-s2-can-axis1/lib6c7/Adafruit TinyUSB Library/portable/raspberrypi/pio_usb/dcd_pio_usb.c.o
Compiling .pio/build/esp32-s2-can-axis1/lib6c7/Adafruit TinyUSB Library/portable/raspberrypi/pio_usb/hcd_pio_usb.c.o
Compiling .pio/build/esp32-s2-can-axis1/lib6c7/Adafruit TinyUSB Library/portable/raspberrypi/rp2040/dcd_rp2040.c.o
Compiling .pio/build/esp32-s2-can-axis1/lib6c7/Adafruit TinyUSB Library/portable/raspberrypi/rp2040/hcd_rp2040.c.o
Compiling .pio/build/esp32-s2-can-axis1/lib6c7/Adafruit TinyUSB Library/portable/raspberrypi/rp2040/rp2040_usb.c.o
Compiling .pio/build/esp32-s2-can-axis1/lib6c7/Adafruit TinyUSB Library/portable/st/stm32_fsdev/dcd_stm32_fsdev.c.o
Compiling .pio/build/esp32-s2-can-axis1/lib6c7/Adafruit TinyUSB Library/portable/synopsys/dwc2/dcd_dwc2.c.o
Compiling .pio/build/esp32-s2-can-axis1/lib6c7/Adafruit TinyUSB Library/portable/wch/dcd_ch32_usbfs.c.o
Compiling .pio/build/esp32-s2-can-axis1/lib6c7/Adafruit TinyUSB Library/portable/wch/dcd_ch32_usbhs.c.o
Compiling .pio/build/esp32-s2-can-axis1/lib6c7/Adafruit TinyUSB Library/tusb.c.o
Compiling .pio/build/esp32-s2-can-axis1/FrameworkArduino/Esp.cpp.o
Compiling .pio/build/esp32-s2-can-axis1/FrameworkArduino/FirmwareMSC.cpp.o
Compiling .pio/build/esp32-s2-can-axis1/FrameworkArduino/FunctionalInterrupt.cpp.o
Compiling .pio/build/esp32-s2-can-axis1/FrameworkArduino/HWCDC.cpp.o
Compiling .pio/build/esp32-s2-can-axis1/FrameworkArduino/HardwareSerial.cpp.o
Compiling .pio/build/esp32-s2-can-axis1/FrameworkArduino/IPAddress.cpp.o
Compiling .pio/build/esp32-s2-can-axis1/FrameworkArduino/IPv6Address.cpp.o
Compiling .pio/build/esp32-s2-can-axis1/FrameworkArduino/MD5Builder.cpp.o
Compiling .pio/build/esp32-s2-can-axis1/FrameworkArduino/Print.cpp.o
Archiving .pio/build/esp32-s2-can-axis1/lib6c7/libAdafruit TinyUSB Library.a
Compiling .pio/build/esp32-s2-can-axis1/FrameworkArduino/Stream.cpp.o
Compiling .pio/build/esp32-s2-can-axis1/FrameworkArduino/StreamString.cpp.o
Indexing .pio/build/esp32-s2-can-axis1/lib6c7/libAdafruit TinyUSB Library.a
Compiling .pio/build/esp32-s2-can-axis1/FrameworkArduino/Tone.cpp.o
Compiling .pio/build/esp32-s2-can-axis1/FrameworkArduino/USB.cpp.o
Compiling .pio/build/esp32-s2-can-axis1/FrameworkArduino/USBCDC.cpp.o
Compiling .pio/build/esp32-s2-can-axis1/FrameworkArduino/USBMSC.cpp.o
Compiling .pio/build/esp32-s2-can-axis1/FrameworkArduino/WMath.cpp.o
Compiling .pio/build/esp32-s2-can-axis1/FrameworkArduino/WString.cpp.o
Compiling .pio/build/esp32-s2-can-axis1/FrameworkArduino/base64.cpp.o
Compiling .pio/build/esp32-s2-can-axis1/FrameworkArduino/cbuf.cpp.o
Compiling .pio/build/esp32-s2-can-axis1/FrameworkArduino/esp32-hal-adc.c.o
Compiling .pio/build/esp32-s2-can-axis1/FrameworkArduino/esp32-hal-bt.c.o
Compiling .pio/build/esp32-s2-can-axis1/FrameworkArduino/esp32-hal-cpu.c.o
Compiling .pio/build/esp32-s2-can-axis1/FrameworkArduino/esp32-hal-dac.c.o
Compiling .pio/build/esp32-s2-can-axis1/FrameworkArduino/esp32-hal-gpio.c.o
Compiling .pio/build/esp32-s2-can-axis1/FrameworkArduino/esp32-hal-i2c-slave.c.o
Compiling .pio/build/esp32-s2-can-axis1/FrameworkArduino/esp32-hal-i2c.c.o
Compiling .pio/build/esp32-s2-can-axis1/FrameworkArduino/esp32-hal-ledc.c.o
Compiling .pio/build/esp32-s2-can-axis1/FrameworkArduino/esp32-hal-matrix.c.o
Compiling .pio/build/esp32-s2-can-axis1/FrameworkArduino/esp32-hal-misc.c.o
Compiling .pio/build/esp32-s2-can-axis1/FrameworkArduino/esp32-hal-psram.c.o
Compiling .pio/build/esp32-s2-can-axis1/FrameworkArduino/esp32-hal-rgb-led.c.o
Compiling .pio/build/esp32-s2-can-axis1/FrameworkArduino/esp32-hal-rmt.c.o
Compiling .pio/build/esp32-s2-can-axis1/FrameworkArduino/esp32-hal-sigmadelta.c.o
Compiling .pio/build/esp32-s2-can-axis1/FrameworkArduino/esp32-hal-spi.c.o
Compiling .pio/build/esp32-s2-can-axis1/FrameworkArduino/esp32-hal-time.c.o
Compiling .pio/build/esp32-s2-can-axis1/FrameworkArduino/esp32-hal-timer.c.o
Compiling .pio/build/esp32-s2-can-axis1/FrameworkArduino/esp32-hal-tinyusb.c.o
Compiling .pio/build/esp32-s2-can-axis1/FrameworkArduino/esp32-hal-touch.c.o
Compiling .pio/build/esp32-s2-can-axis1/FrameworkArduino/esp32-hal-uart.c.o
Compiling .pio/build/esp32-s2-can-axis1/FrameworkArduino/firmware_msc_fat.c.o
Compiling .pio/build/esp32-s2-can-axis1/FrameworkArduino/libb64/cdecode.c.o
Compiling .pio/build/esp32-s2-can-axis1/FrameworkArduino/libb64/cencode.c.o
Compiling .pio/build/esp32-s2-can-axis1/FrameworkArduino/main.cpp.o
Compiling .pio/build/esp32-s2-can-axis1/FrameworkArduino/stdlib_noniso.c.o
Compiling .pio/build/esp32-s2-can-axis1/FrameworkArduino/wiring_pulse.c.o
Compiling .pio/build/esp32-s2-can-axis1/FrameworkArduino/wiring_shift.c.o
Archiving .pio/build/esp32-s2-can-axis1/libFrameworkArduino.a
Indexing .pio/build/esp32-s2-can-axis1/libFrameworkArduino.a
Linking .pio/build/esp32-s2-can-axis1/firmware.elf
Retrieving maximum program size .pio/build/esp32-s2-can-axis1/firmware.elf
Checking size .pio/build/esp32-s2-can-axis1/firmware.elf
Advanced Memory Usage is available via "PlatformIO Home > Project Inspect"
RAM:   [=         ]   5.3% (used 17376 bytes from 327680 bytes)
Flash: [==        ]  20.6% (used 270046 bytes from 1310720 bytes)
Building .pio/build/esp32-s2-can-axis1/firmware.bin
esptool.py v4.9.0
Creating esp32s2 image...
Merged 2 ELF sections
Successfully created esp32s2 image.
========================= [SUCCESS] Took 10.49 seconds =========================

Processing esp32-s3-can-axis3 (platform: espressif32; board: 4d_systems_esp32s3_gen4_r8n16; framework: arduino)
--------------------------------------------------------------------------------
Verbose mode can be enabled via `-v, --verbose` option
CONFIGURATION: https://docs.platformio.org/page/boards/espressif32/4d_systems_esp32s3_gen4_r8n16.html
PLATFORM: Espressif 32 (6.12.0) > 4D Systems GEN4-ESP32 16MB (ESP32S3-R8N16)
HARDWARE: ESP32S3 240MHz, 320KB RAM, 16MB Flash
DEBUG: Current (cmsis-dap) External (cmsis-dap, esp-bridge, esp-builtin, esp-prog, iot-bus-jtag, jlink, minimodule, olimex-arm-usb-ocd, olimex-arm-usb-ocd-h, olimex-arm-usb-tiny-h, olimex-jtag-tiny, tumpa)
PACKAGES: 
 - framework-arduinoespressif32 @ 3.20017.241212+sha.dcc1105b 
 - tool-esptoolpy @ 2.40900.250804 (4.9.0) 
 - toolchain-riscv32-esp @ 8.4.0+2021r2-patch5 
 - toolchain-xtensa-esp32s3 @ 8.4.0+2021r2-patch5
LDF: Library Dependency Finder -> https://bit.ly/configure-pio-ldf
LDF Modes: Finder ~ chain, Compatibility ~ soft
Found 38 compatible libraries
Scanning dependencies...
Dependency Graph
|-- Adafruit TinyUSB Library @ 3.3.1
Building in release mode
Compiling .pio/build/esp32-s3-can-axis3/src/ffb_device_input.cpp.o
Compiling .pio/build/esp32-s3-can-axis3/src/ffb_force_calculator.cpp.o
Compiling .pio/build/esp32-s3-can-axis3/src/ffb_hal.cpp.o
Compiling .pio/build/esp32-s3-can-axis3/src/ffb_report_handler.cpp.o
Compiling .pio/build/esp32-s3-can-axis3/src/main.cpp.o
Building .pio/build/esp32-s3-can-axis3/bootloader.bin
Generating partitions .pio/build/esp32-s3-can-axis3/partitions.bin
Compiling .pio/build/esp32-s3-can-axis3/lib427/SPI/SPI.cpp.o
esptool.py v4.9.0
Creating esp32s3 image...
Merged 1 ELF section
Successfully created esp32s3 image.
Compiling .pio/build/esp32-s3-can-axis3/libdb1/SdFat - Adafruit Fork/ExFatLib/ExFatDbg.cpp.o
Compiling .pio/build/esp32-s3-can-axis3/libdb1/SdFat - Adafruit Fork/ExFatLib/ExFatFile.cpp.o
Compiling .pio/build/esp32-s3-can-axis3/libdb1/SdFat - Adafruit Fork/ExFatLib/ExFatFilePrint.cpp.o
Compiling .pio/build/esp32-s3-can-axis3/libdb1/SdFat - Adafruit Fork/ExFatLib/ExFatFileWrite.cpp.o
Compiling .pio/build/esp32-s3-can-axis3/libdb1/SdFat - Adafruit Fork/ExFatLib/ExFatFormatter.cpp.o
Compiling .pio/build/esp32-s3-can-axis3/libdb1/SdFat - Adafruit Fork/ExFatLib/ExFatName.cpp.o
Compiling .pio/build/esp32-s3-can-axis3/libdb1/SdFat - Adafruit Fork/ExFatLib/ExFatPartition.cpp.o
Compiling .pio/build/esp32-s3-can-axis3/libdb1/SdFat - Adafruit Fork/ExFatLib/ExFatVolume.cpp.o
Compiling .pio/build/esp32-s3-can-axis3/libdb1/SdFat - Adafruit Fork/FatLib/FatDbg.cpp.o
Compiling .pio/build/esp32-s3-can-axis3/libdb1/SdFat - Adafruit Fork/FatLib/FatFile.cpp.o
In file included from src/constants.h:5,
                 from src/main.cpp:6:
src/config_board.h:32: warning: "USB_VID" redefined
 #define USB_VID 0xFFFF
 
In file included from /Users/sunwj/.platformio/packages/framework-arduinoespressif32/cores/esp32/esp32-hal-gpio.h:29,
                 from /Users/sunwj/.platformio/packages/framework-arduinoespressif32/cores/esp32/esp32-hal.h:83,
                 from /Users/sunwj/.platformio/packages/framework-arduinoespressif32/cores/esp32/Arduino.h:36,
                 from src/main.cpp:1:
/Users/sunwj/.platformio/packages/framework-arduinoespressif32/variants/esp32_s3r8n16/pins_arduino.h:6: note: this is the location of the previous definition
 #define USB_VID 0x303a
 
In file included from src/constants.h:5,
                 from src/main.cpp:6:
src/config_board.h:33: warning: "USB_PID" redefined
 #define USB_PID 0x2010
 
In file included from /Users/sunwj/.platformio/packages/framework-arduinoespressif32/cores/esp32/esp32-hal-gpio.h:29,
                 from /Users/sunwj/.platformio/packages/framework-arduinoespressif32/cores/esp32/esp32-hal.h:83,
                 from /Users/sunwj/.platformio/packages/framework-arduinoespressif32/cores/esp32/Arduino.h:36,
                 from src/main.cpp:1:
/Users/sunwj/.platformio/packages/framework-arduinoespressif32/variants/esp32_s3r8n16/pins_arduino.h:7: note: this is the location of the previous definition
 #define USB_PID 0x1001
 
In file included from src/constants.h:5,
                 from src/main.cpp:6:
src/config_board.h:34: warning: "USB_MANUFACTURER" redefined
 #define USB_MANUFACTURER "SunFFB"
 
In file included from /Users/sunwj/.platformio/packages/framework-arduinoespressif32/cores/esp32/esp32-hal-gpio.h:29,
                 from /Users/sunwj/.platformio/packages/framework-arduinoespressif32/cores/esp32/esp32-hal.h:83,
                 from /Users/sunwj/.platformio/packages/framework-arduinoespressif32/cores/esp32/Arduino.h:36,
                 from src/main.cpp:1:
/Users/sunwj/.platformio/packages/framework-arduinoespressif32/variants/esp32_s3r8n16/pins_arduino.h:8: note: this is the location of the previous definition
 #define USB_MANUFACTURER  "4D Systems Pty Ltd"
 
In file included from src/constants.h:5,
                 from src/main.cpp:6:
src/config_board.h:35: warning: "USB_PRODUCT" redefined
 #define USB_PRODUCT "Force feedback joystick"
 
In file included from /Users/sunwj/.platformio/packages/framework-arduinoespressif32/cores/esp32/esp32-hal-gpio.h:29,
                 from /Users/sunwj/.platformio/packages/framework-arduinoespressif32/cores/esp32/esp32-hal.h:83,
                 from /Users/sunwj/.platformio/packages/framework-arduinoespressif32/cores/esp32/Arduino.h:36,
                 from src/main.cpp:1:
/Users/sunwj/.platformio/packages/framework-arduinoespressif32/variants/esp32_s3r8n16/pins_arduino.h:9: note: this is the location of the previous definition
 #define USB_PRODUCT   "4D Systems gen4-ESP32 16MB Modules (ESP32-S3R8n16)"
 
Compiling .pio/build/esp32-s3-can-axis3/libdb1/SdFat - Adafruit Fork/FatLib/FatFileLFN.cpp.o
Archiving .pio/build/esp32-s3-can-axis3/lib427/libSPI.a
Indexing .pio/build/esp32-s3-can-axis3/lib427/libSPI.a
Compiling .pio/build/esp32-s3-can-axis3/libdb1/SdFat - Adafruit Fork/FatLib/FatFilePrint.cpp.o
Compiling .pio/build/esp32-s3-can-axis3/libdb1/SdFat - Adafruit Fork/FatLib/FatFileSFN.cpp.o
Compiling .pio/build/esp32-s3-can-axis3/libdb1/SdFat - Adafruit Fork/FatLib/FatFormatter.cpp.o
Compiling .pio/build/esp32-s3-can-axis3/libdb1/SdFat - Adafruit Fork/FatLib/FatName.cpp.o
Compiling .pio/build/esp32-s3-can-axis3/libdb1/SdFat - Adafruit Fork/FatLib/FatPartition.cpp.o
Compiling .pio/build/esp32-s3-can-axis3/libdb1/SdFat - Adafruit Fork/FatLib/FatVolume.cpp.o
Compiling .pio/build/esp32-s3-can-axis3/libdb1/SdFat - Adafruit Fork/FreeStack.cpp.o
Compiling .pio/build/esp32-s3-can-axis3/libdb1/SdFat - Adafruit Fork/FsLib/FsFile.cpp.o
Compiling .pio/build/esp32-s3-can-axis3/libdb1/SdFat - Adafruit Fork/FsLib/FsNew.cpp.o
Compiling .pio/build/esp32-s3-can-axis3/libdb1/SdFat - Adafruit Fork/FsLib/FsVolume.cpp.o
Compiling .pio/build/esp32-s3-can-axis3/libdb1/SdFat - Adafruit Fork/MinimumSerial.cpp.o
Compiling .pio/build/esp32-s3-can-axis3/libdb1/SdFat - Adafruit Fork/SdCard/Rp2040Sdio/PioSdioCard.cpp.o
Compiling .pio/build/esp32-s3-can-axis3/libdb1/SdFat - Adafruit Fork/SdCard/SdCardInfo.cpp.o
Compiling .pio/build/esp32-s3-can-axis3/libdb1/SdFat - Adafruit Fork/SdCard/SdSpiCard.cpp.o
Compiling .pio/build/esp32-s3-can-axis3/libdb1/SdFat - Adafruit Fork/SdCard/TeensySdio/TeensySdio.cpp.o
Compiling .pio/build/esp32-s3-can-axis3/libdb1/SdFat - Adafruit Fork/SpiDriver/SdSpiArtemis.cpp.o
Compiling .pio/build/esp32-s3-can-axis3/libdb1/SdFat - Adafruit Fork/SpiDriver/SdSpiChipSelect.cpp.o
Compiling .pio/build/esp32-s3-can-axis3/libdb1/SdFat - Adafruit Fork/SpiDriver/SdSpiDue.cpp.o
Compiling .pio/build/esp32-s3-can-axis3/libdb1/SdFat - Adafruit Fork/SpiDriver/SdSpiParticle.cpp.o
Compiling .pio/build/esp32-s3-can-axis3/libdb1/SdFat - Adafruit Fork/SpiDriver/SdSpiSTM32.cpp.o
Compiling .pio/build/esp32-s3-can-axis3/libdb1/SdFat - Adafruit Fork/SpiDriver/SdSpiSTM32Core.cpp.o
Compiling .pio/build/esp32-s3-can-axis3/libdb1/SdFat - Adafruit Fork/SpiDriver/SdSpiTeensy3.cpp.o
Compiling .pio/build/esp32-s3-can-axis3/libdb1/SdFat - Adafruit Fork/common/FmtNumber.cpp.o
Compiling .pio/build/esp32-s3-can-axis3/libdb1/SdFat - Adafruit Fork/common/FsCache.cpp.o
Compiling .pio/build/esp32-s3-can-axis3/libdb1/SdFat - Adafruit Fork/common/FsDateTime.cpp.o
Compiling .pio/build/esp32-s3-can-axis3/libdb1/SdFat - Adafruit Fork/common/FsName.cpp.o
Compiling .pio/build/esp32-s3-can-axis3/libdb1/SdFat - Adafruit Fork/common/FsStructs.cpp.o
Compiling .pio/build/esp32-s3-can-axis3/libdb1/SdFat - Adafruit Fork/common/FsUtf.cpp.o
Compiling .pio/build/esp32-s3-can-axis3/libdb1/SdFat - Adafruit Fork/common/PrintBasic.cpp.o
Compiling .pio/build/esp32-s3-can-axis3/libdb1/SdFat - Adafruit Fork/common/upcase.cpp.o
Compiling .pio/build/esp32-s3-can-axis3/libdb1/SdFat - Adafruit Fork/iostream/StdioStream.cpp.o
Compiling .pio/build/esp32-s3-can-axis3/libdb1/SdFat - Adafruit Fork/iostream/StreamBaseClass.cpp.o
Compiling .pio/build/esp32-s3-can-axis3/libdb1/SdFat - Adafruit Fork/iostream/istream.cpp.o
Compiling .pio/build/esp32-s3-can-axis3/libdb1/SdFat - Adafruit Fork/iostream/ostream.cpp.o
Compiling .pio/build/esp32-s3-can-axis3/lib7d0/Adafruit TinyUSB Library/arduino/Adafruit_TinyUSB_API.cpp.o
In file included from .pio/libdeps/esp32-s3-can-axis3/Adafruit TinyUSB Library/src/Adafruit_TinyUSB.h:30,
                 from .pio/libdeps/esp32-s3-can-axis3/Adafruit TinyUSB Library/src/arduino/Adafruit_TinyUSB_API.cpp:29:
.pio/libdeps/esp32-s3-can-axis3/Adafruit TinyUSB Library/src/arduino/ports/esp32/tusb_config_esp32.h:92: warning: "CFG_TUH_ENABLED" redefined
 #define CFG_TUH_ENABLED 1
 
In file included from .pio/libdeps/esp32-s3-can-axis3/Adafruit TinyUSB Library/src/arduino/Adafruit_TinyUSB_API.cpp:25:
.pio/libdeps/esp32-s3-can-axis3/Adafruit TinyUSB Library/src/tusb_option.h:283: note: this is the location of the previous definition
   #define CFG_TUH_ENABLED     (TUH_RHPORT_MODE & OPT_MODE_HOST)
 
In file included from .pio/libdeps/esp32-s3-can-axis3/Adafruit TinyUSB Library/src/Adafruit_TinyUSB.h:30,
                 from .pio/libdeps/esp32-s3-can-axis3/Adafruit TinyUSB Library/src/arduino/Adafruit_TinyUSB_API.cpp:29:
.pio/libdeps/esp32-s3-can-axis3/Adafruit TinyUSB Library/src/arduino/ports/esp32/tusb_config_esp32.h:93: warning: "CFG_TUH_MAX_SPEED" redefined
 #define CFG_TUH_MAX_SPEED OPT_MODE_FULL_SPEED
 
In file included from .pio/libdeps/esp32-s3-can-axis3/Adafruit TinyUSB Library/src/arduino/Adafruit_TinyUSB_API.cpp:25:
.pio/libdeps/esp32-s3-can-axis3/Adafruit TinyUSB Library/src/tusb_option.h:288: note: this is the location of the previous definition
   #define CFG_TUH_MAX_SPEED   (TUH_RHPORT_MODE & OPT_MODE_SPEED_MASK)
 
In file included from .pio/libdeps/esp32-s3-can-axis3/Adafruit TinyUSB Library/src/Adafruit_TinyUSB.h:30,
                 from .pio/libdeps/esp32-s3-can-axis3/Adafruit TinyUSB Library/src/arduino/Adafruit_TinyUSB_API.cpp:29:
.pio/libdeps/esp32-s3-can-axis3/Adafruit TinyUSB Library/src/arduino/ports/esp32/tusb_config_esp32.h:94: warning: "CFG_TUH_MAX3421" redefined
 #define CFG_TUH_MAX3421 1
 
In file included from .pio/libdeps/esp32-s3-can-axis3/Adafruit TinyUSB Library/src/arduino/Adafruit_TinyUSB_API.cpp:25:
.pio/libdeps/esp32-s3-can-axis3/Adafruit TinyUSB Library/src/tusb_option.h:556: note: this is the location of the previous definition
   #define CFG_TUH_MAX3421  0
 
In file included from .pio/libdeps/esp32-s3-can-axis3/Adafruit TinyUSB Library/src/Adafruit_TinyUSB.h:30,
                 from .pio/libdeps/esp32-s3-can-axis3/Adafruit TinyUSB Library/src/arduino/Adafruit_TinyUSB_API.cpp:29:
.pio/libdeps/esp32-s3-can-axis3/Adafruit TinyUSB Library/src/arduino/ports/esp32/tusb_config_esp32.h:104: warning: "CFG_TUH_HUB" redefined
 #define CFG_TUH_HUB 1
 
In file included from .pio/libdeps/esp32-s3-can-axis3/Adafruit TinyUSB Library/src/arduino/Adafruit_TinyUSB_API.cpp:25:
.pio/libdeps/esp32-s3-can-axis3/Adafruit TinyUSB Library/src/tusb_option.h:477: note: this is the location of the previous definition
   #define CFG_TUH_HUB    0
 
In file included from .pio/libdeps/esp32-s3-can-axis3/Adafruit TinyUSB Library/src/Adafruit_TinyUSB.h:30,
                 from .pio/libdeps/esp32-s3-can-axis3/Adafruit TinyUSB Library/src/arduino/Adafruit_TinyUSB_API.cpp:29:
.pio/libdeps/esp32-s3-can-axis3/Adafruit TinyUSB Library/src/arduino/ports/esp32/tusb_config_esp32.h:113: warning: "CFG_TUH_MSC" redefined
 #define CFG_TUH_MSC 1
 
In file included from .pio/libdeps/esp32-s3-can-axis3/Adafruit TinyUSB Library/src/arduino/Adafruit_TinyUSB_API.cpp:25:
.pio/libdeps/esp32-s3-can-axis3/Adafruit TinyUSB Library/src/tusb_option.h:534: note: this is the location of the previous definition
   #define CFG_TUH_MSC    0
 
In file included from .pio/libdeps/esp32-s3-can-axis3/Adafruit TinyUSB Library/src/Adafruit_TinyUSB.h:30,
                 from .pio/libdeps/esp32-s3-can-axis3/Adafruit TinyUSB Library/src/arduino/Adafruit_TinyUSB_API.cpp:29:
.pio/libdeps/esp32-s3-can-axis3/Adafruit TinyUSB Library/src/arduino/ports/esp32/tusb_config_esp32.h:117: warning: "CFG_TUH_HID" redefined
 #define CFG_TUH_HID (3 * CFG_TUH_DEVICE_MAX)
 
In file included from .pio/libdeps/esp32-s3-can-axis3/Adafruit TinyUSB Library/src/arduino/Adafruit_TinyUSB_API.cpp:25:
.pio/libdeps/esp32-s3-can-axis3/Adafruit TinyUSB Library/src/tusb_option.h:526: note: this is the location of the previous definition
   #define CFG_TUH_HID    0
 
In file included from .pio/libdeps/esp32-s3-can-axis3/Adafruit TinyUSB Library/src/Adafruit_TinyUSB.h:30,
                 from .pio/libdeps/esp32-s3-can-axis3/Adafruit TinyUSB Library/src/arduino/Adafruit_TinyUSB_API.cpp:29:
.pio/libdeps/esp32-s3-can-axis3/Adafruit TinyUSB Library/src/arduino/ports/esp32/tusb_config_esp32.h:121: warning: "CFG_TUH_CDC" redefined
 #define CFG_TUH_CDC 1
 
In file included from .pio/libdeps/esp32-s3-can-axis3/Adafruit TinyUSB Library/src/arduino/Adafruit_TinyUSB_API.cpp:25:
.pio/libdeps/esp32-s3-can-axis3/Adafruit TinyUSB Library/src/tusb_option.h:481: note: this is the location of the previous definition
   #define CFG_TUH_CDC    0
 
In file included from .pio/libdeps/esp32-s3-can-axis3/Adafruit TinyUSB Library/src/Adafruit_TinyUSB.h:30,
                 from .pio/libdeps/esp32-s3-can-axis3/Adafruit TinyUSB Library/src/arduino/Adafruit_TinyUSB_API.cpp:29:
.pio/libdeps/esp32-s3-can-axis3/Adafruit TinyUSB Library/src/arduino/ports/esp32/tusb_config_esp32.h:122: warning: "CFG_TUH_CDC_FTDI" redefined
 #define CFG_TUH_CDC_FTDI 1
 
In file included from .pio/libdeps/esp32-s3-can-axis3/Adafruit TinyUSB Library/src/arduino/Adafruit_TinyUSB_API.cpp:25:
.pio/libdeps/esp32-s3-can-axis3/Adafruit TinyUSB Library/src/tusb_option.h:486: note: this is the location of the previous definition
   #define CFG_TUH_CDC_FTDI 0
 
In file included from .pio/libdeps/esp32-s3-can-axis3/Adafruit TinyUSB Library/src/Adafruit_TinyUSB.h:30,
                 from .pio/libdeps/esp32-s3-can-axis3/Adafruit TinyUSB Library/src/arduino/Adafruit_TinyUSB_API.cpp:29:
.pio/libdeps/esp32-s3-can-axis3/Adafruit TinyUSB Library/src/arduino/ports/esp32/tusb_config_esp32.h:123: warning: "CFG_TUH_CDC_CP210X" redefined
 #define CFG_TUH_CDC_CP210X 1
 
In file included from .pio/libdeps/esp32-s3-can-axis3/Adafruit TinyUSB Library/src/arduino/Adafruit_TinyUSB_API.cpp:25:
.pio/libdeps/esp32-s3-can-axis3/Adafruit TinyUSB Library/src/tusb_option.h:499: note: this is the location of the previous definition
   #define CFG_TUH_CDC_CP210X 0
 
In file included from .pio/libdeps/esp32-s3-can-axis3/Adafruit TinyUSB Library/src/Adafruit_TinyUSB.h:30,
                 from .pio/libdeps/esp32-s3-can-axis3/Adafruit TinyUSB Library/src/arduino/Adafruit_TinyUSB_API.cpp:29:
.pio/libdeps/esp32-s3-can-axis3/Adafruit TinyUSB Library/src/arduino/ports/esp32/tusb_config_esp32.h:124: warning: "CFG_TUH_CDC_CH34X" redefined
 #define CFG_TUH_CDC_CH34X 1
 
In file included from .pio/libdeps/esp32-s3-can-axis3/Adafruit TinyUSB Library/src/arduino/Adafruit_TinyUSB_API.cpp:25:
.pio/libdeps/esp32-s3-can-axis3/Adafruit TinyUSB Library/src/tusb_option.h:510: note: this is the location of the previous definition
   #define CFG_TUH_CDC_CH34X 0
 
Compiling .pio/build/esp32-s3-can-axis3/lib7d0/Adafruit TinyUSB Library/arduino/Adafruit_USBD_CDC.cpp.o
Compiling .pio/build/esp32-s3-can-axis3/lib7d0/Adafruit TinyUSB Library/arduino/Adafruit_USBD_Device.cpp.o
Compiling .pio/build/esp32-s3-can-axis3/lib7d0/Adafruit TinyUSB Library/arduino/Adafruit_USBD_Interface.cpp.o
Compiling .pio/build/esp32-s3-can-axis3/lib7d0/Adafruit TinyUSB Library/arduino/Adafruit_USBH_Host.cpp.o
Compiling .pio/build/esp32-s3-can-axis3/lib7d0/Adafruit TinyUSB Library/arduino/cdc/Adafruit_USBH_CDC.cpp.o
Compiling .pio/build/esp32-s3-can-axis3/lib7d0/Adafruit TinyUSB Library/arduino/hid/Adafruit_USBD_HID.cpp.o
Compiling .pio/build/esp32-s3-can-axis3/lib7d0/Adafruit TinyUSB Library/arduino/midi/Adafruit_USBD_MIDI.cpp.o
Compiling .pio/build/esp32-s3-can-axis3/lib7d0/Adafruit TinyUSB Library/arduino/msc/Adafruit_USBD_MSC.cpp.o
Compiling .pio/build/esp32-s3-can-axis3/lib7d0/Adafruit TinyUSB Library/arduino/msc/Adafruit_USBH_MSC.cpp.o
Compiling .pio/build/esp32-s3-can-axis3/lib7d0/Adafruit TinyUSB Library/arduino/ports/ch32/Adafruit_TinyUSB_ch32.cpp.o
Compiling .pio/build/esp32-s3-can-axis3/lib7d0/Adafruit TinyUSB Library/arduino/ports/esp32/Adafruit_TinyUSB_esp32.cpp.o
Compiling .pio/build/esp32-s3-can-axis3/lib7d0/Adafruit TinyUSB Library/arduino/ports/nrf/Adafruit_TinyUSB_nrf.cpp.o
Compiling .pio/build/esp32-s3-can-axis3/lib7d0/Adafruit TinyUSB Library/arduino/ports/rp2040/Adafruit_TinyUSB_rp2040.cpp.o
Archiving .pio/build/esp32-s3-can-axis3/libdb1/libSdFat - Adafruit Fork.a
Compiling .pio/build/esp32-s3-can-axis3/lib7d0/Adafruit TinyUSB Library/arduino/ports/samd/Adafruit_TinyUSB_samd.cpp.o
Compiling .pio/build/esp32-s3-can-axis3/lib7d0/Adafruit TinyUSB Library/arduino/video/Adafruit_USBD_Video.cpp.o
Compiling .pio/build/esp32-s3-can-axis3/lib7d0/Adafruit TinyUSB Library/arduino/webusb/Adafruit_USBD_WebUSB.cpp.o
Indexing .pio/build/esp32-s3-can-axis3/libdb1/libSdFat - Adafruit Fork.a
Compiling .pio/build/esp32-s3-can-axis3/lib7d0/Adafruit TinyUSB Library/class/audio/audio_device.c.o
Compiling .pio/build/esp32-s3-can-axis3/lib7d0/Adafruit TinyUSB Library/class/bth/bth_device.c.o
Compiling .pio/build/esp32-s3-can-axis3/lib7d0/Adafruit TinyUSB Library/class/cdc/cdc_device.c.o
Compiling .pio/build/esp32-s3-can-axis3/lib7d0/Adafruit TinyUSB Library/class/cdc/cdc_host.c.o
Compiling .pio/build/esp32-s3-can-axis3/lib7d0/Adafruit TinyUSB Library/class/dfu/dfu_device.c.o
Compiling .pio/build/esp32-s3-can-axis3/lib7d0/Adafruit TinyUSB Library/class/dfu/dfu_rt_device.c.o
Compiling .pio/build/esp32-s3-can-axis3/lib7d0/Adafruit TinyUSB Library/class/hid/hid_device.c.o
Compiling .pio/build/esp32-s3-can-axis3/lib7d0/Adafruit TinyUSB Library/class/hid/hid_host.c.o
Compiling .pio/build/esp32-s3-can-axis3/lib7d0/Adafruit TinyUSB Library/class/midi/midi_device.c.o
Compiling .pio/build/esp32-s3-can-axis3/lib7d0/Adafruit TinyUSB Library/class/msc/msc_device.c.o
Compiling .pio/build/esp32-s3-can-axis3/lib7d0/Adafruit TinyUSB Library/class/msc/msc_host.c.o
Compiling .pio/build/esp32-s3-can-axis3/lib7d0/Adafruit TinyUSB Library/class/net/ecm_rndis_device.c.o
Compiling .pio/build/esp32-s3-can-axis3/lib7d0/Adafruit TinyUSB Library/class/net/ncm_device.c.o
Compiling .pio/build/esp32-s3-can-axis3/lib7d0/Adafruit TinyUSB Library/class/usbtmc/usbtmc_device.c.o
Compiling .pio/build/esp32-s3-can-axis3/lib7d0/Adafruit TinyUSB Library/class/vendor/vendor_device.c.o
Compiling .pio/build/esp32-s3-can-axis3/lib7d0/Adafruit TinyUSB Library/class/video/video_device.c.o
Compiling .pio/build/esp32-s3-can-axis3/lib7d0/Adafruit TinyUSB Library/common/tusb_fifo.c.o
Compiling .pio/build/esp32-s3-can-axis3/lib7d0/Adafruit TinyUSB Library/device/usbd.c.o
Compiling .pio/build/esp32-s3-can-axis3/lib7d0/Adafruit TinyUSB Library/device/usbd_control.c.o
Compiling .pio/build/esp32-s3-can-axis3/lib7d0/Adafruit TinyUSB Library/host/hub.c.o
Compiling .pio/build/esp32-s3-can-axis3/lib7d0/Adafruit TinyUSB Library/host/usbh.c.o
Compiling .pio/build/esp32-s3-can-axis3/lib7d0/Adafruit TinyUSB Library/portable/analog/max3421/hcd_max3421.c.o
Compiling .pio/build/esp32-s3-can-axis3/lib7d0/Adafruit TinyUSB Library/portable/microchip/samd/dcd_samd.c.o
Compiling .pio/build/esp32-s3-can-axis3/lib7d0/Adafruit TinyUSB Library/portable/nordic/nrf5x/dcd_nrf5x.c.o
Compiling .pio/build/esp32-s3-can-axis3/lib7d0/Adafruit TinyUSB Library/portable/raspberrypi/pio_usb/dcd_pio_usb.c.o
Compiling .pio/build/esp32-s3-can-axis3/lib7d0/Adafruit TinyUSB Library/portable/raspberrypi/pio_usb/hcd_pio_usb.c.o
Compiling .pio/build/esp32-s3-can-axis3/lib7d0/Adafruit TinyUSB Library/portable/raspberrypi/rp2040/dcd_rp2040.c.o
Compiling .pio/build/esp32-s3-can-axis3/lib7d0/Adafruit TinyUSB Library/portable/raspberrypi/rp2040/hcd_rp2040.c.o
Compiling .pio/build/esp32-s3-can-axis3/lib7d0/Adafruit TinyUSB Library/portable/raspberrypi/rp2040/rp2040_usb.c.o
Compiling .pio/build/esp32-s3-can-axis3/lib7d0/Adafruit TinyUSB Library/portable/st/stm32_fsdev/dcd_stm32_fsdev.c.o
Compiling .pio/build/esp32-s3-can-axis3/lib7d0/Adafruit TinyUSB Library/portable/synopsys/dwc2/dcd_dwc2.c.o
Compiling .pio/build/esp32-s3-can-axis3/lib7d0/Adafruit TinyUSB Library/portable/wch/dcd_ch32_usbfs.c.o
Compiling .pio/build/esp32-s3-can-axis3/lib7d0/Adafruit TinyUSB Library/portable/wch/dcd_ch32_usbhs.c.o
Compiling .pio/build/esp32-s3-can-axis3/lib7d0/Adafruit TinyUSB Library/tusb.c.o
Compiling .pio/build/esp32-s3-can-axis3/FrameworkArduino/Esp.cpp.o
Compiling .pio/build/esp32-s3-can-axis3/FrameworkArduino/FirmwareMSC.cpp.o
Compiling .pio/build/esp32-s3-can-axis3/FrameworkArduino/FunctionalInterrupt.cpp.o
Compiling .pio/build/esp32-s3-can-axis3/FrameworkArduino/HWCDC.cpp.o
Compiling .pio/build/esp32-s3-can-axis3/FrameworkArduino/HardwareSerial.cpp.o
Compiling .pio/build/esp32-s3-can-axis3/FrameworkArduino/IPAddress.cpp.o
Compiling .pio/build/esp32-s3-can-axis3/FrameworkArduino/IPv6Address.cpp.o
Compiling .pio/build/esp32-s3-can-axis3/FrameworkArduino/MD5Builder.cpp.o
Archiving .pio/build/esp32-s3-can-axis3/lib7d0/libAdafruit TinyUSB Library.a
Compiling .pio/build/esp32-s3-can-axis3/FrameworkArduino/Print.cpp.o
Compiling .pio/build/esp32-s3-can-axis3/FrameworkArduino/Stream.cpp.o
Compiling .pio/build/esp32-s3-can-axis3/FrameworkArduino/StreamString.cpp.o
Indexing .pio/build/esp32-s3-can-axis3/lib7d0/libAdafruit TinyUSB Library.a
Compiling .pio/build/esp32-s3-can-axis3/FrameworkArduino/Tone.cpp.o
Compiling .pio/build/esp32-s3-can-axis3/FrameworkArduino/USB.cpp.o
Compiling .pio/build/esp32-s3-can-axis3/FrameworkArduino/USBCDC.cpp.o
Compiling .pio/build/esp32-s3-can-axis3/FrameworkArduino/USBMSC.cpp.o
Compiling .pio/build/esp32-s3-can-axis3/FrameworkArduino/WMath.cpp.o
Compiling .pio/build/esp32-s3-can-axis3/FrameworkArduino/WString.cpp.o
Compiling .pio/build/esp32-s3-can-axis3/FrameworkArduino/base64.cpp.o
Compiling .pio/build/esp32-s3-can-axis3/FrameworkArduino/cbuf.cpp.o
Compiling .pio/build/esp32-s3-can-axis3/FrameworkArduino/esp32-hal-adc.c.o
Compiling .pio/build/esp32-s3-can-axis3/FrameworkArduino/esp32-hal-bt.c.o
Compiling .pio/build/esp32-s3-can-axis3/FrameworkArduino/esp32-hal-cpu.c.o
Compiling .pio/build/esp32-s3-can-axis3/FrameworkArduino/esp32-hal-dac.c.o
Compiling .pio/build/esp32-s3-can-axis3/FrameworkArduino/esp32-hal-gpio.c.o
Compiling .pio/build/esp32-s3-can-axis3/FrameworkArduino/esp32-hal-i2c-slave.c.o
Compiling .pio/build/esp32-s3-can-axis3/FrameworkArduino/esp32-hal-i2c.c.o
Compiling .pio/build/esp32-s3-can-axis3/FrameworkArduino/esp32-hal-ledc.c.o
Compiling .pio/build/esp32-s3-can-axis3/FrameworkArduino/esp32-hal-matrix.c.o
Compiling .pio/build/esp32-s3-can-axis3/FrameworkArduino/esp32-hal-misc.c.o
Compiling .pio/build/esp32-s3-can-axis3/FrameworkArduino/esp32-hal-psram.c.o
Compiling .pio/build/esp32-s3-can-axis3/FrameworkArduino/esp32-hal-rgb-led.c.o
Compiling .pio/build/esp32-s3-can-axis3/FrameworkArduino/esp32-hal-rmt.c.o
Compiling .pio/build/esp32-s3-can-axis3/FrameworkArduino/esp32-hal-sigmadelta.c.o
Compiling .pio/build/esp32-s3-can-axis3/FrameworkArduino/esp32-hal-spi.c.o
Compiling .pio/build/esp32-s3-can-axis3/FrameworkArduino/esp32-hal-time.c.o
Compiling .pio/build/esp32-s3-can-axis3/FrameworkArduino/esp32-hal-timer.c.o
Compiling .pio/build/esp32-s3-can-axis3/FrameworkArduino/esp32-hal-tinyusb.c.o
Compiling .pio/build/esp32-s3-can-axis3/FrameworkArduino/esp32-hal-touch.c.o
Compiling .pio/build/esp32-s3-can-axis3/FrameworkArduino/esp32-hal-uart.c.o
Compiling .pio/build/esp32-s3-can-axis3/FrameworkArduino/firmware_msc_fat.c.o
Compiling .pio/build/esp32-s3-can-axis3/FrameworkArduino/libb64/cdecode.c.o
Compiling .pio/build/esp32-s3-can-axis3/FrameworkArduino/libb64/cencode.c.o
Compiling .pio/build/esp32-s3-can-axis3/FrameworkArduino/main.cpp.o
Compiling .pio/build/esp32-s3-can-axis3/FrameworkArduino/stdlib_noniso.c.o
Compiling .pio/build/esp32-s3-can-axis3/FrameworkArduino/wiring_pulse.c.o
Compiling .pio/build/esp32-s3-can-axis3/FrameworkArduino/wiring_shift.c.o
Archiving .pio/build/esp32-s3-can-axis3/libFrameworkArduino.a
Indexing .pio/build/esp32-s3-can-axis3/libFrameworkArduino.a
Linking .pio/build/esp32-s3-can-axis3/firmware.elf
Retrieving maximum program size .pio/build/esp32-s3-can-axis3/firmware.elf
Checking size .pio/build/esp32-s3-can-axis3/firmware.elf
Advanced Memory Usage is available via "PlatformIO Home > Project Inspect"
RAM:   [=         ]  10.2% (used 33304 bytes from 327680 bytes)
Flash: [          ]   4.7% (used 308521 bytes from 6553600 bytes)
Building .pio/build/esp32-s3-can-axis3/firmware.bin
esptool.py v4.9.0
Creating esp32s3 image...
Merged 2 ELF sections
Successfully created esp32s3 image.
========================= [SUCCESS] Took 10.48 seconds =========================

Processing esp32-s2-can-timing (board: esp32-s2-saola-1; platform: espressif32; framework: arduino)
--------------------------------------------------------------------------------
Verbose mode can be enabled via `-v, --verbose` option
CONFIGURATION: https://docs.platformio.org/page/boards/espressif32/esp32-s2-saola-1.html
PLATFORM: Espressif 32 (6.12.0) > Espressif ESP32-S2-Saola-1
HARDWARE: ESP32S2 240MHz, 320KB RAM, 4MB Flash
DEBUG: Current (cmsis-dap) External (cmsis-dap, esp-bridge, esp-prog, iot-bus-jtag, jlink, minimodule, olimex-arm-usb-ocd, olimex-arm-usb-ocd-h, olimex-arm-usb-tiny-h, olimex-jtag-tiny, tumpa)
PACKAGES: 
 - framework-arduinoespressif32 @ 3.20017.241212+sha.dcc1105b 
 - tool-esptoolpy @ 2.40900.250804 (4.9.0) 
 - toolchain-riscv32-esp @ 8.4.0+2021r2-patch5 
 - toolchain-xtensa-esp32s2 @ 8.4.0+2021r2-patch5
LDF: Library Dependency Finder -> https://bit.ly/configure-pio-ldf
LDF Modes: Finder ~ chain, Compatibility ~ soft
Found 38 compatible libraries
Scanning dependencies...
Dependency Graph
|-- Adafruit TinyUSB Library @ 3.3.1
Building in release mode
Compiling .pio/build/esp32-s2-can-timing/src/ffb_device_input.cpp.o
Compiling .pio/build/esp32-s2-can-timing/src/ffb_force_calculator.cpp.o
Compiling .pio/build/esp32-s2-can-timing/src/ffb_hal.cpp.o
Compiling .pio/build/esp32-s2-can-timing/src/ffb_report_handler.cpp.o
Compiling .pio/build/esp32-s2-can-timing/src/main.cpp.o
Building .pio/build/esp32-s2-can-timing/bootloader.bin
Generating partitions .pio/build/esp32-s2-can-timing/partitions.bin
Compiling .pio/build/esp32-s2-can-timing/lib427/SPI/SPI.cpp.o
esptool.py v4.9.0
Creating esp32s2 image...
Merged 1 ELF section
Successfully created esp32s2 image.
Compiling .pio/build/esp32-s2-can-timing/lib521/SdFat - Adafruit Fork/ExFatLib/ExFatDbg.cpp.o
Compiling .pio/build/esp32-s2-can-timing/lib521/SdFat - Adafruit Fork/ExFatLib/ExFatFile.cpp.o
Compiling .pio/build/esp32-s2-can-timing/lib521/SdFat - Adafruit Fork/ExFatLib/ExFatFilePrint.cpp.o
Compiling .pio/build/esp32-s2-can-timing/lib521/SdFat - Adafruit Fork/ExFatLib/ExFatFileWrite.cpp.o
Compiling .pio/build/esp32-s2-can-timing/lib521/SdFat - Adafruit Fork/ExFatLib/ExFatFormatter.cpp.o
Compiling .pio/build/esp32-s2-can-timing/lib521/SdFat - Adafruit Fork/ExFatLib/ExFatName.cpp.o
Compiling .pio/build/esp32-s2-can-timing/lib521/SdFat - Adafruit Fork/ExFatLib/ExFatPartition.cpp.o
Compiling .pio/build/esp32-s2-can-timing/lib521/SdFat - Adafruit Fork/ExFatLib/ExFatVolume.cpp.o
Compiling .pio/build/esp32-s2-can-timing/lib521/SdFat - Adafruit Fork/FatLib/FatDbg.cpp.o
Compiling .pio/build/esp32-s2-can-timing/lib521/SdFat - Adafruit Fork/FatLib/FatFile.cpp.o
Compiling .pio/build/esp32-s2-can-timing/lib521/SdFat - Adafruit Fork/FatLib/FatFileLFN.cpp.o
Archiving .pio/build/esp32-s2-can-timing/lib427/libSPI.a
Indexing .pio/build/esp32-s2-can-timing/lib427/libSPI.a
Compiling .pio/build/esp32-s2-can-timing/lib521/SdFat - Adafruit Fork/FatLib/FatFilePrint.cpp.o
Compiling .pio/build/esp32-s2-can-timing/lib521/SdFat - Adafruit Fork/FatLib/FatFileSFN.cpp.o
Compiling .pio/build/esp32-s2-can-timing/lib521/SdFat - Adafruit Fork/FatLib/FatFormatter.cpp.o
Compiling .pio/build/esp32-s2-can-timing/lib521/SdFat - Adafruit Fork/FatLib/FatName.cpp.o
Compiling .pio/build/esp32-s2-can-timing/lib521/SdFat - Adafruit Fork/FatLib/FatPartition.cpp.o
Compiling .pio/build/esp32-s2-can-timing/lib521/SdFat - Adafruit Fork/FatLib/FatVolume.cpp.o
Compiling .pio/build/esp32-s2-can-timing/lib521/SdFat - Adafruit Fork/FreeStack.cpp.o
Compiling .pio/build/esp32-s2-can-timing/lib521/SdFat - Adafruit Fork/FsLib/FsFile.cpp.o
Compiling .pio/build/esp32-s2-can-timing/lib521/SdFat - Adafruit Fork/FsLib/FsNew.cpp.o
Compiling .pio/build/esp32-s2-can-timing/lib521/SdFat - Adafruit Fork/FsLib/FsVolume.cpp.o
Compiling .pio/build/esp32-s2-can-timing/lib521/SdFat - Adafruit Fork/MinimumSerial.cpp.o
Compiling .pio/build/esp32-s2-can-timing/lib521/SdFat - Adafruit Fork/SdCard/Rp2040Sdio/PioSdioCard.cpp.o
Compiling .pio/build/esp32-s2-can-timing/lib521/SdFat - Adafruit Fork/SdCard/SdCardInfo.cpp.o
Compiling .pio/build/esp32-s2-can-timing/lib521/SdFat - Adafruit Fork/SdCard/SdSpiCard.cpp.o
Compiling .pio/build/esp32-s2-can-timing/lib521/SdFat - Adafruit Fork/SdCard/TeensySdio/TeensySdio.cpp.o
Compiling .pio/build/esp32-s2-can-timing/lib521/SdFat - Adafruit Fork/SpiDriver/SdSpiArtemis.cpp.o
Compiling .pio/build/esp32-s2-can-timing/lib521/SdFat - Adafruit Fork/SpiDriver/SdSpiChipSelect.cpp.o
Compiling .pio/build/esp32-s2-can-timing/lib521/SdFat - Adafruit Fork/SpiDriver/SdSpiDue.cpp.o
Compiling .pio/build/esp32-s2-can-timing/lib521/SdFat - Adafruit Fork/SpiDriver/SdSpiParticle.cpp.o
Compiling .pio/build/esp32-s2-can-timing/lib521/SdFat - Adafruit Fork/SpiDriver/SdSpiSTM32.cpp.o
Compiling .pio/build/esp32-s2-can-timing/lib521/SdFat - Adafruit Fork/SpiDriver/SdSpiSTM32Core.cpp.o
Compiling .pio/build/esp32-s2-can-timing/lib521/SdFat - Adafruit Fork/SpiDriver/SdSpiTeensy3.cpp.o
Compiling .pio/build/esp32-s2-can-timing/lib521/SdFat - Adafruit Fork/common/FmtNumber.cpp.o
Compiling .pio/build/esp32-s2-can-timing/lib521/SdFat - Adafruit Fork/common/FsCache.cpp.o
Compiling .pio/build/esp32-s2-can-timing/lib521/SdFat - Adafruit Fork/common/FsDateTime.cpp.o
Compiling .pio/build/esp32-s2-can-timing/lib521/SdFat - Adafruit Fork/common/FsName.cpp.o
Compiling .pio/build/esp32-s2-can-timing/lib521/SdFat - Adafruit Fork/common/FsStructs.cpp.o
Compiling .pio/build/esp32-s2-can-timing/lib521/SdFat - Adafruit Fork/common/FsUtf.cpp.o
Compiling .pio/build/esp32-s2-can-timing/lib521/SdFat - Adafruit Fork/common/PrintBasic.cpp.o
Compiling .pio/build/esp32-s2-can-timing/lib521/SdFat - Adafruit Fork/common/upcase.cpp.o
Compiling .pio/build/esp32-s2-can-timing/lib521/SdFat - Adafruit Fork/iostream/StdioStream.cpp.o
Compiling .pio/build/esp32-s2-can-timing/lib521/SdFat - Adafruit Fork/iostream/StreamBaseClass.cpp.o
Compiling .pio/build/esp32-s2-can-timing/lib521/SdFat - Adafruit Fork/iostream/istream.cpp.o
Compiling .pio/build/esp32-s2-can-timing/lib521/SdFat - Adafruit Fork/iostream/ostream.cpp.o
Compiling .pio/build/esp32-s2-can-timing/lib32a/Adafruit TinyUSB Library/arduino/Adafruit_TinyUSB_API.cpp.o
Compiling .pio/build/esp32-s2-can-timing/lib32a/Adafruit TinyUSB Library/arduino/Adafruit_USBD_CDC.cpp.o
In file included from .pio/libdeps/esp32-s2-can-timing/Adafruit TinyUSB Library/src/Adafruit_TinyUSB.h:30,
                 from .pio/libdeps/esp32-s2-can-timing/Adafruit TinyUSB Library/src/arduino/Adafruit_TinyUSB_API.cpp:29:
.pio/libdeps/esp32-s2-can-timing/Adafruit TinyUSB Library/src/arduino/ports/esp32/tusb_config_esp32.h:92: warning: "CFG_TUH_ENABLED" redefined
 #define CFG_TUH_ENABLED 1
 
In file included from .pio/libdeps/esp32-s2-can-timing/Adafruit TinyUSB Library/src/arduino/Adafruit_TinyUSB_API.cpp:25:
.pio/libdeps/esp32-s2-can-timing/Adafruit TinyUSB Library/src/tusb_option.h:283: note: this is the location of the previous definition
   #define CFG_TUH_ENABLED     (TUH_RHPORT_MODE & OPT_MODE_HOST)
 
In file included from .pio/libdeps/esp32-s2-can-timing/Adafruit TinyUSB Library/src/Adafruit_TinyUSB.h:30,
                 from .pio/libdeps/esp32-s2-can-timing/Adafruit TinyUSB Library/src/arduino/Adafruit_TinyUSB_API.cpp:29:
.pio/libdeps/esp32-s2-can-timing/Adafruit TinyUSB Library/src/arduino/ports/esp32/tusb_config_esp32.h:93: warning: "CFG_TUH_MAX_SPEED" redefined
 #define CFG_TUH_MAX_SPEED OPT_MODE_FULL_SPEED
 
In file included from .pio/libdeps/esp32-s2-can-timing/Adafruit TinyUSB Library/src/arduino/Adafruit_TinyUSB_API.cpp:25:
.pio/libdeps/esp32-s2-can-timing/Adafruit TinyUSB Library/src/tusb_option.h:288: note: this is the location of the previous definition
   #define CFG_TUH_MAX_SPEED   (TUH_RHPORT_MODE & OPT_MODE_SPEED_MASK)
 
In file included from .pio/libdeps/esp32-s2-can-timing/Adafruit TinyUSB Library/src/Adafruit_TinyUSB.h:30,
                 from .pio/libdeps/esp32-s2-can-timing/Adafruit TinyUSB Library/src/arduino/Adafruit_TinyUSB_API.cpp:29:
.pio/libdeps/esp32-s2-can-timing/Adafruit TinyUSB Library/src/arduino/ports/esp32/tusb_config_esp32.h:94: warning: "CFG_TUH_MAX3421" redefined
 #define CFG_TUH_MAX3421 1
 
In file included from .pio/libdeps/esp32-s2-can-timing/Adafruit TinyUSB Library/src/arduino/Adafruit_TinyUSB_API.cpp:25:
.pio/libdeps/esp32-s2-can-timing/Adafruit TinyUSB Library/src/tusb_option.h:556: note: this is the location of the previous definition
   #define CFG_TUH_MAX3421  0
 
In file included from .pio/libdeps/esp32-s2-can-timing/Adafruit TinyUSB Library/src/Adafruit_TinyUSB.h:30,
                 from .pio/libdeps/esp32-s2-can-timing/Adafruit TinyUSB Library/src/arduino/Adafruit_TinyUSB_API.cpp:29:
.pio/libdeps/esp32-s2-can-timing/Adafruit TinyUSB Library/src/arduino/ports/esp32/tusb_config_esp32.h:104: warning: "CFG_TUH_HUB" redefined
 #define CFG_TUH_HUB 1
 
In file included from .pio/libdeps/esp32-s2-can-timing/Adafruit TinyUSB Library/src/arduino/Adafruit_TinyUSB_API.cpp:25:
.pio/libdeps/esp32-s2-can-timing/Adafruit TinyUSB Library/src/tusb_option.h:477: note: this is the location of the previous definition
   #define CFG_TUH_HUB    0
 
In file included from .pio/libdeps/esp32-s2-can-timing/Adafruit TinyUSB Library/src/Adafruit_TinyUSB.h:30,
                 from .pio/libdeps/esp32-s2-can-timing/Adafruit TinyUSB Library/src/arduino/Adafruit_TinyUSB_API.cpp:29:
.pio/libdeps/esp32-s2-can-timing/Adafruit TinyUSB Library/src/arduino/ports/esp32/tusb_config_esp32.h:113: warning: "CFG_TUH_MSC" redefined
 #define CFG_TUH_MSC 1
 
In file included from .pio/libdeps/esp32-s2-can-timing/Adafruit TinyUSB Library/src/arduino/Adafruit_TinyUSB_API.cpp:25:
.pio/libdeps/esp32-s2-can-timing/Adafruit TinyUSB Library/src/tusb_option.h:534: note: this is the location of the previous definition
   #define CFG_TUH_MSC    0
 
In file included from .pio/libdeps/esp32-s2-can-timing/Adafruit TinyUSB Library/src/Adafruit_TinyUSB.h:30,
                 from .pio/libdeps/esp32-s2-can-timing/Adafruit TinyUSB Library/src/arduino/Adafruit_TinyUSB_API.cpp:29:
.pio/libdeps/esp32-s2-can-timing/Adafruit TinyUSB Library/src/arduino/ports/esp32/tusb_config_esp32.h:117: warning: "CFG_TUH_HID" redefined
 #define CFG_TUH_HID (3 * CFG_TUH_DEVICE_MAX)
 
In file included from .pio/libdeps/esp32-s2-can-timing/Adafruit TinyUSB Library/src/arduino/Adafruit_TinyUSB_API.cpp:25:
.pio/libdeps/esp32-s2-can-timing/Adafruit TinyUSB Library/src/tusb_option.h:526: note: this is the location of the previous definition
   #define CFG_TUH_HID    0
 
In file included from .pio/libdeps/esp32-s2-can-timing/Adafruit TinyUSB Library/src/Adafruit_TinyUSB.h:30,
                 from .pio/libdeps/esp32-s2-can-timing/Adafruit TinyUSB Library/src/arduino/Adafruit_TinyUSB_API.cpp:29:
.pio/libdeps/esp32-s2-can-timing/Adafruit TinyUSB Library/src/arduino/ports/esp32/tusb_config_esp32.h:121: warning: "CFG_TUH_CDC" redefined
 #define CFG_TUH_CDC 1
 
In file included from .pio/libdeps/esp32-s2-can-timing/Adafruit TinyUSB Library/src/arduino/Adafruit_TinyUSB_API.cpp:25:
.pio/libdeps/esp32-s2-can-timing/Adafruit TinyUSB Library/src/tusb_option.h:481: note: this is the location of the previous definition
   #define CFG_TUH_CDC    0
 
In file included from .pio/libdeps/esp32-s2-can-timing/Adafruit TinyUSB Library/src/Adafruit_TinyUSB.h:30,
                 from .pio/libdeps/esp32-s2-can-timing/Adafruit TinyUSB Library/src/arduino/Adafruit_TinyUSB_API.cpp:29:
.pio/libdeps/esp32-s2-can-timing/Adafruit TinyUSB Library/src/arduino/ports/esp32/tusb_config_esp32.h:122: warning: "CFG_TUH_CDC_FTDI" redefined
 #define CFG_TUH_CDC_FTDI 1
 
In file included from .pio/libdeps/esp32-s2-can-timing/Adafruit TinyUSB Library/src/arduino/Adafruit_TinyUSB_API.cpp:25:
.pio/libdeps/esp32-s2-can-timing/Adafruit TinyUSB Library/src/tusb_option.h:486: note: this is the location of the previous definition
   #define CFG_TUH_CDC_FTDI 0
 
In file included from .pio/libdeps/esp32-s2-can-timing/Adafruit TinyUSB Library/src/Adafruit_TinyUSB.h:30,
                 from .pio/libdeps/esp32-s2-can-timing/Adafruit TinyUSB Library/src/arduino/Adafruit_TinyUSB_API.cpp:29:
.pio/libdeps/esp32-s2-can-timing/Adafruit TinyUSB Library/src/arduino/ports/esp32/tusb_config_esp32.h:123: warning: "CFG_TUH_CDC_CP210X" redefined
 #define CFG_TUH_CDC_CP210X 1
 
In file included from .pio/libdeps/esp32-s2-can-timing/Adafruit TinyUSB Library/src/arduino/Adafruit_TinyUSB_API.cpp:25:
.pio/libdeps/esp32-s2-can-timing/Adafruit TinyUSB Library/src/tusb_option.h:499: note: this is the location of the previous definition
   #define CFG_TUH_CDC_CP210X 0
 
In file included from .pio/libdeps/esp32-s2-can-timing/Adafruit TinyUSB Library/src/Adafruit_TinyUSB.h:30,
                 from .pio/libdeps/esp32-s2-can-timing/Adafruit TinyUSB Library/src/arduino/Adafruit_TinyUSB_API.cpp:29:
.pio/libdeps/esp32-s2-can-timing/Adafruit TinyUSB Library/src/arduino/ports/esp32/tusb_config_esp32.h:124: warning: "CFG_TUH_CDC_CH34X" redefined
 #define CFG_TUH_CDC_CH34X 1
 
In file included from .pio/libdeps/esp32-s2-can-timing/Adafruit TinyUSB Library/src/arduino/Adafruit_TinyUSB_API.cpp:25:
.pio/libdeps/esp32-s2-can-timing/Adafruit TinyUSB Library/src/tusb_option.h:510: note: this is the location of the previous definition
   #define CFG_TUH_CDC_CH34X 0
 
Compiling .pio/build/esp32-s2-can-timing/lib32a/Adafruit TinyUSB Library/arduino/Adafruit_USBD_Device.cpp.o
Compiling .pio/build/esp32-s2-can-timing/lib32a/Adafruit TinyUSB Library/arduino/Adafruit_USBD_Interface.cpp.o
Compiling .pio/build/esp32-s2-can-timing/lib32a/Adafruit TinyUSB Library/arduino/Adafruit_USBH_Host.cpp.o
Compiling .pio/build/esp32-s2-can-timing/lib32a/Adafruit TinyUSB Library/arduino/cdc/Adafruit_USBH_CDC.cpp.o
Compiling .pio/build/esp32-s2-can-timing/lib32a/Adafruit TinyUSB Library/arduino/hid/Adafruit_USBD_HID.cpp.o
Compiling .pio/build/esp32-s2-can-timing/lib32a/Adafruit TinyUSB Library/arduino/midi/Adafruit_USBD_MIDI.cpp.o
Compiling .pio/build/esp32-s2-can-timing/lib32a/Adafruit TinyUSB Library/arduino/msc/Adafruit_USBD_MSC.cpp.o
Compiling .pio/build/esp32-s2-can-timing/lib32a/Adafruit TinyUSB Library/arduino/msc/Adafruit_USBH_MSC.cpp.o
Compiling .pio/build/esp32-s2-can-timing/lib32a/Adafruit TinyUSB Library/arduino/ports/ch32/Adafruit_TinyUSB_ch32.cpp.o
Compiling .pio/build/esp32-s2-can-timing/lib32a/Adafruit TinyUSB Library/arduino/ports/esp32/Adafruit_TinyUSB_esp32.cpp.o
Compiling .pio/build/esp32-s2-can-timing/lib32a/Adafruit TinyUSB Library/arduino/ports/nrf/Adafruit_TinyUSB_nrf.cpp.o
Compiling .pio/build/esp32-s2-can-timing/lib32a/Adafruit TinyUSB Library/arduino/ports/rp2040/Adafruit_TinyUSB_rp2040.cpp.o
Compiling .pio/build/esp32-s2-can-timing/lib32a/Adafruit TinyUSB Library/arduino/ports/samd/Adafruit_TinyUSB_samd.cpp.o
Compiling .pio/build/esp32-s2-can-timing/lib32a/Adafruit TinyUSB Library/arduino/video/Adafruit_USBD_Video.cpp.o
Archiving .pio/build/esp32-s2-can-timing/lib521/libSdFat - Adafruit Fork.a
Compiling .pio/build/esp32-s2-can-timing/lib32a/Adafruit TinyUSB Library/arduino/webusb/Adafruit_USBD_WebUSB.cpp.o
Compiling .pio/build/esp32-s2-can-timing/lib32a/Adafruit TinyUSB Library/class/audio/audio_device.c.o
Indexing .pio/build/esp32-s2-can-timing/lib521/libSdFat - Adafruit Fork.a
Compiling .pio/build/esp32-s2-can-timing/lib32a/Adafruit TinyUSB Library/class/bth/bth_device.c.o
Compiling .pio/build/esp32-s2-can-timing/lib32a/Adafruit TinyUSB Library/class/cdc/cdc_device.c.o
Compiling .pio/build/esp32-s2-can-timing/lib32a/Adafruit TinyUSB Library/class/cdc/cdc_host.c.o
Compiling .pio/build/esp32-s2-can-timing/lib32a/Adafruit TinyUSB Library/class/dfu/dfu_device.c.o
Compiling .pio/build/esp32-s2-can-timing/lib32a/Adafruit TinyUSB Library/class/dfu/dfu_rt_device.c.o
Compiling .pio/build/esp32-s2-can-timing/lib32a/Adafruit TinyUSB Library/class/hid/hid_device.c.o
Compiling .pio/build/esp32-s2-can-timing/lib32a/Adafruit TinyUSB Library/class/hid/hid_host.c.o
Compiling .pio/build/esp32-s2-can-timing/lib32a/Adafruit TinyUSB Library/class/midi/midi_device.c.o
Compiling .pio/build/esp32-s2-can-timing/lib32a/Adafruit TinyUSB Library/class/msc/msc_device.c.o
Compiling .pio/build/esp32-s2-can-timing/lib32a/Adafruit TinyUSB Library/class/msc/msc_host.c.o
Compiling .pio/build/esp32-s2-can-timing/lib32a/Adafruit TinyUSB Library/class/net/ecm_rndis_device.c.o
Compiling .pio/build/esp32-s2-can-timing/lib32a/Adafruit TinyUSB Library/class/net/ncm_device.c.o
Compiling .pio/build/esp32-s2-can-timing/lib32a/Adafruit TinyUSB Library/class/usbtmc/usbtmc_device.c.o
Compiling .pio/build/esp32-s2-can-timing/lib32a/Adafruit TinyUSB Library/class/vendor/vendor_device.c.o
Compiling .pio/build/esp32-s2-can-timing/lib32a/Adafruit TinyUSB Library/class/video/video_device.c.o
Compiling .pio/build/esp32-s2-can-timing/lib32a/Adafruit TinyUSB Library/common/tusb_fifo.c.o
Compiling .pio/build/esp32-s2-can-timing/lib32a/Adafruit TinyUSB Library/device/usbd.c.o
Compiling .pio/build/esp32-s2-can-timing/lib32a/Adafruit TinyUSB Library/device/usbd_control.c.o
Compiling .pio/build/esp32-s2-can-timing/lib32a/Adafruit TinyUSB Library/host/hub.c.o
Compiling .pio/build/esp32-s2-can-timing/lib32a/Adafruit TinyUSB Library/host/usbh.c.o
Compiling .pio/build/esp32-s2-can-timing/lib32a/Adafruit TinyUSB Library/portable/analog/max3421/hcd_max3421.c.o
Compiling .pio/build/esp32-s2-can-timing/lib32a/Adafruit TinyUSB Library/portable/microchip/samd/dcd_samd.c.o
Compiling .pio/build/esp32-s2-can-timing/lib32a/Adafruit TinyUSB Library/portable/nordic/nrf5x/dcd_nrf5x.c.o
Compiling .pio/build/esp32-s2-can-timing/lib32a/Adafruit TinyUSB Library/portable/raspberrypi/pio_usb/dcd_pio_usb.c.o
Compiling .pio/build/esp32-s2-can-timing/lib32a/Adafruit TinyUSB Library/portable/raspberrypi/pio_usb/hcd_pio_usb.c.o
Compiling .pio/build/esp32-s2-can-timing/lib32a/Adafruit TinyUSB Library/portable/raspberrypi/rp2040/dcd_rp2040.c.o
Compiling .pio/build/esp32-s2-can-timing/lib32a/Adafruit TinyUSB Library/portable/raspberrypi/rp2040/hcd_rp2040.c.o
Compiling .pio/build/esp32-s2-can-timing/lib32a/Adafruit TinyUSB Library/portable/raspberrypi/rp2040/rp2040_usb.c.o
Compiling .pio/build/esp32-s2-can-timing/lib32a/Adafruit TinyUSB Library/portable/st/stm32_fsdev/dcd_stm32_fsdev.c.o
Compiling .pio/build/esp32-s2-can-timing/lib32a/Adafruit TinyUSB Library/portable/synopsys/dwc2/dcd_dwc2.c.o
Compiling .pio/build/esp32-s2-can-timing/lib32a/Adafruit TinyUSB Library/portable/wch/dcd_ch32_usbfs.c.o
Compiling .pio/build/esp32-s2-can-timing/lib32a/Adafruit TinyUSB Library/portable/wch/dcd_ch32_usbhs.c.o
Compiling .pio/build/esp32-s2-can-timing/lib32a/Adafruit TinyUSB Library/tusb.c.o
Compiling .pio/build/esp32-s2-can-timing/FrameworkArduino/Esp.cpp.o
Compiling .pio/build/esp32-s2-can-timing/FrameworkArduino/FirmwareMSC.cpp.o
Compiling .pio/build/esp32-s2-can-timing/FrameworkArduino/FunctionalInterrupt.cpp.o
Compiling .pio/build/esp32-s2-can-timing/FrameworkArduino/HWCDC.cpp.o
Compiling .pio/build/esp32-s2-can-timing/FrameworkArduino/HardwareSerial.cpp.o
Compiling .pio/build/esp32-s2-can-timing/FrameworkArduino/IPAddress.cpp.o
Compiling .pio/build/esp32-s2-can-timing/FrameworkArduino/IPv6Address.cpp.o
Archiving .pio/build/esp32-s2-can-timing/lib32a/libAdafruit TinyUSB Library.a
Compiling .pio/build/esp32-s2-can-timing/FrameworkArduino/MD5Builder.cpp.o
Compiling .pio/build/esp32-s2-can-timing/FrameworkArduino/Print.cpp.o
Compiling .pio/build/esp32-s2-can-timing/FrameworkArduino/Stream.cpp.o
Compiling .pio/build/esp32-s2-can-timing/FrameworkArduino/StreamString.cpp.o
Indexing .pio/build/esp32-s2-can-timing/lib32a/libAdafruit TinyUSB Library.a
Compiling .pio/build/esp32-s2-can-timing/FrameworkArduino/Tone.cpp.o
Compiling .pio/build/esp32-s2-can-timing/FrameworkArduino/USB.cpp.o
Compiling .pio/build/esp32-s2-can-timing/FrameworkArduino/USBCDC.cpp.o
Compiling .pio/build/esp32-s2-can-timing/FrameworkArduino/USBMSC.cpp.o
Compiling .pio/build/esp32-s2-can-timing/FrameworkArduino/WMath.cpp.o
Compiling .pio/build/esp32-s2-can-timing/FrameworkArduino/WString.cpp.o
Compiling .pio/build/esp32-s2-can-timing/FrameworkArduino/base64.cpp.o
Compiling .pio/build/esp32-s2-can-timing/FrameworkArduino/cbuf.cpp.o
Compiling .pio/build/esp32-s2-can-timing/FrameworkArduino/esp32-hal-adc.c.o
Compiling .pio/build/esp32-s2-can-timing/FrameworkArduino/esp32-hal-bt.c.o
Compiling .pio/build/esp32-s2-can-timing/FrameworkArduino/esp32-hal-cpu.c.o
Compiling .pio/build/esp32-s2-can-timing/FrameworkArduino/esp32-hal-dac.c.o
Compiling .pio/build/esp32-s2-can-timing/FrameworkArduino/esp32-hal-gpio.c.o
Compiling .pio/build/esp32-s2-can-timing/FrameworkArduino/esp32-hal-i2c-slave.c.o
Compiling .pio/build/esp32-s2-can-timing/FrameworkArduino/esp32-hal-i2c.c.o
Compiling .pio/build/esp32-s2-can-timing/FrameworkArduino/esp32-hal-ledc.c.o
Compiling .pio/build/esp32-s2-can-timing/FrameworkArduino/esp32-hal-matrix.c.o
Compiling .pio/build/esp32-s2-can-timing/FrameworkArduino/esp32-hal-misc.c.o
Compiling .pio/build/esp32-s2-can-timing/FrameworkArduino/esp32-hal-psram.c.o
Compiling .pio/build/esp32-s2-can-timing/FrameworkArduino/esp32-hal-rgb-led.c.o
Compiling .pio/build/esp32-s2-can-timing/FrameworkArduino/esp32-hal-rmt.c.o
Compiling .pio/build/esp32-s2-can-timing/FrameworkArduino/esp32-hal-sigmadelta.c.o
Compiling .pio/build/esp32-s2-can-timing/FrameworkArduino/esp32-hal-spi.c.o
Compiling .pio/build/esp32-s2-can-timing/FrameworkArduino/esp32-hal-time.c.o
Compiling .pio/build/esp32-s2-can-timing/FrameworkArduino/esp32-hal-timer.c.o
Compiling .pio/build/esp32-s2-can-timing/FrameworkArduino/esp32-hal-tinyusb.c.o
Compiling .pio/build/esp32-s2-can-timing/FrameworkArduino/esp32-hal-touch.c.o
Compiling .pio/build/esp32-s2-can-timing/FrameworkArduino/esp32-hal-uart.c.o
Compiling .pio/build/esp32-s2-can-timing/FrameworkArduino/firmware_msc_fat.c.o
Compiling .pio/build/esp32-s2-can-timing/FrameworkArduino/libb64/cdecode.c.o
Compiling .pio/build/esp32-s2-can-timing/FrameworkArduino/libb64/cencode.c.o
Compiling .pio/build/esp32-s2-can-timing/FrameworkArduino/main.cpp.o
Compiling .pio/build/esp32-s2-can-timing/FrameworkArduino/stdlib_noniso.c.o
Compiling .pio/build/esp32-s2-can-timing/FrameworkArduino/wiring_pulse.c.o
Compiling .pio/build/esp32-s2-can-timing/FrameworkArduino/wiring_shift.c.o
Archiving .pio/build/esp32-s2-can-timing/libFrameworkArduino.a
Indexing .pio/build/esp32-s2-can-timing/libFrameworkArduino.a
Linking .pio/build/esp32-s2-can-timing/firmware.elf
Retrieving maximum program size .pio/build/esp32-s2-can-timing/firmware.elf
Checking size .pio/build/esp32-s2-can-timing/firmware.elf
Advanced Memory Usage is available via "PlatformIO Home > Project Inspect"
RAM:   [=         ]   5.4% (used 17792 bytes from 327680 bytes)
Flash: [==        ]  20.7% (used 271942 bytes from 1310720 bytes)
Building .pio/build/esp32-s2-can-timing/firmware.bin
esptool.py v4.9.0
Creating esp32s2 image...
Merged 2 ELF sections
Successfully created esp32s2 image.
========================= [SUCCESS] Took 9.53 seconds =========================

Processing esp32-s2-can-adc (board: esp32-s2-saola-1; platform: espressif32; framework: arduino)
--------------------------------------------------------------------------------
Verbose mode can be enabled via `-v, --verbose` option
CONFIGURATION: https://docs.platformio.org/page/boards/espressif32/esp32-s2-saola-1.html
PLATFORM: Espressif 32 (6.12.0) > Espressif ESP32-S2-Saola-1
HARDWARE: ESP32S2 240MHz, 320KB RAM, 4MB Flash
DEBUG: Current (cmsis-dap) External (cmsis-dap, esp-bridge, esp-prog, iot-bus-jtag, jlink, minimodule, olimex-arm-usb-ocd, olimex-arm-usb-ocd-h, olimex-arm-usb-tiny-h, olimex-jtag-tiny, tumpa)
PACKAGES: 
 - framework-arduinoespressif32 @ 3.20017.241212+sha.dcc1105b 
 - tool-esptoolpy @ 2.40900.250804 (4.9.0) 
 - toolchain-riscv32-esp @ 8.4.0+2021r2-patch5 
 - toolchain-xtensa-esp32s2 @ 8.4.0+2021r2-patch5
LDF: Library Dependency Finder -> https://bit.ly/configure-pio-ldf
LDF Modes: Finder ~ chain, Compatibility ~ soft
Found 38 compatible libraries
Scanning dependencies...
Dependency Graph
|-- Adafruit TinyUSB Library @ 3.3.1
Building in release mode
Compiling .pio/build/esp32-s2-can-adc/src/main.cpp.o
Archiving .pio/build/esp32-s2-can-adc/lib427/libSPI.a
Indexing .pio/build/esp32-s2-can-adc/lib427/libSPI.a
Compiling .pio/build/esp32-s2-can-adc/libaf7/SdFat - Adafruit Fork/FatLib/FatFileLFN.cpp.o
Compiling .pio/build/esp32-s2-can-adc/libaf7/SdFat - Adafruit Fork/FatLib/FatFilePrint.cpp.o
Compiling .pio/build/esp32-s2-can-adc/libaf7/SdFat - Adafruit Fork/FatLib/FatFileSFN.cpp.o
Compiling .pio/build/esp32-s2-can-adc/libaf7/SdFat - Adafruit Fork/FatLib/FatFormatter.cpp.o
Compiling .pio/build/esp32-s2-can-adc/libaf7/SdFat - Adafruit Fork/FatLib/FatName.cpp.o
Compiling .pio/build/esp32-s2-can-adc/libaf7/SdFat - Adafruit Fork/FatLib/FatPartition.cpp.o
Compiling .pio/build/esp32-s2-can-adc/libaf7/SdFat - Adafruit Fork/FatLib/FatVolume.cpp.o
Compiling .pio/build/esp32-s2-can-adc/libaf7/SdFat - Adafruit Fork/FreeStack.cpp.o
Compiling .pio/build/esp32-s2-can-adc/libaf7/SdFat - Adafruit Fork/FsLib/FsFile.cpp.o
Compiling .pio/build/esp32-s2-can-adc/libaf7/SdFat - Adafruit Fork/FsLib/FsNew.cpp.o
Compiling .pio/build/esp32-s2-can-adc/libaf7/SdFat - Adafruit Fork/FsLib/FsVolume.cpp.o
Compiling .pio/build/esp32-s2-can-adc/libaf7/SdFat - Adafruit Fork/MinimumSerial.cpp.o
Compiling .pio/build/esp32-s2-can-adc/libaf7/SdFat - Adafruit Fork/SdCard/Rp2040Sdio/PioSdioCard.cpp.o
Compiling .pio/build/esp32-s2-can-adc/libaf7/SdFat - Adafruit Fork/SdCard/SdCardInfo.cpp.o
Compiling .pio/build/esp32-s2-can-adc/libaf7/SdFat - Adafruit Fork/SdCard/SdSpiCard.cpp.o
Compiling .pio/build/esp32-s2-can-adc/libaf7/SdFat - Adafruit Fork/SdCard/TeensySdio/TeensySdio.cpp.o
Compiling .pio/build/esp32-s2-can-adc/libaf7/SdFat - Adafruit Fork/SpiDriver/SdSpiArtemis.cpp.o
Compiling .pio/build/esp32-s2-can-adc/libaf7/SdFat - Adafruit Fork/SpiDriver/SdSpiChipSelect.cpp.o
Compiling .pio/build/esp32-s2-can-adc/libaf7/SdFat - Adafruit Fork/SpiDriver/SdSpiDue.cpp.o
Compiling .pio/build/esp32-s2-can-adc/libaf7/SdFat - Adafruit Fork/SpiDriver/SdSpiParticle.cpp.o
Compiling .pio/build/esp32-s2-can-adc/libaf7/SdFat - Adafruit Fork/SpiDriver/SdSpiSTM32.cpp.o
Compiling .pio/build/esp32-s2-can-adc/libaf7/SdFat - Adafruit Fork/SpiDriver/SdSpiSTM32Core.cpp.o
Compiling .pio/build/esp32-s2-can-adc/libaf7/SdFat - Adafruit Fork/SpiDriver/SdSpiTeensy3.cpp.o
Compiling .pio/build/esp32-s2-can-adc/libaf7/SdFat - Adafruit Fork/common/FmtNumber.cpp.o
Compiling .pio/build/esp32-s2-can-adc/libaf7/SdFat - Adafruit Fork/common/FsCache.cpp.o
Compiling .pio/build/esp32-s2-can-adc/libaf7/SdFat - Adafruit Fork/common/FsDateTime.cpp.o
Compiling .pio/build/esp32-s2-can-adc/libaf7/SdFat - Adafruit Fork/common/FsName.cpp.o
Compiling .pio/build/esp32-s2-can-adc/libaf7/SdFat - Adafruit Fork/common/FsStructs.cpp.o
Compiling .pio/build/esp32-s2-can-adc/libaf7/SdFat - Adafruit Fork/common/FsUtf.cpp.o
Compiling .pio/build/esp32-s2-can-adc/libaf7/SdFat - Adafruit Fork/common/PrintBasic.cpp.o
Compiling .pio/build/esp32-s2-can-adc/libaf7/SdFat - Adafruit Fork/common/upcase.cpp.o
Compiling .pio/build/esp32-s2-can-adc/libaf7/SdFat - Adafruit Fork/iostream/StdioStream.cpp.o
Compiling .pio/build/esp32-s2-can-adc/libaf7/SdFat - Adafruit Fork/iostream/StreamBaseClass.cpp.o
Compiling .pio/build/esp32-s2-can-adc/libaf7/SdFat - Adafruit Fork/iostream/istream.cpp.o
Compiling .pio/build/esp32-s2-can-adc/libaf7/SdFat - Adafruit Fork/iostream/ostream.cpp.o
Compiling .pio/build/esp32-s2-can-adc/lib0d9/Adafruit TinyUSB Library/arduino/Adafruit_TinyUSB_API.cpp.o
Compiling .pio/build/esp32-s2-can-adc/lib0d9/Adafruit TinyUSB Library/arduino/Adafruit_USBD_CDC.cpp.o
In file included from .pio/libdeps/esp32-s2-can-adc/Adafruit TinyUSB Library/src/Adafruit_TinyUSB.h:30,
                 from .pio/libdeps/esp32-s2-can-adc/Adafruit TinyUSB Library/src/arduino/Adafruit_TinyUSB_API.cpp:29:
.pio/libdeps/esp32-s2-can-adc/Adafruit TinyUSB Library/src/arduino/ports/esp32/tusb_config_esp32.h:92: warning: "CFG_TUH_ENABLED" redefined
 #define CFG_TUH_ENABLED 1
 
In file included from .pio/libdeps/esp32-s2-can-adc/Adafruit TinyUSB Library/src/arduino/Adafruit_TinyUSB_API.cpp:25:
.pio/libdeps/esp32-s2-can-adc/Adafruit TinyUSB Library/src/tusb_option.h:283: note: this is the location of the previous definition
   #define CFG_TUH_ENABLED     (TUH_RHPORT_MODE & OPT_MODE_HOST)
 
In file included from .pio/libdeps/esp32-s2-can-adc/Adafruit TinyUSB Library/src/Adafruit_TinyUSB.h:30,
                 from .pio/libdeps/esp32-s2-can-adc/Adafruit TinyUSB Library/src/arduino/Adafruit_TinyUSB_API.cpp:29:
.pio/libdeps/esp32-s2-can-adc/Adafruit TinyUSB Library/src/arduino/ports/esp32/tusb_config_esp32.h:93: warning: "CFG_TUH_MAX_SPEED" redefined
 #define CFG_TUH_MAX_SPEED OPT_MODE_FULL_SPEED
 
In file included from .pio/libdeps/esp32-s2-can-adc/Adafruit TinyUSB Library/src/arduino/Adafruit_TinyUSB_API.cpp:25:
.pio/libdeps/esp32-s2-can-adc/Adafruit TinyUSB Library/src/tusb_option.h:288: note: this is the location of the previous definition
   #define CFG_TUH_MAX_SPEED   (TUH_RHPORT_MODE & OPT_MODE_SPEED_MASK)
 
In file included from .pio/libdeps/esp32-s2-can-adc/Adafruit TinyUSB Library/src/Adafruit_TinyUSB.h:30,
                 from .pio/libdeps/esp32-s2-can-adc/Adafruit TinyUSB Library/src/arduino/Adafruit_TinyUSB_API.cpp:29:
.pio/libdeps/esp32-s2-can-adc/Adafruit TinyUSB Library/src/arduino/ports/esp32/tusb_config_esp32.h:94: warning: "CFG_TUH_MAX3421" redefined
 #define CFG_TUH_MAX3421 1
 
In file included from .pio/libdeps/esp32-s2-can-adc/Adafruit TinyUSB Library/src/arduino/Adafruit_TinyUSB_API.cpp:25:
.pio/libdeps/esp32-s2-can-adc/Adafruit TinyUSB Library/src/tusb_option.h:556: note: this is the location of the previous definition
   #define CFG_TUH_MAX3421  0
 
In file included from .pio/libdeps/esp32-s2-can-adc/Adafruit TinyUSB Library/src/Adafruit_TinyUSB.h:30,
                 from .pio/libdeps/esp32-s2-can-adc/Adafruit TinyUSB Library/src/arduino/Adafruit_TinyUSB_API.cpp:29:
.pio/libdeps/esp32-s2-can-adc/Adafruit TinyUSB Library/src/arduino/ports/esp32/tusb_config_esp32.h:104: warning: "CFG_TUH_HUB" redefined
 #define CFG_TUH_HUB 1
 
In file included from .pio/libdeps/esp32-s2-can-adc/Adafruit TinyUSB Library/src/arduino/Adafruit_TinyUSB_API.cpp:25:
.pio/libdeps/esp32-s2-can-adc/Adafruit TinyUSB Library/src/tusb_option.h:477: note: this is the location of the previous definition
   #define CFG_TUH_HUB    0
 
In file included from .pio/libdeps/esp32-s2-can-adc/Adafruit TinyUSB Library/src/Adafruit_TinyUSB.h:30,
                 from .pio/libdeps/esp32-s2-can-adc/Adafruit TinyUSB Library/src/arduino/Adafruit_TinyUSB_API.cpp:29:
.pio/libdeps/esp32-s2-can-adc/Adafruit TinyUSB Library/src/arduino/ports/esp32/tusb_config_esp32.h:113: warning: "CFG_TUH_MSC" redefined
 #define CFG_TUH_MSC 1
 
In file included from .pio/libdeps/esp32-s2-can-adc/Adafruit TinyUSB Library/src/arduino/Adafruit_TinyUSB_API.cpp:25:
.pio/libdeps/esp32-s2-can-adc/Adafruit TinyUSB Library/src/tusb_option.h:534: note: this is the location of the previous definition
   #define CFG_TUH_MSC    0
 
In file included from .pio/libdeps/esp32-s2-can-adc/Adafruit TinyUSB Library/src/Adafruit_TinyUSB.h:30,
                 from .pio/libdeps/esp32-s2-can-adc/Adafruit TinyUSB Library/src/arduino/Adafruit_TinyUSB_API.cpp:29:
.pio/libdeps/esp32-s2-can-adc/Adafruit TinyUSB Library/src/arduino/ports/esp32/tusb_config_esp32.h:117: warning: "CFG_TUH_HID" redefined
 #define CFG_TUH_HID (3 * CFG_TUH_DEVICE_MAX)
 
In file included from .pio/libdeps/esp32-s2-can-adc/Adafruit TinyUSB Library/src/arduino/Adafruit_TinyUSB_API.cpp:25:
.pio/libdeps/esp32-s2-can-adc/Adafruit TinyUSB Library/src/tusb_option.h:526: note: this is the location of the previous definition
   #define CFG_TUH_HID    0
 
In file included from .pio/libdeps/esp32-s2-can-adc/Adafruit TinyUSB Library/src/Adafruit_TinyUSB.h:30,
                 from .pio/libdeps/esp32-s2-can-adc/Adafruit TinyUSB Library/src/arduino/Adafruit_TinyUSB_API.cpp:29:
.pio/libdeps/esp32-s2-can-adc/Adafruit TinyUSB Library/src/arduino/ports/esp32/tusb_config_esp32.h:121: warning: "CFG_TUH_CDC" redefined
 #define CFG_TUH_CDC 1
 
In file included from .pio/libdeps/esp32-s2-can-adc/Adafruit TinyUSB Library/src/arduino/Adafruit_TinyUSB_API.cpp:25:
.pio/libdeps/esp32-s2-can-adc/Adafruit TinyUSB Library/src/tusb_option.h:481: note: this is the location of the previous definition
   #define CFG_TUH_CDC    0
 
In file included from .pio/libdeps/esp32-s2-can-adc/Adafruit TinyUSB Library/src/Adafruit_TinyUSB.h:30,
                 from .pio/libdeps/esp32-s2-can-adc/Adafruit TinyUSB Library/src/arduino/Adafruit_TinyUSB_API.cpp:29:
.pio/libdeps/esp32-s2-can-adc/Adafruit TinyUSB Library/src/arduino/ports/esp32/tusb_config_esp32.h:122: warning: "CFG_TUH_CDC_FTDI" redefined
 #define CFG_TUH_CDC_FTDI 1
 
In file included from .pio/libdeps/esp32-s2-can-adc/Adafruit TinyUSB Library/src/arduino/Adafruit_TinyUSB_API.cpp:25:
.pio/libdeps/esp32-s2-can-adc/Adafruit TinyUSB Library/src/tusb_option.h:486: note: this is the location of the previous definition
   #define CFG_TUH_CDC_FTDI 0
 
In file included from .pio/libdeps/esp32-s2-can-adc/Adafruit TinyUSB Library/src/Adafruit_TinyUSB.h:30,
                 from .pio/libdeps/esp32-s2-can-adc/Adafruit TinyUSB Library/src/arduino/Adafruit_TinyUSB_API.cpp:29:
.pio/libdeps/esp32-s2-can-adc/Adafruit TinyUSB Library/src/arduino/ports/esp32/tusb_config_esp32.h:123: warning: "CFG_TUH_CDC_CP210X" redefined
 #define CFG_TUH_CDC_CP210X 1
 
In file included from .pio/libdeps/esp32-s2-can-adc/Adafruit TinyUSB Library/src/arduino/Adafruit_TinyUSB_API.cpp:25:
.pio/libdeps/esp32-s2-can-adc/Adafruit TinyUSB Library/src/tusb_option.h:499: note: this is the location of the previous definition
   #define CFG_TUH_CDC_CP210X 0
 
In file included from .pio/libdeps/esp32-s2-can-adc/Adafruit TinyUSB Library/src/Adafruit_TinyUSB.h:30,
                 from .pio/libdeps/esp32-s2-can-adc/Adafruit TinyUSB Library/src/arduino/Adafruit_TinyUSB_API.cpp:29:
.pio/libdeps/esp32-s2-can-adc/Adafruit TinyUSB Library/src/arduino/ports/esp32/tusb_config_esp32.h:124: warning: "CFG_TUH_CDC_CH34X" redefined
 #define CFG_TUH_CDC_CH34X 1
 
In file included from .pio/libdeps/esp32-s2-can-adc/Adafruit TinyUSB Library/src/arduino/Adafruit_TinyUSB_API.cpp:25:
.pio/libdeps/esp32-s2-can-adc/Adafruit TinyUSB Library/src/tusb_option.h:510: note: this is the location of the previous definition
   #define CFG_TUH_CDC_CH34X 0
 
Compiling .pio/build/esp32-s2-can-adc/lib0d9/Adafruit TinyUSB Library/arduino/Adafruit_USBD_Device.cpp.o
Compiling .pio/build/esp32-s2-can-adc/lib0d9/Adafruit TinyUSB Library/arduino/Adafruit_USBD_Interface.cpp.o
Compiling .pio/build/esp32-s2-can-adc/lib0d9/Adafruit TinyUSB Library/arduino/Adafruit_USBH_Host.cpp.o
Compiling .pio/build/esp32-s2-can-adc/lib0d9/Adafruit TinyUSB Library/arduino/cdc/Adafruit_USBH_CDC.cpp.o
Compiling .pio/build/esp32-s2-can-adc/lib0d9/Adafruit TinyUSB Library/arduino/hid/Adafruit_USBD_HID.cpp.o
Compiling .pio/build/esp32-s2-can-adc/lib0d9/Adafruit TinyUSB Library/arduino/midi/Adafruit_USBD_MIDI.cpp.o
Compiling .pio/build/esp32-s2-can-adc/lib0d9/Adafruit TinyUSB Library/arduino/msc/Adafruit_USBD_MSC.cpp.o
Compiling .pio/build/esp32-s2-can-adc/lib0d9/Adafruit TinyUSB Library/arduino/msc/Adafruit_USBH_MSC.cpp.o
Compiling .pio/build/esp32-s2-can-adc/lib0d9/Adafruit TinyUSB Library/arduino/ports/ch32/Adafruit_TinyUSB_ch32.cpp.o
Compiling .pio/build/esp32-s2-can-adc/lib0d9/Adafruit TinyUSB Library/arduino/ports/esp32/Adafruit_TinyUSB_esp32.cpp.o
Compiling .pio/build/esp32-s2-can-adc/lib0d9/Adafruit TinyUSB Library/arduino/ports/nrf/Adafruit_TinyUSB_nrf.cpp.o
Compiling .pio/build/esp32-s2-can-adc/lib0d9/Adafruit TinyUSB Library/arduino/ports/rp2040/Adafruit_TinyUSB_rp2040.cpp.o
Compiling .pio/build/esp32-s2-can-adc/lib0d9/Adafruit TinyUSB Library/arduino/ports/samd/Adafruit_TinyUSB_samd.cpp.o
Compiling .pio/build/esp32-s2-can-adc/lib0d9/Adafruit TinyUSB Library/arduino/video/Adafruit_USBD_Video.cpp.o
Compiling .pio/build/esp32-s2-can-adc/lib0d9/Adafruit TinyUSB Library/arduino/webusb/Adafruit_USBD_WebUSB.cpp.o
Compiling .pio/build/esp32-s2-can-adc/lib0d9/Adafruit TinyUSB Library/class/audio/audio_device.c.o
Compiling .pio/build/esp32-s2-can-adc/lib0d9/Adafruit TinyUSB Library/class/bth/bth_device.c.o
Compiling .pio/build/esp32-s2-can-adc/lib0d9/Adafruit TinyUSB Library/class/cdc/cdc_device.c.o
Compiling .pio/build/esp32-s2-can-adc/lib0d9/Adafruit TinyUSB Library/class/cdc/cdc_host.c.o
Compiling .pio/build/esp32-s2-can-adc/lib0d9/Adafruit TinyUSB Library/class/dfu/dfu_device.c.o
Compiling .pio/build/esp32-s2-can-adc/lib0d9/Adafruit TinyUSB Library/class/dfu/dfu_rt_device.c.o
Archiving .pio/build/esp32-s2-can-adc/libaf7/libSdFat - Adafruit Fork.a
Indexing .pio/build/esp32-s2-can-adc/libaf7/libSdFat - Adafruit Fork.a
Compiling .pio/build/esp32-s2-can-adc/lib0d9/Adafruit TinyUSB Library/class/hid/hid_device.c.o
Compiling .pio/build/esp32-s2-can-adc/lib0d9/Adafruit TinyUSB Library/class/hid/hid_host.c.o
Compiling .pio/build/esp32-s2-can-adc/lib0d9/Adafruit TinyUSB Library/class/midi/midi_device.c.o
Compiling .pio/build/esp32-s2-can-adc/lib0d9/Adafruit TinyUSB Library/class/msc/msc_device.c.o
Compiling .pio/build/esp32-s2-can-adc/lib0d9/Adafruit TinyUSB Library/class/msc/msc_host.c.o
Compiling .pio/build/esp32-s2-can-adc/lib0d9/Adafruit TinyUSB Library/class/net/ecm_rndis_device.c.o
Compiling .pio/build/esp32-s2-can-adc/lib0d9/Adafruit TinyUSB Library/class/net/ncm_device.c.o
Compiling .pio/build/esp32-s2-can-adc/lib0d9/Adafruit TinyUSB Library/class/usbtmc/usbtmc_device.c.o
Compiling .pio/build/esp32-s2-can-adc/lib0d9/Adafruit TinyUSB Library/class/vendor/vendor_device.c.o
Compiling .pio/build/esp32-s2-can-adc/lib0d9/Adafruit TinyUSB Library/class/video/video_device.c.o
Compiling .pio/build/esp32-s2-can-adc/lib0d9/Adafruit TinyUSB Library/common/tusb_fifo.c.o
Compiling .pio/build/esp32-s2-can-adc/lib0d9/Adafruit TinyUSB Library/device/usbd.c.o
Compiling .pio/build/esp32-s2-can-adc/lib0d9/Adafruit TinyUSB Library/device/usbd_control.c.o
Compiling .pio/build/esp32-s2-can-adc/lib0d9/Adafruit TinyUSB Library/host/hub.c.o
Compiling .pio/build/esp32-s2-can-adc/lib0d9/Adafruit TinyUSB Library/host/usbh.c.o
Compiling .pio/build/esp32-s2-can-adc/lib0d9/Adafruit TinyUSB Library/portable/analog/max3421/hcd_max3421.c.o
Compiling .pio/build/esp32-s2-can-adc/lib0d9/Adafruit TinyUSB Library/portable/microchip/samd/dcd_samd.c.o
Compiling .pio/build/esp32-s2-can-adc/lib0d9/Adafruit TinyUSB Library/portable/nordic/nrf5x/dcd_nrf5x.c.o
Compiling .pio/build/esp32-s2-can-adc/lib0d9/Adafruit TinyUSB Library/portable/raspberrypi/pio_usb/dcd_pio_usb.c.o
Compiling .pio/build/esp32-s2-can-adc/lib0d9/Adafruit TinyUSB Library/portable/raspberrypi/pio_usb/hcd_pio_usb.c.o
Compiling .pio/build/esp32-s2-can-adc/lib0d9/Adafruit TinyUSB Library/portable/raspberrypi/rp2040/dcd_rp2040.c.o
Compiling .pio/build/esp32-s2-can-adc/lib0d9/Adafruit TinyUSB Library/portable/raspberrypi/rp2040/hcd_rp2040.c.o
Compiling .pio/build/esp32-s2-can-adc/lib0d9/Adafruit TinyUSB Library/portable/raspberrypi/rp2040/rp2040_usb.c.o
Compiling .pio/build/esp32-s2-can-adc/lib0d9/Adafruit TinyUSB Library/portable/st/stm32_fsdev/dcd_stm32_fsdev.c.o
Compiling .pio/build/esp32-s2-can-adc/lib0d9/Adafruit TinyUSB Library/portable/synopsys/dwc2/dcd_dwc2.c.o
Compiling .pio/build/esp32-s2-can-adc/lib0d9/Adafruit TinyUSB Library/portable/wch/dcd_ch32_usbfs.c.o
Compiling .pio/build/esp32-s2-can-adc/lib0d9/Adafruit TinyUSB Library/portable/wch/dcd_ch32_usbhs.c.o
Compiling .pio/build/esp32-s2-can-adc/lib0d9/Adafruit TinyUSB Library/tusb.c.o
Compiling .pio/build/esp32-s2-can-adc/FrameworkArduino/Esp.cpp.o
Compiling .pio/build/esp32-s2-can-adc/FrameworkArduino/FirmwareMSC.cpp.o
Compiling .pio/build/esp32-s2-can-adc/FrameworkArduino/FunctionalInterrupt.cpp.o
Compiling .pio/build/esp32-s2-can-adc/FrameworkArduino/HWCDC.cpp.o
Compiling .pio/build/esp32-s2-can-adc/FrameworkArduino/HardwareSerial.cpp.o
Compiling .pio/build/esp32-s2-can-adc/FrameworkArduino/IPAddress.cpp.o
Compiling .pio/build/esp32-s2-can-adc/FrameworkArduino/IPv6Address.cpp.o
Compiling .pio/build/esp32-s2-can-adc/FrameworkArduino/MD5Builder.cpp.o
Compiling .pio/build/esp32-s2-can-adc/FrameworkArduino/Print.cpp.o
Archiving .pio/build/esp32-s2-can-adc/lib0d9/libAdafruit TinyUSB Library.a
Compiling .pio/build/esp32-s2-can-adc/FrameworkArduino/Stream.cpp.o
Compiling .pio/build/esp32-s2-can-adc/FrameworkArduino/StreamString.cpp.o
Indexing .pio/build/esp32-s2-can-adc/lib0d9/libAdafruit TinyUSB Library.a
Compiling .pio/build/esp32-s2-can-adc/FrameworkArduino/Tone.cpp.o
Compiling .pio/build/esp32-s2-can-adc/FrameworkArduino/USB.cpp.o
Compiling .pio/build/esp32-s2-can-adc/FrameworkArduino/USBCDC.cpp.o
Compiling .pio/build/esp32-s2-can-adc/FrameworkArduino/USBMSC.cpp.o
Compiling .pio/build/esp32-s2-can-adc/FrameworkArduino/WMath.cpp.o
Compiling .pio/build/esp32-s2-can-adc/FrameworkArduino/WString.cpp.o
Compiling .pio/build/esp32-s2-can-adc/FrameworkArduino/base64.cpp.o
Compiling .pio/build/esp32-s2-can-adc/FrameworkArduino/cbuf.cpp.o
Compiling .pio/build/esp32-s2-can-adc/FrameworkArduino/esp32-hal-adc.c.o
Compiling .pio/build/esp32-s2-can-adc/FrameworkArduino/esp32-hal-bt.c.o
Compiling .pio/build/esp32-s2-can-adc/FrameworkArduino/esp32-hal-cpu.c.o
Compiling .pio/build/esp32-s2-can-adc/FrameworkArduino/esp32-hal-dac.c.o
Compiling .pio/build/esp32-s2-can-adc/FrameworkArduino/esp32-hal-gpio.c.o
Compiling .pio/build/esp32-s2-can-adc/FrameworkArduino/esp32-hal-i2c-slave.c.o
Compiling .pio/build/esp32-s2-can-adc/FrameworkArduino/esp32-hal-i2c.c.o
Compiling .pio/build/esp32-s2-can-adc/FrameworkArduino/esp32-hal-ledc.c.o
Compiling .pio/build/esp32-s2-can-adc/FrameworkArduino/esp32-hal-matrix.c.o
Compiling .pio/build/esp32-s2-can-adc/FrameworkArduino/esp32-hal-misc.c.o
Compiling .pio/build/esp32-s2-can-adc/FrameworkArduino/esp32-hal-psram.c.o
Compiling .pio/build/esp32-s2-can-adc/FrameworkArduino/esp32-hal-rgb-led.c.o
Compiling .pio/build/esp32-s2-can-adc/FrameworkArduino/esp32-hal-rmt.c.o
Compiling .pio/build/esp32-s2-can-adc/FrameworkArduino/esp32-hal-sigmadelta.c.o
Compiling .pio/build/esp32-s2-can-adc/FrameworkArduino/esp32-hal-spi.c.o
Compiling .pio/build/esp32-s2-can-adc/FrameworkArduino/esp32-hal-time.c.o
Compiling .pio/build/esp32-s2-can-adc/FrameworkArduino/esp32-hal-timer.c.o
Compiling .pio/build/esp32-s2-can-adc/FrameworkArduino/esp32-hal-tinyusb.c.o
Compiling .pio/build/esp32-s2-can-adc/FrameworkArduino/esp32-hal-touch.c.o
Compiling .pio/build/esp32-s2-can-adc/FrameworkArduino/esp32-hal-uart.c.o
Compiling .pio/build/esp32-s2-can-adc/FrameworkArduino/firmware_msc_fat.c.o
Compiling .pio/build/esp32-s2-can-adc/FrameworkArduino/libb64/cdecode.c.o
Compiling .pio/build/esp32-s2-can-adc/FrameworkArduino/libb64/cencode.c.o
Compiling .pio/build/esp32-s2-can-adc/FrameworkArduino/main.cpp.o
Compiling .pio/build/esp32-s2-can-adc/FrameworkArduino/stdlib_noniso.c.o
Compiling .pio/build/esp32-s2-can-adc/FrameworkArduino/wiring_pulse.c.o
Compiling .pio/build/esp32-s2-can-adc/FrameworkArduino/wiring_shift.c.o
Archiving .pio/build/esp32-s2-can-adc/libFrameworkArduino.a
Indexing .pio/build/esp32-s2-can-adc/libFrameworkArduino.a
Linking .pio/build/esp32-s2-can-adc/firmware.elf
Retrieving maximum program size .pio/build/esp32-s2-can-adc/firmware.elf
Checking size .pio/build/esp32-s2-can-adc/firmware.elf
Advanced Memory Usage is available via "PlatformIO Home > Project Inspect"
RAM:   [=         ]   5.5% (used 18024 bytes from 327680 bytes)
Flash: [==        ]  21.3% (used 278906 bytes from 1310720 bytes)
Building .pio/build/esp32-s2-can-adc/firmware.bin
esptool.py v4.9.0
Creating esp32s2 image...
Merged 2 ELF sections
Successfully created esp32s2 image.
========================= [SUCCESS] Took 8.65 seconds =========================

Environment            Status    Duration
---------------------  --------  ------------
esp32-s2-serial        SUCCESS   00:00:10.378
esp32-s3-serial-fixed  SUCCESS   00:00:12.045
esp32-s2-can           SUCCESS   00:00:10.282
esp32-s3-can           SUCCESS   00:00:11.540
esp32-s2-can-axis1     SUCCESS   00:00:10.495
esp32-s3-can-axis3     SUCCESS   00:00:10.485
esp32-s2-can-timing    SUCCESS   00:00:09.533
esp32-s2-can-adc       SUCCESS   00:00:08.650
========================= 8 succeeded in 00:01:23.407 =========================
