Processing esp32-s3 (platform: espressif32; board: 4d_systems_esp32s3_gen4_r8n16; framework: arduino)
--------------------------------------------------------------------------------
Verbose mode can be enabled via `-v, --verbose` option
CONFIGURATION: https://docs.platformio.org/page/boards/espressif32/4d_systems_esp32s3_gen4_r8n16.html
PLATFORM: Espressif 32 (6.12.0) > 4D Systems GEN4-ESP32 16MB (ESP32S3-R8N16)
HARDWARE: ESP32S3 240MHz, 320KB RAM, 16MB Flash
DEBUG: Current (cmsis-dap) External (cmsis-dap, esp-bridge, esp-builtin, esp-prog, iot-bus-jtag, jlink, minimodule, olimex-arm-usb-ocd, olimex-arm-usb-ocd-h, olimex-arm-usb-tiny-h, olimex-jtag-tiny, tumpa)
PACKAGES: 
 - framework-arduinoespressif32 @ 3.20017.241212+sha.dcc1105b 
 - tool-esptoolpy @ 2.40900.250804 (4.9.0) 
 - toolchain-riscv32-esp @ 8.4.0+2021r2-patch5 
 - toolchain-xtensa-esp32s3 @ 8.4.0+2021r2-patch5
LDF: Library Dependency Finder -> https://bit.ly/configure-pio-ldf
LDF Modes: Finder ~ chain, Compatibility ~ soft
Found 38 compatible libraries
Scanning dependencies...
Dependency Graph
|-- Adafruit TinyUSB Library @ 3.3.1
Building in release mode
Compiling .pio/build/esp32-s3/src/ffb_force_calculator.cpp.o
Compiling .pio/build/esp32-s3/src/ffb_report_handler.cpp.o
Compiling .pio/build/esp32-s3/src/main.cpp.o
Archiving .pio/build/esp32-s3/lib427/libSPI.a
Indexing .pio/build/esp32-s3/lib427/libSPI.a
Compiling .pio/build/esp32-s3/lib422/SdFat - Adafruit Fork/FatLib/FatFileLFN.cpp.o
Compiling .pio/build/esp32-s3/lib422/SdFat - Adafruit Fork/FatLib/FatFilePrint.cpp.o
Compiling .pio/build/esp32-s3/lib422/SdFat - Adafruit Fork/FatLib/FatFileSFN.cpp.o
Compiling .pio/build/esp32-s3/lib422/SdFat - Adafruit Fork/FatLib/FatFormatter.cpp.o
Compiling .pio/build/esp32-s3/lib422/SdFat - Adafruit Fork/FatLib/FatName.cpp.o
Compiling .pio/build/esp32-s3/lib422/SdFat - Adafruit Fork/FatLib/FatPartition.cpp.o
In file included from src/constants.h:5,
                 from src/main.cpp:6:
src/config_board.h:32: warning: "USB_VID" redefined
 #define USB_VID 0xFFFF
 
In file included from /Users/sunwj/.platformio/packages/framework-arduinoespressif32/cores/esp32/esp32-hal-gpio.h:29,
Compiling .pio/build/esp32-s3/lib422/SdFat - Adafruit Fork/FatLib/FatVolume.cpp.o
                 from /Users/sunwj/.platformio/packages/framework-arduinoespressif32/cores/esp32/esp32-hal.h:83,
                 from /Users/sunwj/.platformio/packages/framework-arduinoespressif32/cores/esp32/Arduino.h:36,
                 from src/main.cpp:1:
/Users/sunwj/.platformio/packages/framework-arduinoespressif32/variants/esp32_s3r8n16/pins_arduino.h:6: note: this is the location of the previous definition
 #define USB_VID 0x303a
 
In file included from src/constants.h:5,
                 from src/main.cpp:6:
src/config_board.h:33: warning: "USB_PID" redefined
 #define USB_PID 0x2010
 
In file included from /Users/sunwj/.platformio/packages/framework-arduinoespressif32/cores/esp32/esp32-hal-gpio.h:29,
                 from /Users/sunwj/.platformio/packages/framework-arduinoespressif32/cores/esp32/esp32-hal.h:83,
                 from /Users/sunwj/.platformio/packages/framework-arduinoespressif32/cores/esp32/Arduino.h:36,
                 from src/main.cpp:1:
/Users/sunwj/.platformio/packages/framework-arduinoespressif32/variants/esp32_s3r8n16/pins_arduino.h:7: note: this is the location of the previous definition
 #define USB_PID 0x1001
 
In file included from src/constants.h:5,
                 from src/main.cpp:6:
src/config_board.h:34: warning: "USB_MANUFACTURER" redefined
 #define USB_MANUFACTURER "SunFFB"
 
In file included from /Users/sunwj/.platformio/packages/framework-arduinoespressif32/cores/esp32/esp32-hal-gpio.h:29,
                 from /Users/sunwj/.platformio/packages/framework-arduinoespressif32/cores/esp32/esp32-hal.h:83,
                 from /Users/sunwj/.platformio/packages/framework-arduinoespressif32/cores/esp32/Arduino.h:36,
                 from src/main.cpp:1:
/Users/sunwj/.platformio/packages/framework-arduinoespressif32/variants/esp32_s3r8n16/pins_arduino.h:8: note: this is the location of the previous definition
 #define USB_MANUFACTURER  "4D Systems Pty Ltd"
 
In file included from src/constants.h:5,
                 from src/main.cpp:6:
src/config_board.h:35: warning: "USB_PRODUCT" redefined
 #define USB_PRODUCT "Force feedback joystick"
 
In file included from /Users/sunwj/.platformio/packages/framework-arduinoespressif32/cores/esp32/esp32-hal-gpio.h:29,
                 from /Users/sunwj/.platformio/packages/framework-arduinoespressif32/cores/esp32/esp32-hal.h:83,
                 from /Users/sunwj/.platformio/packages/framework-arduinoespressif32/cores/esp32/Arduino.h:36,
                 from src/main.cpp:1:
/Users/sunwj/.platformio/packages/framework-arduinoespressif32/variants/esp32_s3r8n16/pins_arduino.h:9: note: this is the location of the previous definition
 #define USB_PRODUCT   "4D Systems gen4-ESP32 16MB Modules (ESP32-S3R8n16)"
 
Compiling .pio/build/esp32-s3/lib422/SdFat - Adafruit Fork/FreeStack.cpp.o
Compiling .pio/build/esp32-s3/lib422/SdFat - Adafruit Fork/FsLib/FsFile.cpp.o
Compiling .pio/build/esp32-s3/lib422/SdFat - Adafruit Fork/FsLib/FsNew.cpp.o
Compiling .pio/build/esp32-s3/lib422/SdFat - Adafruit Fork/FsLib/FsVolume.cpp.o
Compiling .pio/build/esp32-s3/lib422/SdFat - Adafruit Fork/MinimumSerial.cpp.o
Compiling .pio/build/esp32-s3/lib422/SdFat - Adafruit Fork/SdCard/Rp2040Sdio/PioSdioCard.cpp.o
Compiling .pio/build/esp32-s3/lib422/SdFat - Adafruit Fork/SdCard/SdCardInfo.cpp.o
Compiling .pio/build/esp32-s3/lib422/SdFat - Adafruit Fork/SdCard/SdSpiCard.cpp.o
Compiling .pio/build/esp32-s3/lib422/SdFat - Adafruit Fork/SdCard/TeensySdio/TeensySdio.cpp.o
Compiling .pio/build/esp32-s3/lib422/SdFat - Adafruit Fork/SpiDriver/SdSpiArtemis.cpp.o
Compiling .pio/build/esp32-s3/lib422/SdFat - Adafruit Fork/SpiDriver/SdSpiChipSelect.cpp.o
Compiling .pio/build/esp32-s3/lib422/SdFat - Adafruit Fork/SpiDriver/SdSpiDue.cpp.o
Compiling .pio/build/esp32-s3/lib422/SdFat - Adafruit Fork/SpiDriver/SdSpiParticle.cpp.o
Compiling .pio/build/esp32-s3/lib422/SdFat - Adafruit Fork/SpiDriver/SdSpiSTM32.cpp.o
Compiling .pio/build/esp32-s3/lib422/SdFat - Adafruit Fork/SpiDriver/SdSpiSTM32Core.cpp.o
Compiling .pio/build/esp32-s3/lib422/SdFat - Adafruit Fork/SpiDriver/SdSpiTeensy3.cpp.o
Compiling .pio/build/esp32-s3/lib422/SdFat - Adafruit Fork/common/FmtNumber.cpp.o
Compiling .pio/build/esp32-s3/lib422/SdFat - Adafruit Fork/common/FsCache.cpp.o
Compiling .pio/build/esp32-s3/lib422/SdFat - Adafruit Fork/common/FsDateTime.cpp.o
Compiling .pio/build/esp32-s3/lib422/SdFat - Adafruit Fork/common/FsName.cpp.o
Compiling .pio/build/esp32-s3/lib422/SdFat - Adafruit Fork/common/FsStructs.cpp.o
Compiling .pio/build/esp32-s3/lib422/SdFat - Adafruit Fork/common/FsUtf.cpp.o
Compiling .pio/build/esp32-s3/lib422/SdFat - Adafruit Fork/common/PrintBasic.cpp.o
Compiling .pio/build/esp32-s3/lib422/SdFat - Adafruit Fork/common/upcase.cpp.o
Compiling .pio/build/esp32-s3/lib422/SdFat - Adafruit Fork/iostream/StdioStream.cpp.o
Compiling .pio/build/esp32-s3/lib422/SdFat - Adafruit Fork/iostream/StreamBaseClass.cpp.o
Compiling .pio/build/esp32-s3/lib422/SdFat - Adafruit Fork/iostream/istream.cpp.o
Compiling .pio/build/esp32-s3/lib422/SdFat - Adafruit Fork/iostream/ostream.cpp.o
Compiling .pio/build/esp32-s3/lib150/Adafruit TinyUSB Library/arduino/Adafruit_TinyUSB_API.cpp.o
Compiling .pio/build/esp32-s3/lib150/Adafruit TinyUSB Library/arduino/Adafruit_USBD_CDC.cpp.o
Compiling .pio/build/esp32-s3/lib150/Adafruit TinyUSB Library/arduino/Adafruit_USBD_Device.cpp.o
In file included from .pio/libdeps/esp32-s3/Adafruit TinyUSB Library/src/Adafruit_TinyUSB.h:30,
                 from .pio/libdeps/esp32-s3/Adafruit TinyUSB Library/src/arduino/Adafruit_TinyUSB_API.cpp:29:
.pio/libdeps/esp32-s3/Adafruit TinyUSB Library/src/arduino/ports/esp32/tusb_config_esp32.h:92: warning: "CFG_TUH_ENABLED" redefined
 #define CFG_TUH_ENABLED 1
 
In file included from .pio/libdeps/esp32-s3/Adafruit TinyUSB Library/src/arduino/Adafruit_TinyUSB_API.cpp:25:
.pio/libdeps/esp32-s3/Adafruit TinyUSB Library/src/tusb_option.h:283: note: this is the location of the previous definition
   #define CFG_TUH_ENABLED     (TUH_RHPORT_MODE & OPT_MODE_HOST)
 
In file included from .pio/libdeps/esp32-s3/Adafruit TinyUSB Library/src/Adafruit_TinyUSB.h:30,
                 from .pio/libdeps/esp32-s3/Adafruit TinyUSB Library/src/arduino/Adafruit_TinyUSB_API.cpp:29:
.pio/libdeps/esp32-s3/Adafruit TinyUSB Library/src/arduino/ports/esp32/tusb_config_esp32.h:93: warning: "CFG_TUH_MAX_SPEED" redefined
 #define CFG_TUH_MAX_SPEED OPT_MODE_FULL_SPEED
 
In file included from .pio/libdeps/esp32-s3/Adafruit TinyUSB Library/src/arduino/Adafruit_TinyUSB_API.cpp:25:
.pio/libdeps/esp32-s3/Adafruit TinyUSB Library/src/tusb_option.h:288: note: this is the location of the previous definition
   #define CFG_TUH_MAX_SPEED   (TUH_RHPORT_MODE & OPT_MODE_SPEED_MASK)
 
In file included from .pio/libdeps/esp32-s3/Adafruit TinyUSB Library/src/Adafruit_TinyUSB.h:30,
                 from .pio/libdeps/esp32-s3/Adafruit TinyUSB Library/src/arduino/Adafruit_TinyUSB_API.cpp:29:
.pio/libdeps/esp32-s3/Adafruit TinyUSB Library/src/arduino/ports/esp32/tusb_config_esp32.h:94: warning: "CFG_TUH_MAX3421" redefined
 #define CFG_TUH_MAX3421 1
 
In file included from .pio/libdeps/esp32-s3/Adafruit TinyUSB Library/src/arduino/Adafruit_TinyUSB_API.cpp:25:
.pio/libdeps/esp32-s3/Adafruit TinyUSB Library/src/tusb_option.h:556: note: this is the location of the previous definition
   #define CFG_TUH_MAX3421  0
 
In file included from .pio/libdeps/esp32-s3/Adafruit TinyUSB Library/src/Adafruit_TinyUSB.h:30,
                 from .pio/libdeps/esp32-s3/Adafruit TinyUSB Library/src/arduino/Adafruit_TinyUSB_API.cpp:29:
.pio/libdeps/esp32-s3/Adafruit TinyUSB Library/src/arduino/ports/esp32/tusb_config_esp32.h:104: warning: "CFG_TUH_HUB" redefined
 #define CFG_TUH_HUB 1
 
In file included from .pio/libdeps/esp32-s3/Adafruit TinyUSB Library/src/arduino/Adafruit_TinyUSB_API.cpp:25:
.pio/libdeps/esp32-s3/Adafruit TinyUSB Library/src/tusb_option.h:477: note: this is the location of the previous definition
   #define CFG_TUH_HUB    0
 
In file included from .pio/libdeps/esp32-s3/Adafruit TinyUSB Library/src/Adafruit_TinyUSB.h:30,
                 from .pio/libdeps/esp32-s3/Adafruit TinyUSB Library/src/arduino/Adafruit_TinyUSB_API.cpp:29:
.pio/libdeps/esp32-s3/Adafruit TinyUSB Library/src/arduino/ports/esp32/tusb_config_esp32.h:113: warning: "CFG_TUH_MSC" redefined
 #define CFG_TUH_MSC 1
 
In file included from .pio/libdeps/esp32-s3/Adafruit TinyUSB Library/src/arduino/Adafruit_TinyUSB_API.cpp:25:
.pio/libdeps/esp32-s3/Adafruit TinyUSB Library/src/tusb_option.h:534: note: this is the location of the previous definition
   #define CFG_TUH_MSC    0
 
In file included from .pio/libdeps/esp32-s3/Adafruit TinyUSB Library/src/Adafruit_TinyUSB.h:30,
                 from .pio/libdeps/esp32-s3/Adafruit TinyUSB Library/src/arduino/Adafruit_TinyUSB_API.cpp:29:
.pio/libdeps/esp32-s3/Adafruit TinyUSB Library/src/arduino/ports/esp32/tusb_config_esp32.h:117: warning: "CFG_TUH_HID" redefined
 #define CFG_TUH_HID (3 * CFG_TUH_DEVICE_MAX)
 
In file included from .pio/libdeps/esp32-s3/Adafruit TinyUSB Library/src/arduino/Adafruit_TinyUSB_API.cpp:25:
.pio/libdeps/esp32-s3/Adafruit TinyUSB Library/src/tusb_option.h:526: note: this is the location of the previous definition
   #define CFG_TUH_HID    0
 
In file included from .pio/libdeps/esp32-s3/Adafruit TinyUSB Library/src/Adafruit_TinyUSB.h:30,
                 from .pio/libdeps/esp32-s3/Adafruit TinyUSB Library/src/arduino/Adafruit_TinyUSB_API.cpp:29:
.pio/libdeps/esp32-s3/Adafruit TinyUSB Library/src/arduino/ports/esp32/tusb_config_esp32.h:121: warning: "CFG_TUH_CDC" redefined
 #define CFG_TUH_CDC 1
 
In file included from .pio/libdeps/esp32-s3/Adafruit TinyUSB Library/src/arduino/Adafruit_TinyUSB_API.cpp:25:
.pio/libdeps/esp32-s3/Adafruit TinyUSB Library/src/tusb_option.h:481: note: this is the location of the previous definition
   #define CFG_TUH_CDC    0
 
In file included from .pio/libdeps/esp32-s3/Adafruit TinyUSB Library/src/Adafruit_TinyUSB.h:30,
                 from .pio/libdeps/esp32-s3/Adafruit TinyUSB Library/src/arduino/Adafruit_TinyUSB_API.cpp:29:
.pio/libdeps/esp32-s3/Adafruit TinyUSB Library/src/arduino/ports/esp32/tusb_config_esp32.h:122: warning: "CFG_TUH_CDC_FTDI" redefined
 #define CFG_TUH_CDC_FTDI 1
 
In file included from .pio/libdeps/esp32-s3/Adafruit TinyUSB Library/src/arduino/Adafruit_TinyUSB_API.cpp:25:
.pio/libdeps/esp32-s3/Adafruit TinyUSB Library/src/tusb_option.h:486: note: this is the location of the previous definition
   #define CFG_TUH_CDC_FTDI 0
 
In file included from .pio/libdeps/esp32-s3/Adafruit TinyUSB Library/src/Adafruit_TinyUSB.h:30,
                 from .pio/libdeps/esp32-s3/Adafruit TinyUSB Library/src/arduino/Adafruit_TinyUSB_API.cpp:29:
.pio/libdeps/esp32-s3/Adafruit TinyUSB Library/src/arduino/ports/esp32/tusb_config_esp32.h:123: warning: "CFG_TUH_CDC_CP210X" redefined
 #define CFG_TUH_CDC_CP210X 1
 
In file included from .pio/libdeps/esp32-s3/Adafruit TinyUSB Library/src/arduino/Adafruit_TinyUSB_API.cpp:25:
.pio/libdeps/esp32-s3/Adafruit TinyUSB Library/src/tusb_option.h:499: note: this is the location of the previous definition
   #define CFG_TUH_CDC_CP210X 0
 
In file included from .pio/libdeps/esp32-s3/Adafruit TinyUSB Library/src/Adafruit_TinyUSB.h:30,
                 from .pio/libdeps/esp32-s3/Adafruit TinyUSB Library/src/arduino/Adafruit_TinyUSB_API.cpp:29:
.pio/libdeps/esp32-s3/Adafruit TinyUSB Library/src/arduino/ports/esp32/tusb_config_esp32.h:124: warning: "CFG_TUH_CDC_CH34X" redefined
 #define CFG_TUH_CDC_CH34X 1
 
In file included from .pio/libdeps/esp32-s3/Adafruit TinyUSB Library/src/arduino/Adafruit_TinyUSB_API.cpp:25:
.pio/libdeps/esp32-s3/Adafruit TinyUSB Library/src/tusb_option.h:510: note: this is the location of the previous definition
   #define CFG_TUH_CDC_CH34X 0
 
Compiling .pio/build/esp32-s3/lib150/Adafruit TinyUSB Library/arduino/Adafruit_USBD_Interface.cpp.o
Compiling .pio/build/esp32-s3/lib150/Adafruit TinyUSB Library/arduino/Adafruit_USBH_Host.cpp.o
Compiling .pio/build/esp32-s3/lib150/Adafruit TinyUSB Library/arduino/cdc/Adafruit_USBH_CDC.cpp.o
Compiling .pio/build/esp32-s3/lib150/Adafruit TinyUSB Library/arduino/hid/Adafruit_USBD_HID.cpp.o
Compiling .pio/build/esp32-s3/lib150/Adafruit TinyUSB Library/arduino/midi/Adafruit_USBD_MIDI.cpp.o
Compiling .pio/build/esp32-s3/lib150/Adafruit TinyUSB Library/arduino/msc/Adafruit_USBD_MSC.cpp.o
Compiling .pio/build/esp32-s3/lib150/Adafruit TinyUSB Library/arduino/msc/Adafruit_USBH_MSC.cpp.o
Compiling .pio/build/esp32-s3/lib150/Adafruit TinyUSB Library/arduino/ports/ch32/Adafruit_TinyUSB_ch32.cpp.o
Compiling .pio/build/esp32-s3/lib150/Adafruit TinyUSB Library/arduino/ports/esp32/Adafruit_TinyUSB_esp32.cpp.o
Compiling .pio/build/esp32-s3/lib150/Adafruit TinyUSB Library/arduino/ports/nrf/Adafruit_TinyUSB_nrf.cpp.o
Compiling .pio/build/esp32-s3/lib150/Adafruit TinyUSB Library/arduino/ports/rp2040/Adafruit_TinyUSB_rp2040.cpp.o
Compiling .pio/build/esp32-s3/lib150/Adafruit TinyUSB Library/arduino/ports/samd/Adafruit_TinyUSB_samd.cpp.o
Compiling .pio/build/esp32-s3/lib150/Adafruit TinyUSB Library/arduino/video/Adafruit_USBD_Video.cpp.o
Compiling .pio/build/esp32-s3/lib150/Adafruit TinyUSB Library/arduino/webusb/Adafruit_USBD_WebUSB.cpp.o
Compiling .pio/build/esp32-s3/lib150/Adafruit TinyUSB Library/class/audio/audio_device.c.o
Compiling .pio/build/esp32-s3/lib150/Adafruit TinyUSB Library/class/bth/bth_device.c.o
Compiling .pio/build/esp32-s3/lib150/Adafruit TinyUSB Library/class/cdc/cdc_device.c.o
Compiling .pio/build/esp32-s3/lib150/Adafruit TinyUSB Library/class/cdc/cdc_host.c.o
Compiling .pio/build/esp32-s3/lib150/Adafruit TinyUSB Library/class/dfu/dfu_device.c.o
Compiling .pio/build/esp32-s3/lib150/Adafruit TinyUSB Library/class/dfu/dfu_rt_device.c.o
Archiving .pio/build/esp32-s3/lib422/libSdFat - Adafruit Fork.a
Indexing .pio/build/esp32-s3/lib422/libSdFat - Adafruit Fork.a
Compiling .pio/build/esp32-s3/lib150/Adafruit TinyUSB Library/class/hid/hid_device.c.o
Compiling .pio/build/esp32-s3/lib150/Adafruit TinyUSB Library/class/hid/hid_host.c.o
Compiling .pio/build/esp32-s3/lib150/Adafruit TinyUSB Library/class/midi/midi_device.c.o
Compiling .pio/build/esp32-s3/lib150/Adafruit TinyUSB Library/class/msc/msc_device.c.o
Compiling .pio/build/esp32-s3/lib150/Adafruit TinyUSB Library/class/msc/msc_host.c.o
Compiling .pio/build/esp32-s3/lib150/Adafruit TinyUSB Library/class/net/ecm_rndis_device.c.o
Compiling .pio/build/esp32-s3/lib150/Adafruit TinyUSB Library/class/net/ncm_device.c.o
Compiling .pio/build/esp32-s3/lib150/Adafruit TinyUSB Library/class/usbtmc/usbtmc_device.c.o
Compiling .pio/build/esp32-s3/lib150/Adafruit TinyUSB Library/class/vendor/vendor_device.c.o
Compiling .pio/build/esp32-s3/lib150/Adafruit TinyUSB Library/class/video/video_device.c.o
Compiling .pio/build/esp32-s3/lib150/Adafruit TinyUSB Library/common/tusb_fifo.c.o
Compiling .pio/build/esp32-s3/lib150/Adafruit TinyUSB Library/device/usbd.c.o
Compiling .pio/build/esp32-s3/lib150/Adafruit TinyUSB Library/device/usbd_control.c.o
Compiling .pio/build/esp32-s3/lib150/Adafruit TinyUSB Library/host/hub.c.o
Compiling .pio/build/esp32-s3/lib150/Adafruit TinyUSB Library/host/usbh.c.o
Compiling .pio/build/esp32-s3/lib150/Adafruit TinyUSB Library/portable/analog/max3421/hcd_max3421.c.o
Compiling .pio/build/esp32-s3/lib150/Adafruit TinyUSB Library/portable/microchip/samd/dcd_samd.c.o
Compiling .pio/build/esp32-s3/lib150/Adafruit TinyUSB Library/portable/nordic/nrf5x/dcd_nrf5x.c.o
Compiling .pio/build/esp32-s3/lib150/Adafruit TinyUSB Library/portable/raspberrypi/pio_usb/dcd_pio_usb.c.o
Compiling .pio/build/esp32-s3/lib150/Adafruit TinyUSB Library/portable/raspberrypi/pio_usb/hcd_pio_usb.c.o
Compiling .pio/build/esp32-s3/lib150/Adafruit TinyUSB Library/portable/raspberrypi/rp2040/dcd_rp2040.c.o
Compiling .pio/build/esp32-s3/lib150/Adafruit TinyUSB Library/portable/raspberrypi/rp2040/hcd_rp2040.c.o
Compiling .pio/build/esp32-s3/lib150/Adafruit TinyUSB Library/portable/raspberrypi/rp2040/rp2040_usb.c.o
Compiling .pio/build/esp32-s3/lib150/Adafruit TinyUSB Library/portable/st/stm32_fsdev/dcd_stm32_fsdev.c.o
Compiling .pio/build/esp32-s3/lib150/Adafruit TinyUSB Library/portable/synopsys/dwc2/dcd_dwc2.c.o
Compiling .pio/build/esp32-s3/lib150/Adafruit TinyUSB Library/portable/wch/dcd_ch32_usbfs.c.o
Compiling .pio/build/esp32-s3/lib150/Adafruit TinyUSB Library/portable/wch/dcd_ch32_usbhs.c.o
Compiling .pio/build/esp32-s3/lib150/Adafruit TinyUSB Library/tusb.c.o
Compiling .pio/build/esp32-s3/FrameworkArduino/Esp.cpp.o
Compiling .pio/build/esp32-s3/FrameworkArduino/FirmwareMSC.cpp.o
Compiling .pio/build/esp32-s3/FrameworkArduino/FunctionalInterrupt.cpp.o
Compiling .pio/build/esp32-s3/FrameworkArduino/HWCDC.cpp.o
Compiling .pio/build/esp32-s3/FrameworkArduino/HardwareSerial.cpp.o
Archiving .pio/build/esp32-s3/lib150/libAdafruit TinyUSB Library.a
Compiling .pio/build/esp32-s3/FrameworkArduino/IPAddress.cpp.o
Compiling .pio/build/esp32-s3/FrameworkArduino/IPv6Address.cpp.o
Compiling .pio/build/esp32-s3/FrameworkArduino/MD5Builder.cpp.o
Compiling .pio/build/esp32-s3/FrameworkArduino/Print.cpp.o
Compiling .pio/build/esp32-s3/FrameworkArduino/Stream.cpp.o
Compiling .pio/build/esp32-s3/FrameworkArduino/StreamString.cpp.o
Indexing .pio/build/esp32-s3/lib150/libAdafruit TinyUSB Library.a
Compiling .pio/build/esp32-s3/FrameworkArduino/Tone.cpp.o
Compiling .pio/build/esp32-s3/FrameworkArduino/USB.cpp.o
Compiling .pio/build/esp32-s3/FrameworkArduino/USBCDC.cpp.o
Compiling .pio/build/esp32-s3/FrameworkArduino/USBMSC.cpp.o
Compiling .pio/build/esp32-s3/FrameworkArduino/WMath.cpp.o
Compiling .pio/build/esp32-s3/FrameworkArduino/WString.cpp.o
Compiling .pio/build/esp32-s3/FrameworkArduino/base64.cpp.o
Compiling .pio/build/esp32-s3/FrameworkArduino/cbuf.cpp.o
Compiling .pio/build/esp32-s3/FrameworkArduino/esp32-hal-adc.c.o
Compiling .pio/build/esp32-s3/FrameworkArduino/esp32-hal-bt.c.o
Compiling .pio/build/esp32-s3/FrameworkArduino/esp32-hal-cpu.c.o
Compiling .pio/build/esp32-s3/FrameworkArduino/esp32-hal-dac.c.o
Compiling .pio/build/esp32-s3/FrameworkArduino/esp32-hal-gpio.c.o
Compiling .pio/build/esp32-s3/FrameworkArduino/esp32-hal-i2c-slave.c.o
Compiling .pio/build/esp32-s3/FrameworkArduino/esp32-hal-i2c.c.o
Compiling .pio/build/esp32-s3/FrameworkArduino/esp32-hal-ledc.c.o
Compiling .pio/build/esp32-s3/FrameworkArduino/esp32-hal-matrix.c.o
Compiling .pio/build/esp32-s3/FrameworkArduino/esp32-hal-misc.c.o
Compiling .pio/build/esp32-s3/FrameworkArduino/esp32-hal-psram.c.o
Compiling .pio/build/esp32-s3/FrameworkArduino/esp32-hal-rgb-led.c.o
Compiling .pio/build/esp32-s3/FrameworkArduino/esp32-hal-rmt.c.o
Compiling .pio/build/esp32-s3/FrameworkArduino/esp32-hal-sigmadelta.c.o
Compiling .pio/build/esp32-s3/FrameworkArduino/esp32-hal-spi.c.o
Compiling .pio/build/esp32-s3/FrameworkArduino/esp32-hal-time.c.o
Compiling .pio/build/esp32-s3/FrameworkArduino/esp32-hal-timer.c.o
Compiling .pio/build/esp32-s3/FrameworkArduino/esp32-hal-tinyusb.c.o
Compiling .pio/build/esp32-s3/FrameworkArduino/esp32-hal-touch.c.o
Compiling .pio/build/esp32-s3/FrameworkArduino/esp32-hal-uart.c.o
Compiling .pio/build/esp32-s3/FrameworkArduino/firmware_msc_fat.c.o
Compiling .pio/build/esp32-s3/FrameworkArduino/libb64/cdecode.c.o
Compiling .pio/build/esp32-s3/FrameworkArduino/libb64/cencode.c.o
Compiling .pio/build/esp32-s3/FrameworkArduino/main.cpp.o
Compiling .pio/build/esp32-s3/FrameworkArduino/stdlib_noniso.c.o
Compiling .pio/build/esp32-s3/FrameworkArduino/wiring_pulse.c.o
Compiling .pio/build/esp32-s3/FrameworkArduino/wiring_shift.c.o
Archiving .pio/build/esp32-s3/libFrameworkArduino.a
Indexing .pio/build/esp32-s3/libFrameworkArduino.a
Linking .pio/build/esp32-s3/firmware.elf
Retrieving maximum program size .pio/build/esp32-s3/firmware.elf
Checking size .pio/build/esp32-s3/firmware.elf
Advanced Memory Usage is available via "PlatformIO Home > Project Inspect"
RAM:   [=         ]  10.3% (used 33672 bytes from 327680 bytes)
Flash: [=         ]   5.1% (used 334741 bytes from 6553600 bytes)
Building .pio/build/esp32-s3/firmware.bin
esptool.py v4.9.0
Creating esp32s3 image...
Merged 2 ELF sections
Successfully created esp32s3 image.
========================= [SUCCESS] Took 10.19 seconds =========================

Processing esp32-s3-axis1 (platform: espressif32; board: 4d_systems_esp32s3_gen4_r8n16; framework: arduino)
--------------------------------------------------------------------------------
Verbose mode can be enabled via `-v, --verbose` option
CONFIGURATION: https://docs.platformio.org/page/boards/espressif32/4d_systems_esp32s3_gen4_r8n16.html
PLATFORM: Espressif 32 (6.12.0) > 4D Systems GEN4-ESP32 16MB (ESP32S3-R8N16)
HARDWARE: ESP32S3 240MHz, 320KB RAM, 16MB Flash
DEBUG: Current (cmsis-dap) External (cmsis-dap, esp-bridge, esp-builtin, esp-prog, iot-bus-jtag, jlink, minimodule, olimex-arm-usb-ocd, olimex-arm-usb-ocd-h, olimex-arm-usb-tiny-h, olimex-jtag-tiny, tumpa)
PACKAGES: 
 - framework-arduinoespressif32 @ 3.20017.241212+sha.dcc1105b 
 - tool-esptoolpy @ 2.40900.250804 (4.9.0) 
 - toolchain-riscv32-esp @ 8.4.0+2021r2-patch5 
 - toolchain-xtensa-esp32s3 @ 8.4.0+2021r2-patch5
LDF: Library Dependency Finder -> https://bit.ly/configure-pio-ldf
LDF Modes: Finder ~ chain, Compatibility ~ soft
Found 38 compatible libraries
Scanning dependencies...
Dependency Graph
|-- Adafruit TinyUSB Library @ 3.3.1
Building in release mode
Compiling .pio/build/esp32-s3-axis1/src/ffb_force_calculator.cpp.o
Compiling .pio/build/esp32-s3-axis1/src/ffb_report_handler.cpp.o
Compiling .pio/build/esp32-s3-axis1/src/main.cpp.o
Archiving .pio/build/esp32-s3-axis1/lib427/libSPI.a
Indexing .pio/build/esp32-s3-axis1/lib427/libSPI.a
Compiling .pio/build/esp32-s3-axis1/libd59/SdFat - Adafruit Fork/FatLib/FatFileLFN.cpp.o
Compiling .pio/build/esp32-s3-axis1/libd59/SdFat - Adafruit Fork/FatLib/FatFilePrint.cpp.o
In file included from src/constants.h:5,
                 from src/main.cpp:6:
src/config_board.h:32: warning: "USB_VID" redefined
 #define USB_VID 0xFFFF
 
In file included from /Users/sunwj/.platformio/packages/framework-arduinoespressif32/cores/esp32/esp32-hal-gpio.h:29,
                 from /Users/sunwj/.platformio/packages/framework-arduinoespressif32/cores/esp32/esp32-hal.h:83,
                 from /Users/sunwj/.platformio/packages/framework-arduinoespressif32/cores/esp32/Arduino.h:36,
                 from src/main.cpp:1:
/Users/sunwj/.platformio/packages/framework-arduinoespressif32/variants/esp32_s3r8n16/pins_arduino.h:6: note: this is the location of the previous definition
 #define USB_VID 0x303a
 
In file included from src/constants.h:5,
                 from src/main.cpp:6:
src/config_board.h:33: warning: "USB_PID" redefined
 #define USB_PID 0x2010
 
In file included from /Users/sunwj/.platformio/packages/framework-arduinoespressif32/cores/esp32/esp32-hal-gpio.h:29,
                 from /Users/sunwj/.platformio/packages/framework-arduinoespressif32/cores/esp32/esp32-hal.h:83,
                 from /Users/sunwj/.platformio/packages/framework-arduinoespressif32/cores/esp32/Arduino.h:36,
                 from src/main.cpp:1:
/Users/sunwj/.platformio/packages/framework-arduinoespressif32/variants/esp32_s3r8n16/pins_arduino.h:7: note: this is the location of the previous definition
 #define USB_PID 0x1001
 
In file included from src/constants.h:5,
                 from src/main.cpp:6:
src/config_board.h:34: warning: "USB_MANUFACTURER" redefined
 #define USB_MANUFACTURER "SunFFB"
 
In file included from /Users/sunwj/.platformio/packages/framework-arduinoespressif32/cores/esp32/esp32-hal-gpio.h:29,
                 from /Users/sunwj/.platformio/packages/framework-arduinoespressif32/cores/esp32/esp32-hal.h:83,
                 from /Users/sunwj/.platformio/packages/framework-arduinoespressif32/cores/esp32/Arduino.h:36,
                 from src/main.cpp:1:
/Users/sunwj/.platformio/packages/framework-arduinoespressif32/variants/esp32_s3r8n16/pins_arduino.h:8: note: this is the location of the previous definition
 #define USB_MANUFACTURER  "4D Systems Pty Ltd"
 
In file included from src/constants.h:5,
                 from src/main.cpp:6:
src/config_board.h:35: warning: "USB_PRODUCT" redefined
 #define USB_PRODUCT "Force feedback joystick"
 
In file included from /Users/sunwj/.platformio/packages/framework-arduinoespressif32/cores/esp32/esp32-hal-gpio.h:29,
                 from /Users/sunwj/.platformio/packages/framework-arduinoespressif32/cores/esp32/esp32-hal.h:83,
                 from /Users/sunwj/.platformio/packages/framework-arduinoespressif32/cores/esp32/Arduino.h:36,
                 from src/main.cpp:1:
/Users/sunwj/.platformio/packages/framework-arduinoespressif32/variants/esp32_s3r8n16/pins_arduino.h:9: note: this is the location of the previous definition
 #define USB_PRODUCT   "4D Systems gen4-ESP32 16MB Modules (ESP32-S3R8n16)"
 
Compiling .pio/build/esp32-s3-axis1/libd59/SdFat - Adafruit Fork/FatLib/FatFileSFN.cpp.o
Compiling .pio/build/esp32-s3-axis1/libd59/SdFat - Adafruit Fork/FatLib/FatFormatter.cpp.o
Compiling .pio/build/esp32-s3-axis1/libd59/SdFat - Adafruit Fork/FatLib/FatName.cpp.o
Compiling .pio/build/esp32-s3-axis1/libd59/SdFat - Adafruit Fork/FatLib/FatPartition.cpp.o
Compiling .pio/build/esp32-s3-axis1/libd59/SdFat - Adafruit Fork/FatLib/FatVolume.cpp.o
Compiling .pio/build/esp32-s3-axis1/libd59/SdFat - Adafruit Fork/FreeStack.cpp.o
Compiling .pio/build/esp32-s3-axis1/libd59/SdFat - Adafruit Fork/FsLib/FsFile.cpp.o
Compiling .pio/build/esp32-s3-axis1/libd59/SdFat - Adafruit Fork/FsLib/FsNew.cpp.o
Compiling .pio/build/esp32-s3-axis1/libd59/SdFat - Adafruit Fork/FsLib/FsVolume.cpp.o
Compiling .pio/build/esp32-s3-axis1/libd59/SdFat - Adafruit Fork/MinimumSerial.cpp.o
Compiling .pio/build/esp32-s3-axis1/libd59/SdFat - Adafruit Fork/SdCard/Rp2040Sdio/PioSdioCard.cpp.o
Compiling .pio/build/esp32-s3-axis1/libd59/SdFat - Adafruit Fork/SdCard/SdCardInfo.cpp.o
Compiling .pio/build/esp32-s3-axis1/libd59/SdFat - Adafruit Fork/SdCard/SdSpiCard.cpp.o
Compiling .pio/build/esp32-s3-axis1/libd59/SdFat - Adafruit Fork/SdCard/TeensySdio/TeensySdio.cpp.o
Compiling .pio/build/esp32-s3-axis1/libd59/SdFat - Adafruit Fork/SpiDriver/SdSpiArtemis.cpp.o
Compiling .pio/build/esp32-s3-axis1/libd59/SdFat - Adafruit Fork/SpiDriver/SdSpiChipSelect.cpp.o
Compiling .pio/build/esp32-s3-axis1/libd59/SdFat - Adafruit Fork/SpiDriver/SdSpiDue.cpp.o
Compiling .pio/build/esp32-s3-axis1/libd59/SdFat - Adafruit Fork/SpiDriver/SdSpiParticle.cpp.o
Compiling .pio/build/esp32-s3-axis1/libd59/SdFat - Adafruit Fork/SpiDriver/SdSpiSTM32.cpp.o
Compiling .pio/build/esp32-s3-axis1/libd59/SdFat - Adafruit Fork/SpiDriver/SdSpiSTM32Core.cpp.o
Compiling .pio/build/esp32-s3-axis1/libd59/SdFat - Adafruit Fork/SpiDriver/SdSpiTeensy3.cpp.o
Compiling .pio/build/esp32-s3-axis1/libd59/SdFat - Adafruit Fork/common/FmtNumber.cpp.o
Compiling .pio/build/esp32-s3-axis1/libd59/SdFat - Adafruit Fork/common/FsCache.cpp.o
Compiling .pio/build/esp32-s3-axis1/libd59/SdFat - Adafruit Fork/common/FsDateTime.cpp.o
Compiling .pio/build/esp32-s3-axis1/libd59/SdFat - Adafruit Fork/common/FsName.cpp.o
Compiling .pio/build/esp32-s3-axis1/libd59/SdFat - Adafruit Fork/common/FsStructs.cpp.o
Compiling .pio/build/esp32-s3-axis1/libd59/SdFat - Adafruit Fork/common/FsUtf.cpp.o
Compiling .pio/build/esp32-s3-axis1/libd59/SdFat - Adafruit Fork/common/PrintBasic.cpp.o
Compiling .pio/build/esp32-s3-axis1/libd59/SdFat - Adafruit Fork/common/upcase.cpp.o
Compiling .pio/build/esp32-s3-axis1/libd59/SdFat - Adafruit Fork/iostream/StdioStream.cpp.o
Compiling .pio/build/esp32-s3-axis1/libd59/SdFat - Adafruit Fork/iostream/StreamBaseClass.cpp.o
Compiling .pio/build/esp32-s3-axis1/libd59/SdFat - Adafruit Fork/iostream/istream.cpp.o
Compiling .pio/build/esp32-s3-axis1/libd59/SdFat - Adafruit Fork/iostream/ostream.cpp.o
Compiling .pio/build/esp32-s3-axis1/lib43a/Adafruit TinyUSB Library/arduino/Adafruit_TinyUSB_API.cpp.o
Compiling .pio/build/esp32-s3-axis1/lib43a/Adafruit TinyUSB Library/arduino/Adafruit_USBD_CDC.cpp.o
Compiling .pio/build/esp32-s3-axis1/lib43a/Adafruit TinyUSB Library/arduino/Adafruit_USBD_Device.cpp.o
Compiling .pio/build/esp32-s3-axis1/lib43a/Adafruit TinyUSB Library/arduino/Adafruit_USBD_Interface.cpp.o
In file included from .pio/libdeps/esp32-s3-axis1/Adafruit TinyUSB Library/src/Adafruit_TinyUSB.h:30,
                 from .pio/libdeps/esp32-s3-axis1/Adafruit TinyUSB Library/src/arduino/Adafruit_TinyUSB_API.cpp:29:
.pio/libdeps/esp32-s3-axis1/Adafruit TinyUSB Library/src/arduino/ports/esp32/tusb_config_esp32.h:92: warning: "CFG_TUH_ENABLED" redefined
 #define CFG_TUH_ENABLED 1
 
In file included from .pio/libdeps/esp32-s3-axis1/Adafruit TinyUSB Library/src/arduino/Adafruit_TinyUSB_API.cpp:25:
.pio/libdeps/esp32-s3-axis1/Adafruit TinyUSB Library/src/tusb_option.h:283: note: this is the location of the previous definition
   #define CFG_TUH_ENABLED     (TUH_RHPORT_MODE & OPT_MODE_HOST)
 
In file included from .pio/libdeps/esp32-s3-axis1/Adafruit TinyUSB Library/src/Adafruit_TinyUSB.h:30,
                 from .pio/libdeps/esp32-s3-axis1/Adafruit TinyUSB Library/src/arduino/Adafruit_TinyUSB_API.cpp:29:
.pio/libdeps/esp32-s3-axis1/Adafruit TinyUSB Library/src/arduino/ports/esp32/tusb_config_esp32.h:93: warning: "CFG_TUH_MAX_SPEED" redefined
 #define CFG_TUH_MAX_SPEED OPT_MODE_FULL_SPEED
 
In file included from .pio/libdeps/esp32-s3-axis1/Adafruit TinyUSB Library/src/arduino/Adafruit_TinyUSB_API.cpp:25:
.pio/libdeps/esp32-s3-axis1/Adafruit TinyUSB Library/src/tusb_option.h:288: note: this is the location of the previous definition
   #define CFG_TUH_MAX_SPEED   (TUH_RHPORT_MODE & OPT_MODE_SPEED_MASK)
 
In file included from .pio/libdeps/esp32-s3-axis1/Adafruit TinyUSB Library/src/Adafruit_TinyUSB.h:30,
                 from .pio/libdeps/esp32-s3-axis1/Adafruit TinyUSB Library/src/arduino/Adafruit_TinyUSB_API.cpp:29:
.pio/libdeps/esp32-s3-axis1/Adafruit TinyUSB Library/src/arduino/ports/esp32/tusb_config_esp32.h:94: warning: "CFG_TUH_MAX3421" redefined
 #define CFG_TUH_MAX3421 1
 
In file included from .pio/libdeps/esp32-s3-axis1/Adafruit TinyUSB Library/src/arduino/Adafruit_TinyUSB_API.cpp:25:
.pio/libdeps/esp32-s3-axis1/Adafruit TinyUSB Library/src/tusb_option.h:556: note: this is the location of the previous definition
   #define CFG_TUH_MAX3421  0
 
In file included from .pio/libdeps/esp32-s3-axis1/Adafruit TinyUSB Library/src/Adafruit_TinyUSB.h:30,
                 from .pio/libdeps/esp32-s3-axis1/Adafruit TinyUSB Library/src/arduino/Adafruit_TinyUSB_API.cpp:29:
.pio/libdeps/esp32-s3-axis1/Adafruit TinyUSB Library/src/arduino/ports/esp32/tusb_config_esp32.h:104: warning: "CFG_TUH_HUB" redefined
 #define CFG_TUH_HUB 1
 
In file included from .pio/libdeps/esp32-s3-axis1/Adafruit TinyUSB Library/src/arduino/Adafruit_TinyUSB_API.cpp:25:
.pio/libdeps/esp32-s3-axis1/Adafruit TinyUSB Library/src/tusb_option.h:477: note: this is the location of the previous definition
   #define CFG_TUH_HUB    0
 
In file included from .pio/libdeps/esp32-s3-axis1/Adafruit TinyUSB Library/src/Adafruit_TinyUSB.h:30,
                 from .pio/libdeps/esp32-s3-axis1/Adafruit TinyUSB Library/src/arduino/Adafruit_TinyUSB_API.cpp:29:
.pio/libdeps/esp32-s3-axis1/Adafruit TinyUSB Library/src/arduino/ports/esp32/tusb_config_esp32.h:113: warning: "CFG_TUH_MSC" redefined
 #define CFG_TUH_MSC 1
 
In file included from .pio/libdeps/esp32-s3-axis1/Adafruit TinyUSB Library/src/arduino/Adafruit_TinyUSB_API.cpp:25:
.pio/libdeps/esp32-s3-axis1/Adafruit TinyUSB Library/src/tusb_option.h:534: note: this is the location of the previous definition
   #define CFG_TUH_MSC    0
 
In file included from .pio/libdeps/esp32-s3-axis1/Adafruit TinyUSB Library/src/Adafruit_TinyUSB.h:30,
                 from .pio/libdeps/esp32-s3-axis1/Adafruit TinyUSB Library/src/arduino/Adafruit_TinyUSB_API.cpp:29:
.pio/libdeps/esp32-s3-axis1/Adafruit TinyUSB Library/src/arduino/ports/esp32/tusb_config_esp32.h:117: warning: "CFG_TUH_HID" redefined
 #define CFG_TUH_HID (3 * CFG_TUH_DEVICE_MAX)
 
In file included from .pio/libdeps/esp32-s3-axis1/Adafruit TinyUSB Library/src/arduino/Adafruit_TinyUSB_API.cpp:25:
.pio/libdeps/esp32-s3-axis1/Adafruit TinyUSB Library/src/tusb_option.h:526: note: this is the location of the previous definition
   #define CFG_TUH_HID    0
 
In file included from .pio/libdeps/esp32-s3-axis1/Adafruit TinyUSB Library/src/Adafruit_TinyUSB.h:30,
                 from .pio/libdeps/esp32-s3-axis1/Adafruit TinyUSB Library/src/arduino/Adafruit_TinyUSB_API.cpp:29:
.pio/libdeps/esp32-s3-axis1/Adafruit TinyUSB Library/src/arduino/ports/esp32/tusb_config_esp32.h:121: warning: "CFG_TUH_CDC" redefined
 #define CFG_TUH_CDC 1
 
In file included from .pio/libdeps/esp32-s3-axis1/Adafruit TinyUSB Library/src/arduino/Adafruit_TinyUSB_API.cpp:25:
.pio/libdeps/esp32-s3-axis1/Adafruit TinyUSB Library/src/tusb_option.h:481: note: this is the location of the previous definition
   #define CFG_TUH_CDC    0
 
In file included from .pio/libdeps/esp32-s3-axis1/Adafruit TinyUSB Library/src/Adafruit_TinyUSB.h:30,
                 from .pio/libdeps/esp32-s3-axis1/Adafruit TinyUSB Library/src/arduino/Adafruit_TinyUSB_API.cpp:29:
.pio/libdeps/esp32-s3-axis1/Adafruit TinyUSB Library/src/arduino/ports/esp32/tusb_config_esp32.h:122: warning: "CFG_TUH_CDC_FTDI" redefined
 #define CFG_TUH_CDC_FTDI 1
 
In file included from .pio/libdeps/esp32-s3-axis1/Adafruit TinyUSB Library/src/arduino/Adafruit_TinyUSB_API.cpp:25:
.pio/libdeps/esp32-s3-axis1/Adafruit TinyUSB Library/src/tusb_option.h:486: note: this is the location of the previous definition
   #define CFG_TUH_CDC_FTDI 0
 
In file included from .pio/libdeps/esp32-s3-axis1/Adafruit TinyUSB Library/src/Adafruit_TinyUSB.h:30,
                 from .pio/libdeps/esp32-s3-axis1/Adafruit TinyUSB Library/src/arduino/Adafruit_TinyUSB_API.cpp:29:
.pio/libdeps/esp32-s3-axis1/Adafruit TinyUSB Library/src/arduino/ports/esp32/tusb_config_esp32.h:123: warning: "CFG_TUH_CDC_CP210X" redefined
 #define CFG_TUH_CDC_CP210X 1
 
In file included from .pio/libdeps/esp32-s3-axis1/Adafruit TinyUSB Library/src/arduino/Adafruit_TinyUSB_API.cpp:25:
.pio/libdeps/esp32-s3-axis1/Adafruit TinyUSB Library/src/tusb_option.h:499: note: this is the location of the previous definition
   #define CFG_TUH_CDC_CP210X 0
 
In file included from .pio/libdeps/esp32-s3-axis1/Adafruit TinyUSB Library/src/Adafruit_TinyUSB.h:30,
                 from .pio/libdeps/esp32-s3-axis1/Adafruit TinyUSB Library/src/arduino/Adafruit_TinyUSB_API.cpp:29:
.pio/libdeps/esp32-s3-axis1/Adafruit TinyUSB Library/src/arduino/ports/esp32/tusb_config_esp32.h:124: warning: "CFG_TUH_CDC_CH34X" redefined
 #define CFG_TUH_CDC_CH34X 1
 
In file included from .pio/libdeps/esp32-s3-axis1/Adafruit TinyUSB Library/src/arduino/Adafruit_TinyUSB_API.cpp:25:
.pio/libdeps/esp32-s3-axis1/Adafruit TinyUSB Library/src/tusb_option.h:510: note: this is the location of the previous definition
   #define CFG_TUH_CDC_CH34X 0
 
Compiling .pio/build/esp32-s3-axis1/lib43a/Adafruit TinyUSB Library/arduino/Adafruit_USBH_Host.cpp.o
Compiling .pio/build/esp32-s3-axis1/lib43a/Adafruit TinyUSB Library/arduino/cdc/Adafruit_USBH_CDC.cpp.o
Compiling .pio/build/esp32-s3-axis1/lib43a/Adafruit TinyUSB Library/arduino/hid/Adafruit_USBD_HID.cpp.o
Compiling .pio/build/esp32-s3-axis1/lib43a/Adafruit TinyUSB Library/arduino/midi/Adafruit_USBD_MIDI.cpp.o
Compiling .pio/build/esp32-s3-axis1/lib43a/Adafruit TinyUSB Library/arduino/msc/Adafruit_USBD_MSC.cpp.o
Compiling .pio/build/esp32-s3-axis1/lib43a/Adafruit TinyUSB Library/arduino/msc/Adafruit_USBH_MSC.cpp.o
Compiling .pio/build/esp32-s3-axis1/lib43a/Adafruit TinyUSB Library/arduino/ports/ch32/Adafruit_TinyUSB_ch32.cpp.o
Compiling .pio/build/esp32-s3-axis1/lib43a/Adafruit TinyUSB Library/arduino/ports/esp32/Adafruit_TinyUSB_esp32.cpp.o
Compiling .pio/build/esp32-s3-axis1/lib43a/Adafruit TinyUSB Library/arduino/ports/nrf/Adafruit_TinyUSB_nrf.cpp.o
Compiling .pio/build/esp32-s3-axis1/lib43a/Adafruit TinyUSB Library/arduino/ports/rp2040/Adafruit_TinyUSB_rp2040.cpp.o
Compiling .pio/build/esp32-s3-axis1/lib43a/Adafruit TinyUSB Library/arduino/ports/samd/Adafruit_TinyUSB_samd.cpp.o
Archiving .pio/build/esp32-s3-axis1/libd59/libSdFat - Adafruit Fork.a
Compiling .pio/build/esp32-s3-axis1/lib43a/Adafruit TinyUSB Library/arduino/video/Adafruit_USBD_Video.cpp.o
Compiling .pio/build/esp32-s3-axis1/lib43a/Adafruit TinyUSB Library/arduino/webusb/Adafruit_USBD_WebUSB.cpp.o
Compiling .pio/build/esp32-s3-axis1/lib43a/Adafruit TinyUSB Library/class/audio/audio_device.c.o
Compiling .pio/build/esp32-s3-axis1/lib43a/Adafruit TinyUSB Library/class/bth/bth_device.c.o
Indexing .pio/build/esp32-s3-axis1/libd59/libSdFat - Adafruit Fork.a
Compiling .pio/build/esp32-s3-axis1/lib43a/Adafruit TinyUSB Library/class/cdc/cdc_device.c.o
Compiling .pio/build/esp32-s3-axis1/lib43a/Adafruit TinyUSB Library/class/cdc/cdc_host.c.o
Compiling .pio/build/esp32-s3-axis1/lib43a/Adafruit TinyUSB Library/class/dfu/dfu_device.c.o
Compiling .pio/build/esp32-s3-axis1/lib43a/Adafruit TinyUSB Library/class/dfu/dfu_rt_device.c.o
Compiling .pio/build/esp32-s3-axis1/lib43a/Adafruit TinyUSB Library/class/hid/hid_device.c.o
Compiling .pio/build/esp32-s3-axis1/lib43a/Adafruit TinyUSB Library/class/hid/hid_host.c.o
Compiling .pio/build/esp32-s3-axis1/lib43a/Adafruit TinyUSB Library/class/midi/midi_device.c.o
Compiling .pio/build/esp32-s3-axis1/lib43a/Adafruit TinyUSB Library/class/msc/msc_device.c.o
Compiling .pio/build/esp32-s3-axis1/lib43a/Adafruit TinyUSB Library/class/msc/msc_host.c.o
Compiling .pio/build/esp32-s3-axis1/lib43a/Adafruit TinyUSB Library/class/net/ecm_rndis_device.c.o
Compiling .pio/build/esp32-s3-axis1/lib43a/Adafruit TinyUSB Library/class/net/ncm_device.c.o
Compiling .pio/build/esp32-s3-axis1/lib43a/Adafruit TinyUSB Library/class/usbtmc/usbtmc_device.c.o
Compiling .pio/build/esp32-s3-axis1/lib43a/Adafruit TinyUSB Library/class/vendor/vendor_device.c.o
Compiling .pio/build/esp32-s3-axis1/lib43a/Adafruit TinyUSB Library/class/video/video_device.c.o
Compiling .pio/build/esp32-s3-axis1/lib43a/Adafruit TinyUSB Library/common/tusb_fifo.c.o
Compiling .pio/build/esp32-s3-axis1/lib43a/Adafruit TinyUSB Library/device/usbd.c.o
Compiling .pio/build/esp32-s3-axis1/lib43a/Adafruit TinyUSB Library/device/usbd_control.c.o
Compiling .pio/build/esp32-s3-axis1/lib43a/Adafruit TinyUSB Library/host/hub.c.o
Compiling .pio/build/esp32-s3-axis1/lib43a/Adafruit TinyUSB Library/host/usbh.c.o
Compiling .pio/build/esp32-s3-axis1/lib43a/Adafruit TinyUSB Library/portable/analog/max3421/hcd_max3421.c.o
Compiling .pio/build/esp32-s3-axis1/lib43a/Adafruit TinyUSB Library/portable/microchip/samd/dcd_samd.c.o
Compiling .pio/build/esp32-s3-axis1/lib43a/Adafruit TinyUSB Library/portable/nordic/nrf5x/dcd_nrf5x.c.o
Compiling .pio/build/esp32-s3-axis1/lib43a/Adafruit TinyUSB Library/portable/raspberrypi/pio_usb/dcd_pio_usb.c.o
Compiling .pio/build/esp32-s3-axis1/lib43a/Adafruit TinyUSB Library/portable/raspberrypi/pio_usb/hcd_pio_usb.c.o
Compiling .pio/build/esp32-s3-axis1/lib43a/Adafruit TinyUSB Library/portable/raspberrypi/rp2040/dcd_rp2040.c.o
Compiling .pio/build/esp32-s3-axis1/lib43a/Adafruit TinyUSB Library/portable/raspberrypi/rp2040/hcd_rp2040.c.o
Compiling .pio/build/esp32-s3-axis1/lib43a/Adafruit TinyUSB Library/portable/raspberrypi/rp2040/rp2040_usb.c.o
Compiling .pio/build/esp32-s3-axis1/lib43a/Adafruit TinyUSB Library/portable/st/stm32_fsdev/dcd_stm32_fsdev.c.o
Compiling .pio/build/esp32-s3-axis1/lib43a/Adafruit TinyUSB Library/portable/synopsys/dwc2/dcd_dwc2.c.o
Compiling .pio/build/esp32-s3-axis1/lib43a/Adafruit TinyUSB Library/portable/wch/dcd_ch32_usbfs.c.o
Compiling .pio/build/esp32-s3-axis1/lib43a/Adafruit TinyUSB Library/portable/wch/dcd_ch32_usbhs.c.o
Compiling .pio/build/esp32-s3-axis1/lib43a/Adafruit TinyUSB Library/tusb.c.o
Compiling .pio/build/esp32-s3-axis1/FrameworkArduino/Esp.cpp.o
Compiling .pio/build/esp32-s3-axis1/FrameworkArduino/FirmwareMSC.cpp.o
Compiling .pio/build/esp32-s3-axis1/FrameworkArduino/FunctionalInterrupt.cpp.o
Compiling .pio/build/esp32-s3-axis1/FrameworkArduino/HWCDC.cpp.o
Compiling .pio/build/esp32-s3-axis1/FrameworkArduino/HardwareSerial.cpp.o
Compiling .pio/build/esp32-s3-axis1/FrameworkArduino/IPAddress.cpp.o
Archiving .pio/build/esp32-s3-axis1/lib43a/libAdafruit TinyUSB Library.a
Compiling .pio/build/esp32-s3-axis1/FrameworkArduino/IPv6Address.cpp.o
Compiling .pio/build/esp32-s3-axis1/FrameworkArduino/MD5Builder.cpp.o
Compiling .pio/build/esp32-s3-axis1/FrameworkArduino/Print.cpp.o
Compiling .pio/build/esp32-s3-axis1/FrameworkArduino/Stream.cpp.o
Compiling .pio/build/esp32-s3-axis1/FrameworkArduino/StreamString.cpp.o
Indexing .pio/build/esp32-s3-axis1/lib43a/libAdafruit TinyUSB Library.a
Compiling .pio/build/esp32-s3-axis1/FrameworkArduino/Tone.cpp.o
Compiling .pio/build/esp32-s3-axis1/FrameworkArduino/USB.cpp.o
Compiling .pio/build/esp32-s3-axis1/FrameworkArduino/USBCDC.cpp.o
Compiling .pio/build/esp32-s3-axis1/FrameworkArduino/USBMSC.cpp.o
Compiling .pio/build/esp32-s3-axis1/FrameworkArduino/WMath.cpp.o
Compiling .pio/build/esp32-s3-axis1/FrameworkArduino/WString.cpp.o
Compiling .pio/build/esp32-s3-axis1/FrameworkArduino/base64.cpp.o
Compiling .pio/build/esp32-s3-axis1/FrameworkArduino/cbuf.cpp.o
Compiling .pio/build/esp32-s3-axis1/FrameworkArduino/esp32-hal-adc.c.o
Compiling .pio/build/esp32-s3-axis1/FrameworkArduino/esp32-hal-bt.c.o
Compiling .pio/build/esp32-s3-axis1/FrameworkArduino/esp32-hal-cpu.c.o
Compiling .pio/build/esp32-s3-axis1/FrameworkArduino/esp32-hal-dac.c.o
Compiling .pio/build/esp32-s3-axis1/FrameworkArduino/esp32-hal-gpio.c.o
Compiling .pio/build/esp32-s3-axis1/FrameworkArduino/esp32-hal-i2c-slave.c.o
Compiling .pio/build/esp32-s3-axis1/FrameworkArduino/esp32-hal-i2c.c.o
Compiling .pio/build/esp32-s3-axis1/FrameworkArduino/esp32-hal-ledc.c.o
Compiling .pio/build/esp32-s3-axis1/FrameworkArduino/esp32-hal-matrix.c.o
Compiling .pio/build/esp32-s3-axis1/FrameworkArduino/esp32-hal-misc.c.o
Compiling .pio/build/esp32-s3-axis1/FrameworkArduino/esp32-hal-psram.c.o
Compiling .pio/build/esp32-s3-axis1/FrameworkArduino/esp32-hal-rgb-led.c.o
Compiling .pio/build/esp32-s3-axis1/FrameworkArduino/esp32-hal-rmt.c.o
Compiling .pio/build/esp32-s3-axis1/FrameworkArduino/esp32-hal-sigmadelta.c.o
Compiling .pio/build/esp32-s3-axis1/FrameworkArduino/esp32-hal-spi.c.o
Compiling .pio/build/esp32-s3-axis1/FrameworkArduino/esp32-hal-time.c.o
Compiling .pio/build/esp32-s3-axis1/FrameworkArduino/esp32-hal-timer.c.o
Compiling .pio/build/esp32-s3-axis1/FrameworkArduino/esp32-hal-tinyusb.c.o
Compiling .pio/build/esp32-s3-axis1/FrameworkArduino/esp32-hal-touch.c.o
Compiling .pio/build/esp32-s3-axis1/FrameworkArduino/esp32-hal-uart.c.o
Compiling .pio/build/esp32-s3-axis1/FrameworkArduino/firmware_msc_fat.c.o
Compiling .pio/build/esp32-s3-axis1/FrameworkArduino/libb64/cdecode.c.o
Compiling .pio/build/esp32-s3-axis1/FrameworkArduino/libb64/cencode.c.o
Compiling .pio/build/esp32-s3-axis1/FrameworkArduino/main.cpp.o
Compiling .pio/build/esp32-s3-axis1/FrameworkArduino/stdlib_noniso.c.o
Compiling .pio/build/esp32-s3-axis1/FrameworkArduino/wiring_pulse.c.o
Compiling .pio/build/esp32-s3-axis1/FrameworkArduino/wiring_shift.c.o
Archiving .pio/build/esp32-s3-axis1/libFrameworkArduino.a
Indexing .pio/build/esp32-s3-axis1/libFrameworkArduino.a
Linking .pio/build/esp32-s3-axis1/firmware.elf
Retrieving maximum program size .pio/build/esp32-s3-axis1/firmware.elf
Checking size .pio/build/esp32-s3-axis1/firmware.elf
Advanced Memory Usage is available via "PlatformIO Home > Project Inspect"
RAM:   [=         ]  10.2% (used 33264 bytes from 327680 bytes)
Flash: [=         ]   5.1% (used 333877 bytes from 6553600 bytes)
Building .pio/build/esp32-s3-axis1/firmware.bin
esptool.py v4.9.0
Creating esp32s3 image...
Merged 2 ELF sections
Successfully created esp32s3 image.
========================= [SUCCESS] Took 9.86 seconds =========================

Processing esp32-s3-axis3 (platform: espressif32; board: 4d_systems_esp32s3_gen4_r8n16; framework: arduino)
--------------------------------------------------------------------------------
Verbose mode can be enabled via `-v, --verbose` option
CONFIGURATION: https://docs.platformio.org/page/boards/espressif32/4d_systems_esp32s3_gen4_r8n16.html
PLATFORM: Espressif 32 (6.12.0) > 4D Systems GEN4-ESP32 16MB (ESP32S3-R8N16)
HARDWARE: ESP32S3 240MHz, 320KB RAM, 16MB Flash
DEBUG: Current (cmsis-dap) External (cmsis-dap, esp-bridge, esp-builtin, esp-prog, iot-bus-jtag, jlink, minimodule, olimex-arm-usb-ocd, olimex-arm-usb-ocd-h, olimex-arm-usb-tiny-h, olimex-jtag-tiny, tumpa)
PACKAGES: 
 - framework-arduinoespressif32 @ 3.20017.241212+sha.dcc1105b 
 - tool-esptoolpy @ 2.40900.250804 (4.9.0) 
 - toolchain-riscv32-esp @ 8.4.0+2021r2-patch5 
 - toolchain-xtensa-esp32s3 @ 8.4.0+2021r2-patch5
LDF: Library Dependency Finder -> https://bit.ly/configure-pio-ldf
LDF Modes: Finder ~ chain, Compatibility ~ soft
Found 38 compatible libraries
Scanning dependencies...
Dependency Graph
|-- Adafruit TinyUSB Library @ 3.3.1
Building in release mode
Compiling .pio/build/esp32-s3-axis3/src/ffb_force_calculator.cpp.o
Compiling .pio/build/esp32-s3-axis3/src/ffb_report_handler.cpp.o
Compiling .pio/build/esp32-s3-axis3/src/main.cpp.o
Archiving .pio/build/esp32-s3-axis3/lib427/libSPI.a
Indexing .pio/build/esp32-s3-axis3/lib427/libSPI.a
Compiling .pio/build/esp32-s3-axis3/lib35a/SdFat - Adafruit Fork/FatLib/FatFileLFN.cpp.o
Compiling .pio/build/esp32-s3-axis3/lib35a/SdFat - Adafruit Fork/FatLib/FatFilePrint.cpp.o
Compiling .pio/build/esp32-s3-axis3/lib35a/SdFat - Adafruit Fork/FatLib/FatFileSFN.cpp.o
Compiling .pio/build/esp32-s3-axis3/lib35a/SdFat - Adafruit Fork/FatLib/FatFormatter.cpp.o
In file included from src/constants.h:5,
                 from src/main.cpp:6:
src/config_board.h:32: warning: "USB_VID" redefined
 #define USB_VID 0xFFFF
 
In file included from /Users/sunwj/.platformio/packages/framework-arduinoespressif32/cores/esp32/esp32-hal-gpio.h:29,
                 from /Users/sunwj/.platformio/packages/framework-arduinoespressif32/cores/esp32/esp32-hal.h:83,
                 from /Users/sunwj/.platformio/packages/framework-arduinoespressif32/cores/esp32/Arduino.h:36,
                 from src/main.cpp:1:
/Users/sunwj/.platformio/packages/framework-arduinoespressif32/variants/esp32_s3r8n16/pins_arduino.h:6: note: this is the location of the previous definition
 #define USB_VID 0x303a
 
In file included from src/constants.h:5,
                 from src/main.cpp:6:
src/config_board.h:33: warning: "USB_PID" redefined
 #define USB_PID 0x2010
 
In file included from /Users/sunwj/.platformio/packages/framework-arduinoespressif32/cores/esp32/esp32-hal-gpio.h:29,
                 from /Users/sunwj/.platformio/packages/framework-arduinoespressif32/cores/esp32/esp32-hal.h:83,
                 from /Users/sunwj/.platformio/packages/framework-arduinoespressif32/cores/esp32/Arduino.h:36,
                 from src/main.cpp:1:
/Users/sunwj/.platformio/packages/framework-arduinoespressif32/variants/esp32_s3r8n16/pins_arduino.h:7: note: this is the location of the previous definition
 #define USB_PID 0x1001
 
In file included from src/constants.h:5,
                 from src/main.cpp:6:
src/config_board.h:34: warning: "USB_MANUFACTURER" redefined
 #define USB_MANUFACTURER "SunFFB"
 
In file included from /Users/sunwj/.platformio/packages/framework-arduinoespressif32/cores/esp32/esp32-hal-gpio.h:29,
                 from /Users/sunwj/.platformio/packages/framework-arduinoespressif32/cores/esp32/esp32-hal.h:83,
                 from /Users/sunwj/.platformio/packages/framework-arduinoespressif32/cores/esp32/Arduino.h:36,
                 from src/main.cpp:1:
/Users/sunwj/.platformio/packages/framework-arduinoespressif32/variants/esp32_s3r8n16/pins_arduino.h:8: note: this is the location of the previous definition
 #define USB_MANUFACTURER  "4D Systems Pty Ltd"
 
In file included from src/constants.h:5,
                 from src/main.cpp:6:
src/config_board.h:35: warning: "USB_PRODUCT" redefined
 #define USB_PRODUCT "Force feedback joystick"
 
In file included from /Users/sunwj/.platformio/packages/framework-arduinoespressif32/cores/esp32/esp32-hal-gpio.h:29,
                 from /Users/sunwj/.platformio/packages/framework-arduinoespressif32/cores/esp32/esp32-hal.h:83,
                 from /Users/sunwj/.platformio/packages/framework-arduinoespressif32/cores/esp32/Arduino.h:36,
                 from src/main.cpp:1:
/Users/sunwj/.platformio/packages/framework-arduinoespressif32/variants/esp32_s3r8n16/pins_arduino.h:9: note: this is the location of the previous definition
 #define USB_PRODUCT   "4D Systems gen4-ESP32 16MB Modules (ESP32-S3R8n16)"
 
Compiling .pio/build/esp32-s3-axis3/lib35a/SdFat - Adafruit Fork/FatLib/FatName.cpp.o
Compiling .pio/build/esp32-s3-axis3/lib35a/SdFat - Adafruit Fork/FatLib/FatPartition.cpp.o
Compiling .pio/build/esp32-s3-axis3/lib35a/SdFat - Adafruit Fork/FatLib/FatVolume.cpp.o
Compiling .pio/build/esp32-s3-axis3/lib35a/SdFat - Adafruit Fork/FreeStack.cpp.o
Compiling .pio/build/esp32-s3-axis3/lib35a/SdFat - Adafruit Fork/FsLib/FsFile.cpp.o
Compiling .pio/build/esp32-s3-axis3/lib35a/SdFat - Adafruit Fork/FsLib/FsNew.cpp.o
Compiling .pio/build/esp32-s3-axis3/lib35a/SdFat - Adafruit Fork/FsLib/FsVolume.cpp.o
Compiling .pio/build/esp32-s3-axis3/lib35a/SdFat - Adafruit Fork/MinimumSerial.cpp.o
Compiling .pio/build/esp32-s3-axis3/lib35a/SdFat - Adafruit Fork/SdCard/Rp2040Sdio/PioSdioCard.cpp.o
Compiling .pio/build/esp32-s3-axis3/lib35a/SdFat - Adafruit Fork/SdCard/SdCardInfo.cpp.o
Compiling .pio/build/esp32-s3-axis3/lib35a/SdFat - Adafruit Fork/SdCard/SdSpiCard.cpp.o
Compiling .pio/build/esp32-s3-axis3/lib35a/SdFat - Adafruit Fork/SdCard/TeensySdio/TeensySdio.cpp.o
Compiling .pio/build/esp32-s3-axis3/lib35a/SdFat - Adafruit Fork/SpiDriver/SdSpiArtemis.cpp.o
Compiling .pio/build/esp32-s3-axis3/lib35a/SdFat - Adafruit Fork/SpiDriver/SdSpiChipSelect.cpp.o
Compiling .pio/build/esp32-s3-axis3/lib35a/SdFat - Adafruit Fork/SpiDriver/SdSpiDue.cpp.o
Compiling .pio/build/esp32-s3-axis3/lib35a/SdFat - Adafruit Fork/SpiDriver/SdSpiParticle.cpp.o
Compiling .pio/build/esp32-s3-axis3/lib35a/SdFat - Adafruit Fork/SpiDriver/SdSpiSTM32.cpp.o
Compiling .pio/build/esp32-s3-axis3/lib35a/SdFat - Adafruit Fork/SpiDriver/SdSpiSTM32Core.cpp.o
Compiling .pio/build/esp32-s3-axis3/lib35a/SdFat - Adafruit Fork/SpiDriver/SdSpiTeensy3.cpp.o
Compiling .pio/build/esp32-s3-axis3/lib35a/SdFat - Adafruit Fork/common/FmtNumber.cpp.o
Compiling .pio/build/esp32-s3-axis3/lib35a/SdFat - Adafruit Fork/common/FsCache.cpp.o
Compiling .pio/build/esp32-s3-axis3/lib35a/SdFat - Adafruit Fork/common/FsDateTime.cpp.o
Compiling .pio/build/esp32-s3-axis3/lib35a/SdFat - Adafruit Fork/common/FsName.cpp.o
Compiling .pio/build/esp32-s3-axis3/lib35a/SdFat - Adafruit Fork/common/FsStructs.cpp.o
Compiling .pio/build/esp32-s3-axis3/lib35a/SdFat - Adafruit Fork/common/FsUtf.cpp.o
Compiling .pio/build/esp32-s3-axis3/lib35a/SdFat - Adafruit Fork/common/PrintBasic.cpp.o
Compiling .pio/build/esp32-s3-axis3/lib35a/SdFat - Adafruit Fork/common/upcase.cpp.o
Compiling .pio/build/esp32-s3-axis3/lib35a/SdFat - Adafruit Fork/iostream/StdioStream.cpp.o
Compiling .pio/build/esp32-s3-axis3/lib35a/SdFat - Adafruit Fork/iostream/StreamBaseClass.cpp.o
Compiling .pio/build/esp32-s3-axis3/lib35a/SdFat - Adafruit Fork/iostream/istream.cpp.o
Compiling .pio/build/esp32-s3-axis3/lib35a/SdFat - Adafruit Fork/iostream/ostream.cpp.o
Compiling .pio/build/esp32-s3-axis3/lib269/Adafruit TinyUSB Library/arduino/Adafruit_TinyUSB_API.cpp.o
Compiling .pio/build/esp32-s3-axis3/lib269/Adafruit TinyUSB Library/arduino/Adafruit_USBD_CDC.cpp.o
In file included from .pio/libdeps/esp32-s3-axis3/Adafruit TinyUSB Library/src/Adafruit_TinyUSB.h:30,
                 from .pio/libdeps/esp32-s3-axis3/Adafruit TinyUSB Library/src/arduino/Adafruit_TinyUSB_API.cpp:29:
.pio/libdeps/esp32-s3-axis3/Adafruit TinyUSB Library/src/arduino/ports/esp32/tusb_config_esp32.h:92: warning: "CFG_TUH_ENABLED" redefined
 #define CFG_TUH_ENABLED 1
 
In file included from .pio/libdeps/esp32-s3-axis3/Adafruit TinyUSB Library/src/arduino/Adafruit_TinyUSB_API.cpp:25:
.pio/libdeps/esp32-s3-axis3/Adafruit TinyUSB Library/src/tusb_option.h:283: note: this is the location of the previous definition
   #define CFG_TUH_ENABLED     (TUH_RHPORT_MODE & OPT_MODE_HOST)
 
In file included from .pio/libdeps/esp32-s3-axis3/Adafruit TinyUSB Library/src/Adafruit_TinyUSB.h:30,
                 from .pio/libdeps/esp32-s3-axis3/Adafruit TinyUSB Library/src/arduino/Adafruit_TinyUSB_API.cpp:29:
.pio/libdeps/esp32-s3-axis3/Adafruit TinyUSB Library/src/arduino/ports/esp32/tusb_config_esp32.h:93: warning: "CFG_TUH_MAX_SPEED" redefined
 #define CFG_TUH_MAX_SPEED OPT_MODE_FULL_SPEED
 
In file included from .pio/libdeps/esp32-s3-axis3/Adafruit TinyUSB Library/src/arduino/Adafruit_TinyUSB_API.cpp:25:
.pio/libdeps/esp32-s3-axis3/Adafruit TinyUSB Library/src/tusb_option.h:288: note: this is the location of the previous definition
   #define CFG_TUH_MAX_SPEED   (TUH_RHPORT_MODE & OPT_MODE_SPEED_MASK)
 
In file included from .pio/libdeps/esp32-s3-axis3/Adafruit TinyUSB Library/src/Adafruit_TinyUSB.h:30,
                 from .pio/libdeps/esp32-s3-axis3/Adafruit TinyUSB Library/src/arduino/Adafruit_TinyUSB_API.cpp:29:
.pio/libdeps/esp32-s3-axis3/Adafruit TinyUSB Library/src/arduino/ports/esp32/tusb_config_esp32.h:94: warning: "CFG_TUH_MAX3421" redefined
 #define CFG_TUH_MAX3421 1
 
In file included from .pio/libdeps/esp32-s3-axis3/Adafruit TinyUSB Library/src/arduino/Adafruit_TinyUSB_API.cpp:25:
.pio/libdeps/esp32-s3-axis3/Adafruit TinyUSB Library/src/tusb_option.h:556: note: this is the location of the previous definition
   #define CFG_TUH_MAX3421  0
 
In file included from .pio/libdeps/esp32-s3-axis3/Adafruit TinyUSB Library/src/Adafruit_TinyUSB.h:30,
                 from .pio/libdeps/esp32-s3-axis3/Adafruit TinyUSB Library/src/arduino/Adafruit_TinyUSB_API.cpp:29:
.pio/libdeps/esp32-s3-axis3/Adafruit TinyUSB Library/src/arduino/ports/esp32/tusb_config_esp32.h:104: warning: "CFG_TUH_HUB" redefined
 #define CFG_TUH_HUB 1
 
In file included from .pio/libdeps/esp32-s3-axis3/Adafruit TinyUSB Library/src/arduino/Adafruit_TinyUSB_API.cpp:25:
.pio/libdeps/esp32-s3-axis3/Adafruit TinyUSB Library/src/tusb_option.h:477: note: this is the location of the previous definition
   #define CFG_TUH_HUB    0
 
In file included from .pio/libdeps/esp32-s3-axis3/Adafruit TinyUSB Library/src/Adafruit_TinyUSB.h:30,
                 from .pio/libdeps/esp32-s3-axis3/Adafruit TinyUSB Library/src/arduino/Adafruit_TinyUSB_API.cpp:29:
.pio/libdeps/esp32-s3-axis3/Adafruit TinyUSB Library/src/arduino/ports/esp32/tusb_config_esp32.h:113: warning: "CFG_TUH_MSC" redefined
 #define CFG_TUH_MSC 1
 
In file included from .pio/libdeps/esp32-s3-axis3/Adafruit TinyUSB Library/src/arduino/Adafruit_TinyUSB_API.cpp:25:
.pio/libdeps/esp32-s3-axis3/Adafruit TinyUSB Library/src/tusb_option.h:534: note: this is the location of the previous definition
   #define CFG_TUH_MSC    0
 
In file included from .pio/libdeps/esp32-s3-axis3/Adafruit TinyUSB Library/src/Adafruit_TinyUSB.h:30,
                 from .pio/libdeps/esp32-s3-axis3/Adafruit TinyUSB Library/src/arduino/Adafruit_TinyUSB_API.cpp:29:
.pio/libdeps/esp32-s3-axis3/Adafruit TinyUSB Library/src/arduino/ports/esp32/tusb_config_esp32.h:117: warning: "CFG_TUH_HID" redefined
 #define CFG_TUH_HID (3 * CFG_TUH_DEVICE_MAX)
 
In file included from .pio/libdeps/esp32-s3-axis3/Adafruit TinyUSB Library/src/arduino/Adafruit_TinyUSB_API.cpp:25:
.pio/libdeps/esp32-s3-axis3/Adafruit TinyUSB Library/src/tusb_option.h:526: note: this is the location of the previous definition
   #define CFG_TUH_HID    0
 
In file included from .pio/libdeps/esp32-s3-axis3/Adafruit TinyUSB Library/src/Adafruit_TinyUSB.h:30,
                 from .pio/libdeps/esp32-s3-axis3/Adafruit TinyUSB Library/src/arduino/Adafruit_TinyUSB_API.cpp:29:
.pio/libdeps/esp32-s3-axis3/Adafruit TinyUSB Library/src/arduino/ports/esp32/tusb_config_esp32.h:121: warning: "CFG_TUH_CDC" redefined
 #define CFG_TUH_CDC 1
 
In file included from .pio/libdeps/esp32-s3-axis3/Adafruit TinyUSB Library/src/arduino/Adafruit_TinyUSB_API.cpp:25:
.pio/libdeps/esp32-s3-axis3/Adafruit TinyUSB Library/src/tusb_option.h:481: note: this is the location of the previous definition
   #define CFG_TUH_CDC    0
 
In file included from .pio/libdeps/esp32-s3-axis3/Adafruit TinyUSB Library/src/Adafruit_TinyUSB.h:30,
                 from .pio/libdeps/esp32-s3-axis3/Adafruit TinyUSB Library/src/arduino/Adafruit_TinyUSB_API.cpp:29:
.pio/libdeps/esp32-s3-axis3/Adafruit TinyUSB Library/src/arduino/ports/esp32/tusb_config_esp32.h:122: warning: "CFG_TUH_CDC_FTDI" redefined
 #define CFG_TUH_CDC_FTDI 1
 
In file included from .pio/libdeps/esp32-s3-axis3/Adafruit TinyUSB Library/src/arduino/Adafruit_TinyUSB_API.cpp:25:
.pio/libdeps/esp32-s3-axis3/Adafruit TinyUSB Library/src/tusb_option.h:486: note: this is the location of the previous definition
   #define CFG_TUH_CDC_FTDI 0
 
In file included from .pio/libdeps/esp32-s3-axis3/Adafruit TinyUSB Library/src/Adafruit_TinyUSB.h:30,
                 from .pio/libdeps/esp32-s3-axis3/Adafruit TinyUSB Library/src/arduino/Adafruit_TinyUSB_API.cpp:29:
.pio/libdeps/esp32-s3-axis3/Adafruit TinyUSB Library/src/arduino/ports/esp32/tusb_config_esp32.h:123: warning: "CFG_TUH_CDC_CP210X" redefined
 #define CFG_TUH_CDC_CP210X 1
 
In file included from .pio/libdeps/esp32-s3-axis3/Adafruit TinyUSB Library/src/arduino/Adafruit_TinyUSB_API.cpp:25:
.pio/libdeps/esp32-s3-axis3/Adafruit TinyUSB Library/src/tusb_option.h:499: note: this is the location of the previous definition
   #define CFG_TUH_CDC_CP210X 0
 
In file included from .pio/libdeps/esp32-s3-axis3/Adafruit TinyUSB Library/src/Adafruit_TinyUSB.h:30,
                 from .pio/libdeps/esp32-s3-axis3/Adafruit TinyUSB Library/src/arduino/Adafruit_TinyUSB_API.cpp:29:
.pio/libdeps/esp32-s3-axis3/Adafruit TinyUSB Library/src/arduino/ports/esp32/tusb_config_esp32.h:124: warning: "CFG_TUH_CDC_CH34X" redefined
 #define CFG_TUH_CDC_CH34X 1
 
In file included from .pio/libdeps/esp32-s3-axis3/Adafruit TinyUSB Library/src/arduino/Adafruit_TinyUSB_API.cpp:25:
.pio/libdeps/esp32-s3-axis3/Adafruit TinyUSB Library/src/tusb_option.h:510: note: this is the location of the previous definition
   #define CFG_TUH_CDC_CH34X 0
 
Compiling .pio/build/esp32-s3-axis3/lib269/Adafruit TinyUSB Library/arduino/Adafruit_USBD_Device.cpp.o
Compiling .pio/build/esp32-s3-axis3/lib269/Adafruit TinyUSB Library/arduino/Adafruit_USBD_Interface.cpp.o
Compiling .pio/build/esp32-s3-axis3/lib269/Adafruit TinyUSB Library/arduino/Adafruit_USBH_Host.cpp.o
Compiling .pio/build/esp32-s3-axis3/lib269/Adafruit TinyUSB Library/arduino/cdc/Adafruit_USBH_CDC.cpp.o
Compiling .pio/build/esp32-s3-axis3/lib269/Adafruit TinyUSB Library/arduino/hid/Adafruit_USBD_HID.cpp.o
Compiling .pio/build/esp32-s3-axis3/lib269/Adafruit TinyUSB Library/arduino/midi/Adafruit_USBD_MIDI.cpp.o
Compiling .pio/build/esp32-s3-axis3/lib269/Adafruit TinyUSB Library/arduino/msc/Adafruit_USBD_MSC.cpp.o
Compiling .pio/build/esp32-s3-axis3/lib269/Adafruit TinyUSB Library/arduino/msc/Adafruit_USBH_MSC.cpp.o
Compiling .pio/build/esp32-s3-axis3/lib269/Adafruit TinyUSB Library/arduino/ports/ch32/Adafruit_TinyUSB_ch32.cpp.o
Compiling .pio/build/esp32-s3-axis3/lib269/Adafruit TinyUSB Library/arduino/ports/esp32/Adafruit_TinyUSB_esp32.cpp.o
Compiling .pio/build/esp32-s3-axis3/lib269/Adafruit TinyUSB Library/arduino/ports/nrf/Adafruit_TinyUSB_nrf.cpp.o
Compiling .pio/build/esp32-s3-axis3/lib269/Adafruit TinyUSB Library/arduino/ports/rp2040/Adafruit_TinyUSB_rp2040.cpp.o
Compiling .pio/build/esp32-s3-axis3/lib269/Adafruit TinyUSB Library/arduino/ports/samd/Adafruit_TinyUSB_samd.cpp.o
Compiling .pio/build/esp32-s3-axis3/lib269/Adafruit TinyUSB Library/arduino/video/Adafruit_USBD_Video.cpp.o
Compiling .pio/build/esp32-s3-axis3/lib269/Adafruit TinyUSB Library/arduino/webusb/Adafruit_USBD_WebUSB.cpp.o
Archiving .pio/build/esp32-s3-axis3/lib35a/libSdFat - Adafruit Fork.a
Compiling .pio/build/esp32-s3-axis3/lib269/Adafruit TinyUSB Library/class/audio/audio_device.c.o
Compiling .pio/build/esp32-s3-axis3/lib269/Adafruit TinyUSB Library/class/bth/bth_device.c.o
Compiling .pio/build/esp32-s3-axis3/lib269/Adafruit TinyUSB Library/class/cdc/cdc_device.c.o
Compiling .pio/build/esp32-s3-axis3/lib269/Adafruit TinyUSB Library/class/cdc/cdc_host.c.o
Indexing .pio/build/esp32-s3-axis3/lib35a/libSdFat - Adafruit Fork.a
Compiling .pio/build/esp32-s3-axis3/lib269/Adafruit TinyUSB Library/class/dfu/dfu_device.c.o
Compiling .pio/build/esp32-s3-axis3/lib269/Adafruit TinyUSB Library/class/dfu/dfu_rt_device.c.o
Compiling .pio/build/esp32-s3-axis3/lib269/Adafruit TinyUSB Library/class/hid/hid_device.c.o
Compiling .pio/build/esp32-s3-axis3/lib269/Adafruit TinyUSB Library/class/hid/hid_host.c.o
Compiling .pio/build/esp32-s3-axis3/lib269/Adafruit TinyUSB Library/class/midi/midi_device.c.o
Compiling .pio/build/esp32-s3-axis3/lib269/Adafruit TinyUSB Library/class/msc/msc_device.c.o
Compiling .pio/build/esp32-s3-axis3/lib269/Adafruit TinyUSB Library/class/msc/msc_host.c.o
Compiling .pio/build/esp32-s3-axis3/lib269/Adafruit TinyUSB Library/class/net/ecm_rndis_device.c.o
Compiling .pio/build/esp32-s3-axis3/lib269/Adafruit TinyUSB Library/class/net/ncm_device.c.o
Compiling .pio/build/esp32-s3-axis3/lib269/Adafruit TinyUSB Library/class/usbtmc/usbtmc_device.c.o
Compiling .pio/build/esp32-s3-axis3/lib269/Adafruit TinyUSB Library/class/vendor/vendor_device.c.o
Compiling .pio/build/esp32-s3-axis3/lib269/Adafruit TinyUSB Library/class/video/video_device.c.o
Compiling .pio/build/esp32-s3-axis3/lib269/Adafruit TinyUSB Library/common/tusb_fifo.c.o
Compiling .pio/build/esp32-s3-axis3/lib269/Adafruit TinyUSB Library/device/usbd.c.o
Compiling .pio/build/esp32-s3-axis3/lib269/Adafruit TinyUSB Library/device/usbd_control.c.o
Compiling .pio/build/esp32-s3-axis3/lib269/Adafruit TinyUSB Library/host/hub.c.o
Compiling .pio/build/esp32-s3-axis3/lib269/Adafruit TinyUSB Library/host/usbh.c.o
Compiling .pio/build/esp32-s3-axis3/lib269/Adafruit TinyUSB Library/portable/analog/max3421/hcd_max3421.c.o
Compiling .pio/build/esp32-s3-axis3/lib269/Adafruit TinyUSB Library/portable/microchip/samd/dcd_samd.c.o
Compiling .pio/build/esp32-s3-axis3/lib269/Adafruit TinyUSB Library/portable/nordic/nrf5x/dcd_nrf5x.c.o
Compiling .pio/build/esp32-s3-axis3/lib269/Adafruit TinyUSB Library/portable/raspberrypi/pio_usb/dcd_pio_usb.c.o
Compiling .pio/build/esp32-s3-axis3/lib269/Adafruit TinyUSB Library/portable/raspberrypi/pio_usb/hcd_pio_usb.c.o
Compiling .pio/build/esp32-s3-axis3/lib269/Adafruit TinyUSB Library/portable/raspberrypi/rp2040/dcd_rp2040.c.o
Compiling .pio/build/esp32-s3-axis3/lib269/Adafruit TinyUSB Library/portable/raspberrypi/rp2040/hcd_rp2040.c.o
Compiling .pio/build/esp32-s3-axis3/lib269/Adafruit TinyUSB Library/portable/raspberrypi/rp2040/rp2040_usb.c.o
Compiling .pio/build/esp32-s3-axis3/lib269/Adafruit TinyUSB Library/portable/st/stm32_fsdev/dcd_stm32_fsdev.c.o
Compiling .pio/build/esp32-s3-axis3/lib269/Adafruit TinyUSB Library/portable/synopsys/dwc2/dcd_dwc2.c.o
Compiling .pio/build/esp32-s3-axis3/lib269/Adafruit TinyUSB Library/portable/wch/dcd_ch32_usbfs.c.o
Compiling .pio/build/esp32-s3-axis3/lib269/Adafruit TinyUSB Library/portable/wch/dcd_ch32_usbhs.c.o
Compiling .pio/build/esp32-s3-axis3/lib269/Adafruit TinyUSB Library/tusb.c.o
Compiling .pio/build/esp32-s3-axis3/FrameworkArduino/Esp.cpp.o
Compiling .pio/build/esp32-s3-axis3/FrameworkArduino/FirmwareMSC.cpp.o
Compiling .pio/build/esp32-s3-axis3/FrameworkArduino/FunctionalInterrupt.cpp.o
Compiling .pio/build/esp32-s3-axis3/FrameworkArduino/HWCDC.cpp.o
Compiling .pio/build/esp32-s3-axis3/FrameworkArduino/HardwareSerial.cpp.o
Compiling .pio/build/esp32-s3-axis3/FrameworkArduino/IPAddress.cpp.o
Compiling .pio/build/esp32-s3-axis3/FrameworkArduino/IPv6Address.cpp.o
Archiving .pio/build/esp32-s3-axis3/lib269/libAdafruit TinyUSB Library.a
Compiling .pio/build/esp32-s3-axis3/FrameworkArduino/MD5Builder.cpp.o
Compiling .pio/build/esp32-s3-axis3/FrameworkArduino/Print.cpp.o
Compiling .pio/build/esp32-s3-axis3/FrameworkArduino/Stream.cpp.o
Compiling .pio/build/esp32-s3-axis3/FrameworkArduino/StreamString.cpp.o
Indexing .pio/build/esp32-s3-axis3/lib269/libAdafruit TinyUSB Library.a
Compiling .pio/build/esp32-s3-axis3/FrameworkArduino/Tone.cpp.o
Compiling .pio/build/esp32-s3-axis3/FrameworkArduino/USB.cpp.o
Compiling .pio/build/esp32-s3-axis3/FrameworkArduino/USBCDC.cpp.o
Compiling .pio/build/esp32-s3-axis3/FrameworkArduino/USBMSC.cpp.o
Compiling .pio/build/esp32-s3-axis3/FrameworkArduino/WMath.cpp.o
Compiling .pio/build/esp32-s3-axis3/FrameworkArduino/WString.cpp.o
Compiling .pio/build/esp32-s3-axis3/FrameworkArduino/base64.cpp.o
Compiling .pio/build/esp32-s3-axis3/FrameworkArduino/cbuf.cpp.o
Compiling .pio/build/esp32-s3-axis3/FrameworkArduino/esp32-hal-adc.c.o
Compiling .pio/build/esp32-s3-axis3/FrameworkArduino/esp32-hal-bt.c.o
Compiling .pio/build/esp32-s3-axis3/FrameworkArduino/esp32-hal-cpu.c.o
Compiling .pio/build/esp32-s3-axis3/FrameworkArduino/esp32-hal-dac.c.o
Compiling .pio/build/esp32-s3-axis3/FrameworkArduino/esp32-hal-gpio.c.o
Compiling .pio/build/esp32-s3-axis3/FrameworkArduino/esp32-hal-i2c-slave.c.o
Compiling .pio/build/esp32-s3-axis3/FrameworkArduino/esp32-hal-i2c.c.o
Compiling .pio/build/esp32-s3-axis3/FrameworkArduino/esp32-hal-ledc.c.o
Compiling .pio/build/esp32-s3-axis3/FrameworkArduino/esp32-hal-matrix.c.o
Compiling .pio/build/esp32-s3-axis3/FrameworkArduino/esp32-hal-misc.c.o
Compiling .pio/build/esp32-s3-axis3/FrameworkArduino/esp32-hal-psram.c.o
Compiling .pio/build/esp32-s3-axis3/FrameworkArduino/esp32-hal-rgb-led.c.o
Compiling .pio/build/esp32-s3-axis3/FrameworkArduino/esp32-hal-rmt.c.o
Compiling .pio/build/esp32-s3-axis3/FrameworkArduino/esp32-hal-sigmadelta.c.o
Compiling .pio/build/esp32-s3-axis3/FrameworkArduino/esp32-hal-spi.c.o
Compiling .pio/build/esp32-s3-axis3/FrameworkArduino/esp32-hal-time.c.o
Compiling .pio/build/esp32-s3-axis3/FrameworkArduino/esp32-hal-timer.c.o
Compiling .pio/build/esp32-s3-axis3/FrameworkArduino/esp32-hal-tinyusb.c.o
Compiling .pio/build/esp32-s3-axis3/FrameworkArduino/esp32-hal-touch.c.o
Compiling .pio/build/esp32-s3-axis3/FrameworkArduino/esp32-hal-uart.c.o
Compiling .pio/build/esp32-s3-axis3/FrameworkArduino/firmware_msc_fat.c.o
Compiling .pio/build/esp32-s3-axis3/FrameworkArduino/libb64/cdecode.c.o
Compiling .pio/build/esp32-s3-axis3/FrameworkArduino/libb64/cencode.c.o
Compiling .pio/build/esp32-s3-axis3/FrameworkArduino/main.cpp.o
Compiling .pio/build/esp32-s3-axis3/FrameworkArduino/stdlib_noniso.c.o
Compiling .pio/build/esp32-s3-axis3/FrameworkArduino/wiring_pulse.c.o
Compiling .pio/build/esp32-s3-axis3/FrameworkArduino/wiring_shift.c.o
Archiving .pio/build/esp32-s3-axis3/libFrameworkArduino.a
Indexing .pio/build/esp32-s3-axis3/libFrameworkArduino.a
Linking .pio/build/esp32-s3-axis3/firmware.elf
Retrieving maximum program size .pio/build/esp32-s3-axis3/firmware.elf
Checking size .pio/build/esp32-s3-axis3/firmware.elf
Advanced Memory Usage is available via "PlatformIO Home > Project Inspect"
RAM:   [=         ]  10.4% (used 34088 bytes from 327680 bytes)
Flash: [=         ]   5.1% (used 334673 bytes from 6553600 bytes)
Building .pio/build/esp32-s3-axis3/firmware.bin
esptool.py v4.9.0
Creating esp32s3 image...
Merged 2 ELF sections
Successfully created esp32s3 image.
========================= [SUCCESS] Took 9.48 seconds =========================

Processing esp32-s2 (board: esp32-s2-saola-1; platform: espressif32; framework: arduino)
--------------------------------------------------------------------------------
Verbose mode can be enabled via `-v, --verbose` option
CONFIGURATION: https://docs.platformio.org/page/boards/espressif32/esp32-s2-saola-1.html
PLATFORM: Espressif 32 (6.12.0) > Espressif ESP32-S2-Saola-1
HARDWARE: ESP32S2 240MHz, 320KB RAM, 4MB Flash
DEBUG: Current (cmsis-dap) External (cmsis-dap, esp-bridge, esp-prog, iot-bus-jtag, jlink, minimodule, olimex-arm-usb-ocd, olimex-arm-usb-ocd-h, olimex-arm-usb-tiny-h, olimex-jtag-tiny, tumpa)
PACKAGES: 
 - framework-arduinoespressif32 @ 3.20017.241212+sha.dcc1105b 
 - tool-esptoolpy @ 2.40900.250804 (4.9.0) 
 - toolchain-riscv32-esp @ 8.4.0+2021r2-patch5 
 - toolchain-xtensa-esp32s2 @ 8.4.0+2021r2-patch5
LDF: Library Dependency Finder -> https://bit.ly/configure-pio-ldf
LDF Modes: Finder ~ chain, Compatibility ~ soft
Found 38 compatible libraries
Scanning dependencies...
Dependency Graph
|-- Adafruit TinyUSB Library @ 3.3.1
Building in release mode
Compiling .pio/build/esp32-s2/src/ffb_force_calculator.cpp.o
Compiling .pio/build/esp32-s2/src/ffb_report_handler.cpp.o
Compiling .pio/build/esp32-s2/src/main.cpp.o
Archiving .pio/build/esp32-s2/lib427/libSPI.a
Indexing .pio/build/esp32-s2/lib427/libSPI.a
Compiling .pio/build/esp32-s2/lib6fd/SdFat - Adafruit Fork/FatLib/FatFileLFN.cpp.o
Compiling .pio/build/esp32-s2/lib6fd/SdFat - Adafruit Fork/FatLib/FatFilePrint.cpp.o
Compiling .pio/build/esp32-s2/lib6fd/SdFat - Adafruit Fork/FatLib/FatFileSFN.cpp.o
Compiling .pio/build/esp32-s2/lib6fd/SdFat - Adafruit Fork/FatLib/FatFormatter.cpp.o
Compiling .pio/build/esp32-s2/lib6fd/SdFat - Adafruit Fork/FatLib/FatName.cpp.o
Compiling .pio/build/esp32-s2/lib6fd/SdFat - Adafruit Fork/FatLib/FatPartition.cpp.o
Compiling .pio/build/esp32-s2/lib6fd/SdFat - Adafruit Fork/FatLib/FatVolume.cpp.o
Compiling .pio/build/esp32-s2/lib6fd/SdFat - Adafruit Fork/FreeStack.cpp.o
Compiling .pio/build/esp32-s2/lib6fd/SdFat - Adafruit Fork/FsLib/FsFile.cpp.o
Compiling .pio/build/esp32-s2/lib6fd/SdFat - Adafruit Fork/FsLib/FsNew.cpp.o
Compiling .pio/build/esp32-s2/lib6fd/SdFat - Adafruit Fork/FsLib/FsVolume.cpp.o
Compiling .pio/build/esp32-s2/lib6fd/SdFat - Adafruit Fork/MinimumSerial.cpp.o
Compiling .pio/build/esp32-s2/lib6fd/SdFat - Adafruit Fork/SdCard/Rp2040Sdio/PioSdioCard.cpp.o
Compiling .pio/build/esp32-s2/lib6fd/SdFat - Adafruit Fork/SdCard/SdCardInfo.cpp.o
Compiling .pio/build/esp32-s2/lib6fd/SdFat - Adafruit Fork/SdCard/SdSpiCard.cpp.o
Compiling .pio/build/esp32-s2/lib6fd/SdFat - Adafruit Fork/SdCard/TeensySdio/TeensySdio.cpp.o
Compiling .pio/build/esp32-s2/lib6fd/SdFat - Adafruit Fork/SpiDriver/SdSpiArtemis.cpp.o
Compiling .pio/build/esp32-s2/lib6fd/SdFat - Adafruit Fork/SpiDriver/SdSpiChipSelect.cpp.o
Compiling .pio/build/esp32-s2/lib6fd/SdFat - Adafruit Fork/SpiDriver/SdSpiDue.cpp.o
Compiling .pio/build/esp32-s2/lib6fd/SdFat - Adafruit Fork/SpiDriver/SdSpiParticle.cpp.o
Compiling .pio/build/esp32-s2/lib6fd/SdFat - Adafruit Fork/SpiDriver/SdSpiSTM32.cpp.o
Compiling .pio/build/esp32-s2/lib6fd/SdFat - Adafruit Fork/SpiDriver/SdSpiSTM32Core.cpp.o
Compiling .pio/build/esp32-s2/lib6fd/SdFat - Adafruit Fork/SpiDriver/SdSpiTeensy3.cpp.o
Compiling .pio/build/esp32-s2/lib6fd/SdFat - Adafruit Fork/common/FmtNumber.cpp.o
Compiling .pio/build/esp32-s2/lib6fd/SdFat - Adafruit Fork/common/FsCache.cpp.o
Compiling .pio/build/esp32-s2/lib6fd/SdFat - Adafruit Fork/common/FsDateTime.cpp.o
Compiling .pio/build/esp32-s2/lib6fd/SdFat - Adafruit Fork/common/FsName.cpp.o
Compiling .pio/build/esp32-s2/lib6fd/SdFat - Adafruit Fork/common/FsStructs.cpp.o
Compiling .pio/build/esp32-s2/lib6fd/SdFat - Adafruit Fork/common/FsUtf.cpp.o
Compiling .pio/build/esp32-s2/lib6fd/SdFat - Adafruit Fork/common/PrintBasic.cpp.o
Compiling .pio/build/esp32-s2/lib6fd/SdFat - Adafruit Fork/common/upcase.cpp.o
Compiling .pio/build/esp32-s2/lib6fd/SdFat - Adafruit Fork/iostream/StdioStream.cpp.o
Compiling .pio/build/esp32-s2/lib6fd/SdFat - Adafruit Fork/iostream/StreamBaseClass.cpp.o
Compiling .pio/build/esp32-s2/lib6fd/SdFat - Adafruit Fork/iostream/istream.cpp.o
Compiling .pio/build/esp32-s2/lib6fd/SdFat - Adafruit Fork/iostream/ostream.cpp.o
Compiling .pio/build/esp32-s2/lib280/Adafruit TinyUSB Library/arduino/Adafruit_TinyUSB_API.cpp.o
Compiling .pio/build/esp32-s2/lib280/Adafruit TinyUSB Library/arduino/Adafruit_USBD_CDC.cpp.o
Compiling .pio/build/esp32-s2/lib280/Adafruit TinyUSB Library/arduino/Adafruit_USBD_Device.cpp.o
In file included from .pio/libdeps/esp32-s2/Adafruit TinyUSB Library/src/Adafruit_TinyUSB.h:30,
                 from .pio/libdeps/esp32-s2/Adafruit TinyUSB Library/src/arduino/Adafruit_TinyUSB_API.cpp:29:
.pio/libdeps/esp32-s2/Adafruit TinyUSB Library/src/arduino/ports/esp32/tusb_config_esp32.h:92: warning: "CFG_TUH_ENABLED" redefined
 #define CFG_TUH_ENABLED 1
 
In file included from .pio/libdeps/esp32-s2/Adafruit TinyUSB Library/src/arduino/Adafruit_TinyUSB_API.cpp:25:
.pio/libdeps/esp32-s2/Adafruit TinyUSB Library/src/tusb_option.h:283: note: this is the location of the previous definition
   #define CFG_TUH_ENABLED     (TUH_RHPORT_MODE & OPT_MODE_HOST)
 
In file included from .pio/libdeps/esp32-s2/Adafruit TinyUSB Library/src/Adafruit_TinyUSB.h:30,
                 from .pio/libdeps/esp32-s2/Adafruit TinyUSB Library/src/arduino/Adafruit_TinyUSB_API.cpp:29:
.pio/libdeps/esp32-s2/Adafruit TinyUSB Library/src/arduino/ports/esp32/tusb_config_esp32.h:93: warning: "CFG_TUH_MAX_SPEED" redefined
 #define CFG_TUH_MAX_SPEED OPT_MODE_FULL_SPEED
 
In file included from .pio/libdeps/esp32-s2/Adafruit TinyUSB Library/src/arduino/Adafruit_TinyUSB_API.cpp:25:
.pio/libdeps/esp32-s2/Adafruit TinyUSB Library/src/tusb_option.h:288: note: this is the location of the previous definition
   #define CFG_TUH_MAX_SPEED   (TUH_RHPORT_MODE & OPT_MODE_SPEED_MASK)
 
In file included from .pio/libdeps/esp32-s2/Adafruit TinyUSB Library/src/Adafruit_TinyUSB.h:30,
                 from .pio/libdeps/esp32-s2/Adafruit TinyUSB Library/src/arduino/Adafruit_TinyUSB_API.cpp:29:
.pio/libdeps/esp32-s2/Adafruit TinyUSB Library/src/arduino/ports/esp32/tusb_config_esp32.h:94: warning: "CFG_TUH_MAX3421" redefined
 #define CFG_TUH_MAX3421 1
 
In file included from .pio/libdeps/esp32-s2/Adafruit TinyUSB Library/src/arduino/Adafruit_TinyUSB_API.cpp:25:
.pio/libdeps/esp32-s2/Adafruit TinyUSB Library/src/tusb_option.h:556: note: this is the location of the previous definition
   #define CFG_TUH_MAX3421  0
 
In file included from .pio/libdeps/esp32-s2/Adafruit TinyUSB Library/src/Adafruit_TinyUSB.h:30,
                 from .pio/libdeps/esp32-s2/Adafruit TinyUSB Library/src/arduino/Adafruit_TinyUSB_API.cpp:29:
.pio/libdeps/esp32-s2/Adafruit TinyUSB Library/src/arduino/ports/esp32/tusb_config_esp32.h:104: warning: "CFG_TUH_HUB" redefined
 #define CFG_TUH_HUB 1
 
In file included from .pio/libdeps/esp32-s2/Adafruit TinyUSB Library/src/arduino/Adafruit_TinyUSB_API.cpp:25:
.pio/libdeps/esp32-s2/Adafruit TinyUSB Library/src/tusb_option.h:477: note: this is the location of the previous definition
   #define CFG_TUH_HUB    0
 
In file included from .pio/libdeps/esp32-s2/Adafruit TinyUSB Library/src/Adafruit_TinyUSB.h:30,
                 from .pio/libdeps/esp32-s2/Adafruit TinyUSB Library/src/arduino/Adafruit_TinyUSB_API.cpp:29:
.pio/libdeps/esp32-s2/Adafruit TinyUSB Library/src/arduino/ports/esp32/tusb_config_esp32.h:113: warning: "CFG_TUH_MSC" redefined
 #define CFG_TUH_MSC 1
 
In file included from .pio/libdeps/esp32-s2/Adafruit TinyUSB Library/src/arduino/Adafruit_TinyUSB_API.cpp:25:
.pio/libdeps/esp32-s2/Adafruit TinyUSB Library/src/tusb_option.h:534: note: this is the location of the previous definition
   #define CFG_TUH_MSC    0
 
In file included from .pio/libdeps/esp32-s2/Adafruit TinyUSB Library/src/Adafruit_TinyUSB.h:30,
                 from .pio/libdeps/esp32-s2/Adafruit TinyUSB Library/src/arduino/Adafruit_TinyUSB_API.cpp:29:
.pio/libdeps/esp32-s2/Adafruit TinyUSB Library/src/arduino/ports/esp32/tusb_config_esp32.h:117: warning: "CFG_TUH_HID" redefined
 #define CFG_TUH_HID (3 * CFG_TUH_DEVICE_MAX)
 
In file included from .pio/libdeps/esp32-s2/Adafruit TinyUSB Library/src/arduino/Adafruit_TinyUSB_API.cpp:25:
.pio/libdeps/esp32-s2/Adafruit TinyUSB Library/src/tusb_option.h:526: note: this is the location of the previous definition
   #define CFG_TUH_HID    0
 
In file included from .pio/libdeps/esp32-s2/Adafruit TinyUSB Library/src/Adafruit_TinyUSB.h:30,
                 from .pio/libdeps/esp32-s2/Adafruit TinyUSB Library/src/arduino/Adafruit_TinyUSB_API.cpp:29:
.pio/libdeps/esp32-s2/Adafruit TinyUSB Library/src/arduino/ports/esp32/tusb_config_esp32.h:121: warning: "CFG_TUH_CDC" redefined
 #define CFG_TUH_CDC 1
 
In file included from .pio/libdeps/esp32-s2/Adafruit TinyUSB Library/src/arduino/Adafruit_TinyUSB_API.cpp:25:
.pio/libdeps/esp32-s2/Adafruit TinyUSB Library/src/tusb_option.h:481: note: this is the location of the previous definition
   #define CFG_TUH_CDC    0
 
In file included from .pio/libdeps/esp32-s2/Adafruit TinyUSB Library/src/Adafruit_TinyUSB.h:30,
                 from .pio/libdeps/esp32-s2/Adafruit TinyUSB Library/src/arduino/Adafruit_TinyUSB_API.cpp:29:
.pio/libdeps/esp32-s2/Adafruit TinyUSB Library/src/arduino/ports/esp32/tusb_config_esp32.h:122: warning: "CFG_TUH_CDC_FTDI" redefined
 #define CFG_TUH_CDC_FTDI 1
 
In file included from .pio/libdeps/esp32-s2/Adafruit TinyUSB Library/src/arduino/Adafruit_TinyUSB_API.cpp:25:
.pio/libdeps/esp32-s2/Adafruit TinyUSB Library/src/tusb_option.h:486: note: this is the location of the previous definition
   #define CFG_TUH_CDC_FTDI 0
 
In file included from .pio/libdeps/esp32-s2/Adafruit TinyUSB Library/src/Adafruit_TinyUSB.h:30,
                 from .pio/libdeps/esp32-s2/Adafruit TinyUSB Library/src/arduino/Adafruit_TinyUSB_API.cpp:29:
.pio/libdeps/esp32-s2/Adafruit TinyUSB Library/src/arduino/ports/esp32/tusb_config_esp32.h:123: warning: "CFG_TUH_CDC_CP210X" redefined
 #define CFG_TUH_CDC_CP210X 1
 
In file included from .pio/libdeps/esp32-s2/Adafruit TinyUSB Library/src/arduino/Adafruit_TinyUSB_API.cpp:25:
.pio/libdeps/esp32-s2/Adafruit TinyUSB Library/src/tusb_option.h:499: note: this is the location of the previous definition
   #define CFG_TUH_CDC_CP210X 0
 
In file included from .pio/libdeps/esp32-s2/Adafruit TinyUSB Library/src/Adafruit_TinyUSB.h:30,
                 from .pio/libdeps/esp32-s2/Adafruit TinyUSB Library/src/arduino/Adafruit_TinyUSB_API.cpp:29:
.pio/libdeps/esp32-s2/Adafruit TinyUSB Library/src/arduino/ports/esp32/tusb_config_esp32.h:124: warning: "CFG_TUH_CDC_CH34X" redefined
 #define CFG_TUH_CDC_CH34X 1
 
In file included from .pio/libdeps/esp32-s2/Adafruit TinyUSB Library/src/arduino/Adafruit_TinyUSB_API.cpp:25:
.pio/libdeps/esp32-s2/Adafruit TinyUSB Library/src/tusb_option.h:510: note: this is the location of the previous definition
   #define CFG_TUH_CDC_CH34X 0
 
Compiling .pio/build/esp32-s2/lib280/Adafruit TinyUSB Library/arduino/Adafruit_USBD_Interface.cpp.o
Compiling .pio/build/esp32-s2/lib280/Adafruit TinyUSB Library/arduino/Adafruit_USBH_Host.cpp.o
Compiling .pio/build/esp32-s2/lib280/Adafruit TinyUSB Library/arduino/cdc/Adafruit_USBH_CDC.cpp.o
Compiling .pio/build/esp32-s2/lib280/Adafruit TinyUSB Library/arduino/hid/Adafruit_USBD_HID.cpp.o
Compiling .pio/build/esp32-s2/lib280/Adafruit TinyUSB Library/arduino/midi/Adafruit_USBD_MIDI.cpp.o
Compiling .pio/build/esp32-s2/lib280/Adafruit TinyUSB Library/arduino/msc/Adafruit_USBD_MSC.cpp.o
Compiling .pio/build/esp32-s2/lib280/Adafruit TinyUSB Library/arduino/msc/Adafruit_USBH_MSC.cpp.o
Compiling .pio/build/esp32-s2/lib280/Adafruit TinyUSB Library/arduino/ports/ch32/Adafruit_TinyUSB_ch32.cpp.o
Compiling .pio/build/esp32-s2/lib280/Adafruit TinyUSB Library/arduino/ports/esp32/Adafruit_TinyUSB_esp32.cpp.o
Compiling .pio/build/esp32-s2/lib280/Adafruit TinyUSB Library/arduino/ports/nrf/Adafruit_TinyUSB_nrf.cpp.o
Compiling .pio/build/esp32-s2/lib280/Adafruit TinyUSB Library/arduino/ports/rp2040/Adafruit_TinyUSB_rp2040.cpp.o
Compiling .pio/build/esp32-s2/lib280/Adafruit TinyUSB Library/arduino/ports/samd/Adafruit_TinyUSB_samd.cpp.o
Compiling .pio/build/esp32-s2/lib280/Adafruit TinyUSB Library/arduino/video/Adafruit_USBD_Video.cpp.o
Compiling .pio/build/esp32-s2/lib280/Adafruit TinyUSB Library/arduino/webusb/Adafruit_USBD_WebUSB.cpp.o
Compiling .pio/build/esp32-s2/lib280/Adafruit TinyUSB Library/class/audio/audio_device.c.o
Compiling .pio/build/esp32-s2/lib280/Adafruit TinyUSB Library/class/bth/bth_device.c.o
Compiling .pio/build/esp32-s2/lib280/Adafruit TinyUSB Library/class/cdc/cdc_device.c.o
Compiling .pio/build/esp32-s2/lib280/Adafruit TinyUSB Library/class/cdc/cdc_host.c.o
Compiling .pio/build/esp32-s2/lib280/Adafruit TinyUSB Library/class/dfu/dfu_device.c.o
Compiling .pio/build/esp32-s2/lib280/Adafruit TinyUSB Library/class/dfu/dfu_rt_device.c.o
Archiving .pio/build/esp32-s2/lib6fd/libSdFat - Adafruit Fork.a
Indexing .pio/build/esp32-s2/lib6fd/libSdFat - Adafruit Fork.a
Compiling .pio/build/esp32-s2/lib280/Adafruit TinyUSB Library/class/hid/hid_device.c.o
Compiling .pio/build/esp32-s2/lib280/Adafruit TinyUSB Library/class/hid/hid_host.c.o
Compiling .pio/build/esp32-s2/lib280/Adafruit TinyUSB Library/class/midi/midi_device.c.o
Compiling .pio/build/esp32-s2/lib280/Adafruit TinyUSB Library/class/msc/msc_device.c.o
Compiling .pio/build/esp32-s2/lib280/Adafruit TinyUSB Library/class/msc/msc_host.c.o
Compiling .pio/build/esp32-s2/lib280/Adafruit TinyUSB Library/class/net/ecm_rndis_device.c.o
Compiling .pio/build/esp32-s2/lib280/Adafruit TinyUSB Library/class/net/ncm_device.c.o
Compiling .pio/build/esp32-s2/lib280/Adafruit TinyUSB Library/class/usbtmc/usbtmc_device.c.o
Compiling .pio/build/esp32-s2/lib280/Adafruit TinyUSB Library/class/vendor/vendor_device.c.o
Compiling .pio/build/esp32-s2/lib280/Adafruit TinyUSB Library/class/video/video_device.c.o
Compiling .pio/build/esp32-s2/lib280/Adafruit TinyUSB Library/common/tusb_fifo.c.o
Compiling .pio/build/esp32-s2/lib280/Adafruit TinyUSB Library/device/usbd.c.o
Compiling .pio/build/esp32-s2/lib280/Adafruit TinyUSB Library/device/usbd_control.c.o
Compiling .pio/build/esp32-s2/lib280/Adafruit TinyUSB Library/host/hub.c.o
Compiling .pio/build/esp32-s2/lib280/Adafruit TinyUSB Library/host/usbh.c.o
Compiling .pio/build/esp32-s2/lib280/Adafruit TinyUSB Library/portable/analog/max3421/hcd_max3421.c.o
Compiling .pio/build/esp32-s2/lib280/Adafruit TinyUSB Library/portable/microchip/samd/dcd_samd.c.o
Compiling .pio/build/esp32-s2/lib280/Adafruit TinyUSB Library/portable/nordic/nrf5x/dcd_nrf5x.c.o
Compiling .pio/build/esp32-s2/lib280/Adafruit TinyUSB Library/portable/raspberrypi/pio_usb/dcd_pio_usb.c.o
Compiling .pio/build/esp32-s2/lib280/Adafruit TinyUSB Library/portable/raspberrypi/pio_usb/hcd_pio_usb.c.o
Compiling .pio/build/esp32-s2/lib280/Adafruit TinyUSB Library/portable/raspberrypi/rp2040/dcd_rp2040.c.o
Compiling .pio/build/esp32-s2/lib280/Adafruit TinyUSB Library/portable/raspberrypi/rp2040/hcd_rp2040.c.o
Compiling .pio/build/esp32-s2/lib280/Adafruit TinyUSB Library/portable/raspberrypi/rp2040/rp2040_usb.c.o
Compiling .pio/build/esp32-s2/lib280/Adafruit TinyUSB Library/portable/st/stm32_fsdev/dcd_stm32_fsdev.c.o
Compiling .pio/build/esp32-s2/lib280/Adafruit TinyUSB Library/portable/synopsys/dwc2/dcd_dwc2.c.o
Compiling .pio/build/esp32-s2/lib280/Adafruit TinyUSB Library/portable/wch/dcd_ch32_usbfs.c.o
Compiling .pio/build/esp32-s2/lib280/Adafruit TinyUSB Library/portable/wch/dcd_ch32_usbhs.c.o
Compiling .pio/build/esp32-s2/lib280/Adafruit TinyUSB Library/tusb.c.o
Compiling .pio/build/esp32-s2/FrameworkArduino/Esp.cpp.o
Compiling .pio/build/esp32-s2/FrameworkArduino/FirmwareMSC.cpp.o
Compiling .pio/build/esp32-s2/FrameworkArduino/FunctionalInterrupt.cpp.o
Compiling .pio/build/esp32-s2/FrameworkArduino/HWCDC.cpp.o
Compiling .pio/build/esp32-s2/FrameworkArduino/HardwareSerial.cpp.o
Compiling .pio/build/esp32-s2/FrameworkArduino/IPAddress.cpp.o
Compiling .pio/build/esp32-s2/FrameworkArduino/IPv6Address.cpp.o
Compiling .pio/build/esp32-s2/FrameworkArduino/MD5Builder.cpp.o
Compiling .pio/build/esp32-s2/FrameworkArduino/Print.cpp.o
Archiving .pio/build/esp32-s2/lib280/libAdafruit TinyUSB Library.a
Compiling .pio/build/esp32-s2/FrameworkArduino/Stream.cpp.o
Compiling .pio/build/esp32-s2/FrameworkArduino/StreamString.cpp.o
Indexing .pio/build/esp32-s2/lib280/libAdafruit TinyUSB Library.a
Compiling .pio/build/esp32-s2/FrameworkArduino/Tone.cpp.o
Compiling .pio/build/esp32-s2/FrameworkArduino/USB.cpp.o
Compiling .pio/build/esp32-s2/FrameworkArduino/USBCDC.cpp.o
Compiling .pio/build/esp32-s2/FrameworkArduino/USBMSC.cpp.o
Compiling .pio/build/esp32-s2/FrameworkArduino/WMath.cpp.o
Compiling .pio/build/esp32-s2/FrameworkArduino/WString.cpp.o
Compiling .pio/build/esp32-s2/FrameworkArduino/base64.cpp.o
Compiling .pio/build/esp32-s2/FrameworkArduino/cbuf.cpp.o
Compiling .pio/build/esp32-s2/FrameworkArduino/esp32-hal-adc.c.o
Compiling .pio/build/esp32-s2/FrameworkArduino/esp32-hal-bt.c.o
Compiling .pio/build/esp32-s2/FrameworkArduino/esp32-hal-cpu.c.o
Compiling .pio/build/esp32-s2/FrameworkArduino/esp32-hal-dac.c.o
Compiling .pio/build/esp32-s2/FrameworkArduino/esp32-hal-gpio.c.o
Compiling .pio/build/esp32-s2/FrameworkArduino/esp32-hal-i2c-slave.c.o
Compiling .pio/build/esp32-s2/FrameworkArduino/esp32-hal-i2c.c.o
Compiling .pio/build/esp32-s2/FrameworkArduino/esp32-hal-ledc.c.o
Compiling .pio/build/esp32-s2/FrameworkArduino/esp32-hal-matrix.c.o
Compiling .pio/build/esp32-s2/FrameworkArduino/esp32-hal-misc.c.o
Compiling .pio/build/esp32-s2/FrameworkArduino/esp32-hal-psram.c.o
Compiling .pio/build/esp32-s2/FrameworkArduino/esp32-hal-rgb-led.c.o
Compiling .pio/build/esp32-s2/FrameworkArduino/esp32-hal-rmt.c.o
Compiling .pio/build/esp32-s2/FrameworkArduino/esp32-hal-sigmadelta.c.o
Compiling .pio/build/esp32-s2/FrameworkArduino/esp32-hal-spi.c.o
Compiling .pio/build/esp32-s2/FrameworkArduino/esp32-hal-time.c.o
Compiling .pio/build/esp32-s2/FrameworkArduino/esp32-hal-timer.c.o
Compiling .pio/build/esp32-s2/FrameworkArduino/esp32-hal-tinyusb.c.o
Compiling .pio/build/esp32-s2/FrameworkArduino/esp32-hal-touch.c.o
Compiling .pio/build/esp32-s2/FrameworkArduino/esp32-hal-uart.c.o
Compiling .pio/build/esp32-s2/FrameworkArduino/firmware_msc_fat.c.o
Compiling .pio/build/esp32-s2/FrameworkArduino/libb64/cdecode.c.o
Compiling .pio/build/esp32-s2/FrameworkArduino/libb64/cencode.c.o
Compiling .pio/build/esp32-s2/FrameworkArduino/main.cpp.o
Compiling .pio/build/esp32-s2/FrameworkArduino/stdlib_noniso.c.o
Compiling .pio/build/esp32-s2/FrameworkArduino/wiring_pulse.c.o
Compiling .pio/build/esp32-s2/FrameworkArduino/wiring_shift.c.o
Archiving .pio/build/esp32-s2/libFrameworkArduino.a
Indexing .pio/build/esp32-s2/libFrameworkArduino.a
Linking .pio/build/esp32-s2/firmware.elf
Retrieving maximum program size .pio/build/esp32-s2/firmware.elf
Checking size .pio/build/esp32-s2/firmware.elf
Advanced Memory Usage is available via "PlatformIO Home > Project Inspect"
RAM:   [=         ]   5.5% (used 18096 bytes from 327680 bytes)
Flash: [==        ]  20.9% (used 273370 bytes from 1310720 bytes)
Building .pio/build/esp32-s2/firmware.bin
esptool.py v4.9.0
Creating esp32s2 image...
Merged 2 ELF sections
Successfully created esp32s2 image.
========================= [SUCCESS] Took 8.98 seconds =========================

Processing esp32-s2-axis1 (board: esp32-s2-saola-1; platform: espressif32; framework: arduino)
--------------------------------------------------------------------------------
Verbose mode can be enabled via `-v, --verbose` option
CONFIGURATION: https://docs.platformio.org/page/boards/espressif32/esp32-s2-saola-1.html
PLATFORM: Espressif 32 (6.12.0) > Espressif ESP32-S2-Saola-1
HARDWARE: ESP32S2 240MHz, 320KB RAM, 4MB Flash
DEBUG: Current (cmsis-dap) External (cmsis-dap, esp-bridge, esp-prog, iot-bus-jtag, jlink, minimodule, olimex-arm-usb-ocd, olimex-arm-usb-ocd-h, olimex-arm-usb-tiny-h, olimex-jtag-tiny, tumpa)
PACKAGES: 
 - framework-arduinoespressif32 @ 3.20017.241212+sha.dcc1105b 
 - tool-esptoolpy @ 2.40900.250804 (4.9.0) 
 - toolchain-riscv32-esp @ 8.4.0+2021r2-patch5 
 - toolchain-xtensa-esp32s2 @ 8.4.0+2021r2-patch5
LDF: Library Dependency Finder -> https://bit.ly/configure-pio-ldf
LDF Modes: Finder ~ chain, Compatibility ~ soft
Found 38 compatible libraries
Scanning dependencies...
Dependency Graph
|-- Adafruit TinyUSB Library @ 3.3.1
Building in release mode
Compiling .pio/build/esp32-s2-axis1/src/ffb_force_calculator.cpp.o
Compiling .pio/build/esp32-s2-axis1/src/ffb_report_handler.cpp.o
Compiling .pio/build/esp32-s2-axis1/src/main.cpp.o
Archiving .pio/build/esp32-s2-axis1/lib427/libSPI.a
Indexing .pio/build/esp32-s2-axis1/lib427/libSPI.a
Compiling .pio/build/esp32-s2-axis1/lib4ed/SdFat - Adafruit Fork/FatLib/FatFileLFN.cpp.o
Compiling .pio/build/esp32-s2-axis1/lib4ed/SdFat - Adafruit Fork/FatLib/FatFilePrint.cpp.o
Compiling .pio/build/esp32-s2-axis1/lib4ed/SdFat - Adafruit Fork/FatLib/FatFileSFN.cpp.o
Compiling .pio/build/esp32-s2-axis1/lib4ed/SdFat - Adafruit Fork/FatLib/FatFormatter.cpp.o
Compiling .pio/build/esp32-s2-axis1/lib4ed/SdFat - Adafruit Fork/FatLib/FatName.cpp.o
Compiling .pio/build/esp32-s2-axis1/lib4ed/SdFat - Adafruit Fork/FatLib/FatPartition.cpp.o
Compiling .pio/build/esp32-s2-axis1/lib4ed/SdFat - Adafruit Fork/FatLib/FatVolume.cpp.o
Compiling .pio/build/esp32-s2-axis1/lib4ed/SdFat - Adafruit Fork/FreeStack.cpp.o
Compiling .pio/build/esp32-s2-axis1/lib4ed/SdFat - Adafruit Fork/FsLib/FsFile.cpp.o
Compiling .pio/build/esp32-s2-axis1/lib4ed/SdFat - Adafruit Fork/FsLib/FsNew.cpp.o
Compiling .pio/build/esp32-s2-axis1/lib4ed/SdFat - Adafruit Fork/FsLib/FsVolume.cpp.o
Compiling .pio/build/esp32-s2-axis1/lib4ed/SdFat - Adafruit Fork/MinimumSerial.cpp.o
Compiling .pio/build/esp32-s2-axis1/lib4ed/SdFat - Adafruit Fork/SdCard/Rp2040Sdio/PioSdioCard.cpp.o
Compiling .pio/build/esp32-s2-axis1/lib4ed/SdFat - Adafruit Fork/SdCard/SdCardInfo.cpp.o
Compiling .pio/build/esp32-s2-axis1/lib4ed/SdFat - Adafruit Fork/SdCard/SdSpiCard.cpp.o
Compiling .pio/build/esp32-s2-axis1/lib4ed/SdFat - Adafruit Fork/SdCard/TeensySdio/TeensySdio.cpp.o
Compiling .pio/build/esp32-s2-axis1/lib4ed/SdFat - Adafruit Fork/SpiDriver/SdSpiArtemis.cpp.o
Compiling .pio/build/esp32-s2-axis1/lib4ed/SdFat - Adafruit Fork/SpiDriver/SdSpiChipSelect.cpp.o
Compiling .pio/build/esp32-s2-axis1/lib4ed/SdFat - Adafruit Fork/SpiDriver/SdSpiDue.cpp.o
Compiling .pio/build/esp32-s2-axis1/lib4ed/SdFat - Adafruit Fork/SpiDriver/SdSpiParticle.cpp.o
Compiling .pio/build/esp32-s2-axis1/lib4ed/SdFat - Adafruit Fork/SpiDriver/SdSpiSTM32.cpp.o
Compiling .pio/build/esp32-s2-axis1/lib4ed/SdFat - Adafruit Fork/SpiDriver/SdSpiSTM32Core.cpp.o
Compiling .pio/build/esp32-s2-axis1/lib4ed/SdFat - Adafruit Fork/SpiDriver/SdSpiTeensy3.cpp.o
Compiling .pio/build/esp32-s2-axis1/lib4ed/SdFat - Adafruit Fork/common/FmtNumber.cpp.o
Compiling .pio/build/esp32-s2-axis1/lib4ed/SdFat - Adafruit Fork/common/FsCache.cpp.o
Compiling .pio/build/esp32-s2-axis1/lib4ed/SdFat - Adafruit Fork/common/FsDateTime.cpp.o
Compiling .pio/build/esp32-s2-axis1/lib4ed/SdFat - Adafruit Fork/common/FsName.cpp.o
Compiling .pio/build/esp32-s2-axis1/lib4ed/SdFat - Adafruit Fork/common/FsStructs.cpp.o
Compiling .pio/build/esp32-s2-axis1/lib4ed/SdFat - Adafruit Fork/common/FsUtf.cpp.o
Compiling .pio/build/esp32-s2-axis1/lib4ed/SdFat - Adafruit Fork/common/PrintBasic.cpp.o
Compiling .pio/build/esp32-s2-axis1/lib4ed/SdFat - Adafruit Fork/common/upcase.cpp.o
Compiling .pio/build/esp32-s2-axis1/lib4ed/SdFat - Adafruit Fork/iostream/StdioStream.cpp.o
Compiling .pio/build/esp32-s2-axis1/lib4ed/SdFat - Adafruit Fork/iostream/StreamBaseClass.cpp.o
Compiling .pio/build/esp32-s2-axis1/lib4ed/SdFat - Adafruit Fork/iostream/istream.cpp.o
Compiling .pio/build/esp32-s2-axis1/lib4ed/SdFat - Adafruit Fork/iostream/ostream.cpp.o
Compiling .pio/build/esp32-s2-axis1/libb3f/Adafruit TinyUSB Library/arduino/Adafruit_TinyUSB_API.cpp.o
Compiling .pio/build/esp32-s2-axis1/libb3f/Adafruit TinyUSB Library/arduino/Adafruit_USBD_CDC.cpp.o
Compiling .pio/build/esp32-s2-axis1/libb3f/Adafruit TinyUSB Library/arduino/Adafruit_USBD_Device.cpp.o
In file included from .pio/libdeps/esp32-s2-axis1/Adafruit TinyUSB Library/src/Adafruit_TinyUSB.h:30,
                 from .pio/libdeps/esp32-s2-axis1/Adafruit TinyUSB Library/src/arduino/Adafruit_TinyUSB_API.cpp:29:
.pio/libdeps/esp32-s2-axis1/Adafruit TinyUSB Library/src/arduino/ports/esp32/tusb_config_esp32.h:92: warning: "CFG_TUH_ENABLED" redefined
 #define CFG_TUH_ENABLED 1
 
In file included from .pio/libdeps/esp32-s2-axis1/Adafruit TinyUSB Library/src/arduino/Adafruit_TinyUSB_API.cpp:25:
.pio/libdeps/esp32-s2-axis1/Adafruit TinyUSB Library/src/tusb_option.h:283: note: this is the location of the previous definition
   #define CFG_TUH_ENABLED     (TUH_RHPORT_MODE & OPT_MODE_HOST)
 
In file included from .pio/libdeps/esp32-s2-axis1/Adafruit TinyUSB Library/src/Adafruit_TinyUSB.h:30,
                 from .pio/libdeps/esp32-s2-axis1/Adafruit TinyUSB Library/src/arduino/Adafruit_TinyUSB_API.cpp:29:
.pio/libdeps/esp32-s2-axis1/Adafruit TinyUSB Library/src/arduino/ports/esp32/tusb_config_esp32.h:93: warning: "CFG_TUH_MAX_SPEED" redefined
 #define CFG_TUH_MAX_SPEED OPT_MODE_FULL_SPEED
 
In file included from .pio/libdeps/esp32-s2-axis1/Adafruit TinyUSB Library/src/arduino/Adafruit_TinyUSB_API.cpp:25:
.pio/libdeps/esp32-s2-axis1/Adafruit TinyUSB Library/src/tusb_option.h:288: note: this is the location of the previous definition
   #define CFG_TUH_MAX_SPEED   (TUH_RHPORT_MODE & OPT_MODE_SPEED_MASK)
 
In file included from .pio/libdeps/esp32-s2-axis1/Adafruit TinyUSB Library/src/Adafruit_TinyUSB.h:30,
                 from .pio/libdeps/esp32-s2-axis1/Adafruit TinyUSB Library/src/arduino/Adafruit_TinyUSB_API.cpp:29:
.pio/libdeps/esp32-s2-axis1/Adafruit TinyUSB Library/src/arduino/ports/esp32/tusb_config_esp32.h:94: warning: "CFG_TUH_MAX3421" redefined
 #define CFG_TUH_MAX3421 1
 
In file included from .pio/libdeps/esp32-s2-axis1/Adafruit TinyUSB Library/src/arduino/Adafruit_TinyUSB_API.cpp:25:
.pio/libdeps/esp32-s2-axis1/Adafruit TinyUSB Library/src/tusb_option.h:556: note: this is the location of the previous definition
   #define CFG_TUH_MAX3421  0
 
In file included from .pio/libdeps/esp32-s2-axis1/Adafruit TinyUSB Library/src/Adafruit_TinyUSB.h:30,
                 from .pio/libdeps/esp32-s2-axis1/Adafruit TinyUSB Library/src/arduino/Adafruit_TinyUSB_API.cpp:29:
.pio/libdeps/esp32-s2-axis1/Adafruit TinyUSB Library/src/arduino/ports/esp32/tusb_config_esp32.h:104: warning: "CFG_TUH_HUB" redefined
 #define CFG_TUH_HUB 1
 
In file included from .pio/libdeps/esp32-s2-axis1/Adafruit TinyUSB Library/src/arduino/Adafruit_TinyUSB_API.cpp:25:
.pio/libdeps/esp32-s2-axis1/Adafruit TinyUSB Library/src/tusb_option.h:477: note: this is the location of the previous definition
   #define CFG_TUH_HUB    0
 
In file included from .pio/libdeps/esp32-s2-axis1/Adafruit TinyUSB Library/src/Adafruit_TinyUSB.h:30,
                 from .pio/libdeps/esp32-s2-axis1/Adafruit TinyUSB Library/src/arduino/Adafruit_TinyUSB_API.cpp:29:
.pio/libdeps/esp32-s2-axis1/Adafruit TinyUSB Library/src/arduino/ports/esp32/tusb_config_esp32.h:113: warning: "CFG_TUH_MSC" redefined
 #define CFG_TUH_MSC 1
 
In file included from .pio/libdeps/esp32-s2-axis1/Adafruit TinyUSB Library/src/arduino/Adafruit_TinyUSB_API.cpp:25:
.pio/libdeps/esp32-s2-axis1/Adafruit TinyUSB Library/src/tusb_option.h:534: note: this is the location of the previous definition
   #define CFG_TUH_MSC    0
 
In file included from .pio/libdeps/esp32-s2-axis1/Adafruit TinyUSB Library/src/Adafruit_TinyUSB.h:30,
                 from .pio/libdeps/esp32-s2-axis1/Adafruit TinyUSB Library/src/arduino/Adafruit_TinyUSB_API.cpp:29:
.pio/libdeps/esp32-s2-axis1/Adafruit TinyUSB Library/src/arduino/ports/esp32/tusb_config_esp32.h:117: warning: "CFG_TUH_HID" redefined
 #define CFG_TUH_HID (3 * CFG_TUH_DEVICE_MAX)
 
In file included from .pio/libdeps/esp32-s2-axis1/Adafruit TinyUSB Library/src/arduino/Adafruit_TinyUSB_API.cpp:25:
.pio/libdeps/esp32-s2-axis1/Adafruit TinyUSB Library/src/tusb_option.h:526: note: this is the location of the previous definition
   #define CFG_TUH_HID    0
 
In file included from .pio/libdeps/esp32-s2-axis1/Adafruit TinyUSB Library/src/Adafruit_TinyUSB.h:30,
                 from .pio/libdeps/esp32-s2-axis1/Adafruit TinyUSB Library/src/arduino/Adafruit_TinyUSB_API.cpp:29:
.pio/libdeps/esp32-s2-axis1/Adafruit TinyUSB Library/src/arduino/ports/esp32/tusb_config_esp32.h:121: warning: "CFG_TUH_CDC" redefined
 #define CFG_TUH_CDC 1
 
In file included from .pio/libdeps/esp32-s2-axis1/Adafruit TinyUSB Library/src/arduino/Adafruit_TinyUSB_API.cpp:25:
.pio/libdeps/esp32-s2-axis1/Adafruit TinyUSB Library/src/tusb_option.h:481: note: this is the location of the previous definition
   #define CFG_TUH_CDC    0
 
In file included from .pio/libdeps/esp32-s2-axis1/Adafruit TinyUSB Library/src/Adafruit_TinyUSB.h:30,
                 from .pio/libdeps/esp32-s2-axis1/Adafruit TinyUSB Library/src/arduino/Adafruit_TinyUSB_API.cpp:29:
.pio/libdeps/esp32-s2-axis1/Adafruit TinyUSB Library/src/arduino/ports/esp32/tusb_config_esp32.h:122: warning: "CFG_TUH_CDC_FTDI" redefined
 #define CFG_TUH_CDC_FTDI 1
 
In file included from .pio/libdeps/esp32-s2-axis1/Adafruit TinyUSB Library/src/arduino/Adafruit_TinyUSB_API.cpp:25:
.pio/libdeps/esp32-s2-axis1/Adafruit TinyUSB Library/src/tusb_option.h:486: note: this is the location of the previous definition
   #define CFG_TUH_CDC_FTDI 0
 
In file included from .pio/libdeps/esp32-s2-axis1/Adafruit TinyUSB Library/src/Adafruit_TinyUSB.h:30,
                 from .pio/libdeps/esp32-s2-axis1/Adafruit TinyUSB Library/src/arduino/Adafruit_TinyUSB_API.cpp:29:
.pio/libdeps/esp32-s2-axis1/Adafruit TinyUSB Library/src/arduino/ports/esp32/tusb_config_esp32.h:123: warning: "CFG_TUH_CDC_CP210X" redefined
 #define CFG_TUH_CDC_CP210X 1
 
In file included from .pio/libdeps/esp32-s2-axis1/Adafruit TinyUSB Library/src/arduino/Adafruit_TinyUSB_API.cpp:25:
.pio/libdeps/esp32-s2-axis1/Adafruit TinyUSB Library/src/tusb_option.h:499: note: this is the location of the previous definition
   #define CFG_TUH_CDC_CP210X 0
 
In file included from .pio/libdeps/esp32-s2-axis1/Adafruit TinyUSB Library/src/Adafruit_TinyUSB.h:30,
                 from .pio/libdeps/esp32-s2-axis1/Adafruit TinyUSB Library/src/arduino/Adafruit_TinyUSB_API.cpp:29:
.pio/libdeps/esp32-s2-axis1/Adafruit TinyUSB Library/src/arduino/ports/esp32/tusb_config_esp32.h:124: warning: "CFG_TUH_CDC_CH34X" redefined
 #define CFG_TUH_CDC_CH34X 1
 
In file included from .pio/libdeps/esp32-s2-axis1/Adafruit TinyUSB Library/src/arduino/Adafruit_TinyUSB_API.cpp:25:
.pio/libdeps/esp32-s2-axis1/Adafruit TinyUSB Library/src/tusb_option.h:510: note: this is the location of the previous definition
   #define CFG_TUH_CDC_CH34X 0
 
Compiling .pio/build/esp32-s2-axis1/libb3f/Adafruit TinyUSB Library/arduino/Adafruit_USBD_Interface.cpp.o
Compiling .pio/build/esp32-s2-axis1/libb3f/Adafruit TinyUSB Library/arduino/Adafruit_USBH_Host.cpp.o
Compiling .pio/build/esp32-s2-axis1/libb3f/Adafruit TinyUSB Library/arduino/cdc/Adafruit_USBH_CDC.cpp.o
Compiling .pio/build/esp32-s2-axis1/libb3f/Adafruit TinyUSB Library/arduino/hid/Adafruit_USBD_HID.cpp.o
Compiling .pio/build/esp32-s2-axis1/libb3f/Adafruit TinyUSB Library/arduino/midi/Adafruit_USBD_MIDI.cpp.o
Compiling .pio/build/esp32-s2-axis1/libb3f/Adafruit TinyUSB Library/arduino/msc/Adafruit_USBD_MSC.cpp.o
Compiling .pio/build/esp32-s2-axis1/libb3f/Adafruit TinyUSB Library/arduino/msc/Adafruit_USBH_MSC.cpp.o
Compiling .pio/build/esp32-s2-axis1/libb3f/Adafruit TinyUSB Library/arduino/ports/ch32/Adafruit_TinyUSB_ch32.cpp.o
Compiling .pio/build/esp32-s2-axis1/libb3f/Adafruit TinyUSB Library/arduino/ports/esp32/Adafruit_TinyUSB_esp32.cpp.o
Compiling .pio/build/esp32-s2-axis1/libb3f/Adafruit TinyUSB Library/arduino/ports/nrf/Adafruit_TinyUSB_nrf.cpp.o
Compiling .pio/build/esp32-s2-axis1/libb3f/Adafruit TinyUSB Library/arduino/ports/rp2040/Adafruit_TinyUSB_rp2040.cpp.o
Compiling .pio/build/esp32-s2-axis1/libb3f/Adafruit TinyUSB Library/arduino/ports/samd/Adafruit_TinyUSB_samd.cpp.o
Compiling .pio/build/esp32-s2-axis1/libb3f/Adafruit TinyUSB Library/arduino/video/Adafruit_USBD_Video.cpp.o
Compiling .pio/build/esp32-s2-axis1/libb3f/Adafruit TinyUSB Library/arduino/webusb/Adafruit_USBD_WebUSB.cpp.o
Archiving .pio/build/esp32-s2-axis1/lib4ed/libSdFat - Adafruit Fork.a
Compiling .pio/build/esp32-s2-axis1/libb3f/Adafruit TinyUSB Library/class/audio/audio_device.c.o
Compiling .pio/build/esp32-s2-axis1/libb3f/Adafruit TinyUSB Library/class/bth/bth_device.c.o
Compiling .pio/build/esp32-s2-axis1/libb3f/Adafruit TinyUSB Library/class/cdc/cdc_device.c.o
Compiling .pio/build/esp32-s2-axis1/libb3f/Adafruit TinyUSB Library/class/cdc/cdc_host.c.o
Indexing .pio/build/esp32-s2-axis1/lib4ed/libSdFat - Adafruit Fork.a
Compiling .pio/build/esp32-s2-axis1/libb3f/Adafruit TinyUSB Library/class/dfu/dfu_device.c.o
Compiling .pio/build/esp32-s2-axis1/libb3f/Adafruit TinyUSB Library/class/dfu/dfu_rt_device.c.o
Compiling .pio/build/esp32-s2-axis1/libb3f/Adafruit TinyUSB Library/class/hid/hid_device.c.o
Compiling .pio/build/esp32-s2-axis1/libb3f/Adafruit TinyUSB Library/class/hid/hid_host.c.o
Compiling .pio/build/esp32-s2-axis1/libb3f/Adafruit TinyUSB Library/class/midi/midi_device.c.o
Compiling .pio/build/esp32-s2-axis1/libb3f/Adafruit TinyUSB Library/class/msc/msc_device.c.o
Compiling .pio/build/esp32-s2-axis1/libb3f/Adafruit TinyUSB Library/class/msc/msc_host.c.o
Compiling .pio/build/esp32-s2-axis1/libb3f/Adafruit TinyUSB Library/class/net/ecm_rndis_device.c.o
Compiling .pio/build/esp32-s2-axis1/libb3f/Adafruit TinyUSB Library/class/net/ncm_device.c.o
Compiling .pio/build/esp32-s2-axis1/libb3f/Adafruit TinyUSB Library/class/usbtmc/usbtmc_device.c.o
Compiling .pio/build/esp32-s2-axis1/libb3f/Adafruit TinyUSB Library/class/vendor/vendor_device.c.o
Compiling .pio/build/esp32-s2-axis1/libb3f/Adafruit TinyUSB Library/class/video/video_device.c.o
Compiling .pio/build/esp32-s2-axis1/libb3f/Adafruit TinyUSB Library/common/tusb_fifo.c.o
Compiling .pio/build/esp32-s2-axis1/libb3f/Adafruit TinyUSB Library/device/usbd.c.o
Compiling .pio/build/esp32-s2-axis1/libb3f/Adafruit TinyUSB Library/device/usbd_control.c.o
Compiling .pio/build/esp32-s2-axis1/libb3f/Adafruit TinyUSB Library/host/hub.c.o
Compiling .pio/build/esp32-s2-axis1/libb3f/Adafruit TinyUSB Library/host/usbh.c.o
Compiling .pio/build/esp32-s2-axis1/libb3f/Adafruit TinyUSB Library/portable/analog/max3421/hcd_max3421.c.o
Compiling .pio/build/esp32-s2-axis1/libb3f/Adafruit TinyUSB Library/portable/microchip/samd/dcd_samd.c.o
Compiling .pio/build/esp32-s2-axis1/libb3f/Adafruit TinyUSB Library/portable/nordic/nrf5x/dcd_nrf5x.c.o
Compiling .pio/build/esp32-s2-axis1/libb3f/Adafruit TinyUSB Library/portable/raspberrypi/pio_usb/dcd_pio_usb.c.o
Compiling .pio/build/esp32-s2-axis1/libb3f/Adafruit TinyUSB Library/portable/raspberrypi/pio_usb/hcd_pio_usb.c.o
Compiling .pio/build/esp32-s2-axis1/libb3f/Adafruit TinyUSB Library/portable/raspberrypi/rp2040/dcd_rp2040.c.o
Compiling .pio/build/esp32-s2-axis1/libb3f/Adafruit TinyUSB Library/portable/raspberrypi/rp2040/hcd_rp2040.c.o
Compiling .pio/build/esp32-s2-axis1/libb3f/Adafruit TinyUSB Library/portable/raspberrypi/rp2040/rp2040_usb.c.o
Compiling .pio/build/esp32-s2-axis1/libb3f/Adafruit TinyUSB Library/portable/st/stm32_fsdev/dcd_stm32_fsdev.c.o
Compiling .pio/build/esp32-s2-axis1/libb3f/Adafruit TinyUSB Library/portable/synopsys/dwc2/dcd_dwc2.c.o
Compiling .pio/build/esp32-s2-axis1/libb3f/Adafruit TinyUSB Library/portable/wch/dcd_ch32_usbfs.c.o
Compiling .pio/build/esp32-s2-axis1/libb3f/Adafruit TinyUSB Library/portable/wch/dcd_ch32_usbhs.c.o
Compiling .pio/build/esp32-s2-axis1/libb3f/Adafruit TinyUSB Library/tusb.c.o
Compiling .pio/build/esp32-s2-axis1/FrameworkArduino/Esp.cpp.o
Compiling .pio/build/esp32-s2-axis1/FrameworkArduino/FirmwareMSC.cpp.o
Compiling .pio/build/esp32-s2-axis1/FrameworkArduino/FunctionalInterrupt.cpp.o
Compiling .pio/build/esp32-s2-axis1/FrameworkArduino/HWCDC.cpp.o
Compiling .pio/build/esp32-s2-axis1/FrameworkArduino/HardwareSerial.cpp.o
Compiling .pio/build/esp32-s2-axis1/FrameworkArduino/IPAddress.cpp.o
Compiling .pio/build/esp32-s2-axis1/FrameworkArduino/IPv6Address.cpp.o
Compiling .pio/build/esp32-s2-axis1/FrameworkArduino/MD5Builder.cpp.o
Compiling .pio/build/esp32-s2-axis1/FrameworkArduino/Print.cpp.o
Archiving .pio/build/esp32-s2-axis1/libb3f/libAdafruit TinyUSB Library.a
Compiling .pio/build/esp32-s2-axis1/FrameworkArduino/Stream.cpp.o
Compiling .pio/build/esp32-s2-axis1/FrameworkArduino/StreamString.cpp.o
Indexing .pio/build/esp32-s2-axis1/libb3f/libAdafruit TinyUSB Library.a
Compiling .pio/build/esp32-s2-axis1/FrameworkArduino/Tone.cpp.o
Compiling .pio/build/esp32-s2-axis1/FrameworkArduino/USB.cpp.o
Compiling .pio/build/esp32-s2-axis1/FrameworkArduino/USBCDC.cpp.o
Compiling .pio/build/esp32-s2-axis1/FrameworkArduino/USBMSC.cpp.o
Compiling .pio/build/esp32-s2-axis1/FrameworkArduino/WMath.cpp.o
Compiling .pio/build/esp32-s2-axis1/FrameworkArduino/WString.cpp.o
Compiling .pio/build/esp32-s2-axis1/FrameworkArduino/base64.cpp.o
Compiling .pio/build/esp32-s2-axis1/FrameworkArduino/cbuf.cpp.o
Compiling .pio/build/esp32-s2-axis1/FrameworkArduino/esp32-hal-adc.c.o
Compiling .pio/build/esp32-s2-axis1/FrameworkArduino/esp32-hal-bt.c.o
Compiling .pio/build/esp32-s2-axis1/FrameworkArduino/esp32-hal-cpu.c.o
Compiling .pio/build/esp32-s2-axis1/FrameworkArduino/esp32-hal-dac.c.o
Compiling .pio/build/esp32-s2-axis1/FrameworkArduino/esp32-hal-gpio.c.o
Compiling .pio/build/esp32-s2-axis1/FrameworkArduino/esp32-hal-i2c-slave.c.o
Compiling .pio/build/esp32-s2-axis1/FrameworkArduino/esp32-hal-i2c.c.o
Compiling .pio/build/esp32-s2-axis1/FrameworkArduino/esp32-hal-ledc.c.o
Compiling .pio/build/esp32-s2-axis1/FrameworkArduino/esp32-hal-matrix.c.o
Compiling .pio/build/esp32-s2-axis1/FrameworkArduino/esp32-hal-misc.c.o
Compiling .pio/build/esp32-s2-axis1/FrameworkArduino/esp32-hal-psram.c.o
Compiling .pio/build/esp32-s2-axis1/FrameworkArduino/esp32-hal-rgb-led.c.o
Compiling .pio/build/esp32-s2-axis1/FrameworkArduino/esp32-hal-rmt.c.o
Compiling .pio/build/esp32-s2-axis1/FrameworkArduino/esp32-hal-sigmadelta.c.o
Compiling .pio/build/esp32-s2-axis1/FrameworkArduino/esp32-hal-spi.c.o
Compiling .pio/build/esp32-s2-axis1/FrameworkArduino/esp32-hal-time.c.o
Compiling .pio/build/esp32-s2-axis1/FrameworkArduino/esp32-hal-timer.c.o
Compiling .pio/build/esp32-s2-axis1/FrameworkArduino/esp32-hal-tinyusb.c.o
Compiling .pio/build/esp32-s2-axis1/FrameworkArduino/esp32-hal-touch.c.o
Compiling .pio/build/esp32-s2-axis1/FrameworkArduino/esp32-hal-uart.c.o
Compiling .pio/build/esp32-s2-axis1/FrameworkArduino/firmware_msc_fat.c.o
Compiling .pio/build/esp32-s2-axis1/FrameworkArduino/libb64/cdecode.c.o
Compiling .pio/build/esp32-s2-axis1/FrameworkArduino/libb64/cencode.c.o
Compiling .pio/build/esp32-s2-axis1/FrameworkArduino/main.cpp.o
Compiling .pio/build/esp32-s2-axis1/FrameworkArduino/stdlib_noniso.c.o
Compiling .pio/build/esp32-s2-axis1/FrameworkArduino/wiring_pulse.c.o
Compiling .pio/build/esp32-s2-axis1/FrameworkArduino/wiring_shift.c.o
Archiving .pio/build/esp32-s2-axis1/libFrameworkArduino.a
Indexing .pio/build/esp32-s2-axis1/libFrameworkArduino.a
Linking .pio/build/esp32-s2-axis1/firmware.elf
Retrieving maximum program size .pio/build/esp32-s2-axis1/firmware.elf
Checking size .pio/build/esp32-s2-axis1/firmware.elf
Advanced Memory Usage is available via "PlatformIO Home > Project Inspect"
RAM:   [=         ]   5.4% (used 17680 bytes from 327680 bytes)
Flash: [==        ]  20.8% (used 272498 bytes from 1310720 bytes)
Building .pio/build/esp32-s2-axis1/firmware.bin
esptool.py v4.9.0
Creating esp32s2 image...
Merged 2 ELF sections
Successfully created esp32s2 image.
========================= [SUCCESS] Took 8.65 seconds =========================

Processing esp32-s2-axis3 (board: esp32-s2-saola-1; platform: espressif32; framework: arduino)
--------------------------------------------------------------------------------
Verbose mode can be enabled via `-v, --verbose` option
CONFIGURATION: https://docs.platformio.org/page/boards/espressif32/esp32-s2-saola-1.html
PLATFORM: Espressif 32 (6.12.0) > Espressif ESP32-S2-Saola-1
HARDWARE: ESP32S2 240MHz, 320KB RAM, 4MB Flash
DEBUG: Current (cmsis-dap) External (cmsis-dap, esp-bridge, esp-prog, iot-bus-jtag, jlink, minimodule, olimex-arm-usb-ocd, olimex-arm-usb-ocd-h, olimex-arm-usb-tiny-h, olimex-jtag-tiny, tumpa)
PACKAGES: 
 - framework-arduinoespressif32 @ 3.20017.241212+sha.dcc1105b 
 - tool-esptoolpy @ 2.40900.250804 (4.9.0) 
 - toolchain-riscv32-esp @ 8.4.0+2021r2-patch5 
 - toolchain-xtensa-esp32s2 @ 8.4.0+2021r2-patch5
LDF: Library Dependency Finder -> https://bit.ly/configure-pio-ldf
LDF Modes: Finder ~ chain, Compatibility ~ soft
Found 38 compatible libraries
Scanning dependencies...
Dependency Graph
|-- Adafruit TinyUSB Library @ 3.3.1
Building in release mode
Compiling .pio/build/esp32-s2-axis3/src/ffb_force_calculator.cpp.o
Compiling .pio/build/esp32-s2-axis3/src/ffb_report_handler.cpp.o
Compiling .pio/build/esp32-s2-axis3/src/main.cpp.o
Archiving .pio/build/esp32-s2-axis3/lib427/libSPI.a
Indexing .pio/build/esp32-s2-axis3/lib427/libSPI.a
Compiling .pio/build/esp32-s2-axis3/lib576/SdFat - Adafruit Fork/FatLib/FatFileLFN.cpp.o
Compiling .pio/build/esp32-s2-axis3/lib576/SdFat - Adafruit Fork/FatLib/FatFilePrint.cpp.o
Compiling .pio/build/esp32-s2-axis3/lib576/SdFat - Adafruit Fork/FatLib/FatFileSFN.cpp.o
Compiling .pio/build/esp32-s2-axis3/lib576/SdFat - Adafruit Fork/FatLib/FatFormatter.cpp.o
Compiling .pio/build/esp32-s2-axis3/lib576/SdFat - Adafruit Fork/FatLib/FatName.cpp.o
Compiling .pio/build/esp32-s2-axis3/lib576/SdFat - Adafruit Fork/FatLib/FatPartition.cpp.o
Compiling .pio/build/esp32-s2-axis3/lib576/SdFat - Adafruit Fork/FatLib/FatVolume.cpp.o
Compiling .pio/build/esp32-s2-axis3/lib576/SdFat - Adafruit Fork/FreeStack.cpp.o
Compiling .pio/build/esp32-s2-axis3/lib576/SdFat - Adafruit Fork/FsLib/FsFile.cpp.o
Compiling .pio/build/esp32-s2-axis3/lib576/SdFat - Adafruit Fork/FsLib/FsNew.cpp.o
Compiling .pio/build/esp32-s2-axis3/lib576/SdFat - Adafruit Fork/FsLib/FsVolume.cpp.o
Compiling .pio/build/esp32-s2-axis3/lib576/SdFat - Adafruit Fork/MinimumSerial.cpp.o
Compiling .pio/build/esp32-s2-axis3/lib576/SdFat - Adafruit Fork/SdCard/Rp2040Sdio/PioSdioCard.cpp.o
Compiling .pio/build/esp32-s2-axis3/lib576/SdFat - Adafruit Fork/SdCard/SdCardInfo.cpp.o
Compiling .pio/build/esp32-s2-axis3/lib576/SdFat - Adafruit Fork/SdCard/SdSpiCard.cpp.o
Compiling .pio/build/esp32-s2-axis3/lib576/SdFat - Adafruit Fork/SdCard/TeensySdio/TeensySdio.cpp.o
Compiling .pio/build/esp32-s2-axis3/lib576/SdFat - Adafruit Fork/SpiDriver/SdSpiArtemis.cpp.o
Compiling .pio/build/esp32-s2-axis3/lib576/SdFat - Adafruit Fork/SpiDriver/SdSpiChipSelect.cpp.o
Compiling .pio/build/esp32-s2-axis3/lib576/SdFat - Adafruit Fork/SpiDriver/SdSpiDue.cpp.o
Compiling .pio/build/esp32-s2-axis3/lib576/SdFat - Adafruit Fork/SpiDriver/SdSpiParticle.cpp.o
Compiling .pio/build/esp32-s2-axis3/lib576/SdFat - Adafruit Fork/SpiDriver/SdSpiSTM32.cpp.o
Compiling .pio/build/esp32-s2-axis3/lib576/SdFat - Adafruit Fork/SpiDriver/SdSpiSTM32Core.cpp.o
Compiling .pio/build/esp32-s2-axis3/lib576/SdFat - Adafruit Fork/SpiDriver/SdSpiTeensy3.cpp.o
Compiling .pio/build/esp32-s2-axis3/lib576/SdFat - Adafruit Fork/common/FmtNumber.cpp.o
Compiling .pio/build/esp32-s2-axis3/lib576/SdFat - Adafruit Fork/common/FsCache.cpp.o
Compiling .pio/build/esp32-s2-axis3/lib576/SdFat - Adafruit Fork/common/FsDateTime.cpp.o
Compiling .pio/build/esp32-s2-axis3/lib576/SdFat - Adafruit Fork/common/FsName.cpp.o
Compiling .pio/build/esp32-s2-axis3/lib576/SdFat - Adafruit Fork/common/FsStructs.cpp.o
Compiling .pio/build/esp32-s2-axis3/lib576/SdFat - Adafruit Fork/common/FsUtf.cpp.o
Compiling .pio/build/esp32-s2-axis3/lib576/SdFat - Adafruit Fork/common/PrintBasic.cpp.o
Compiling .pio/build/esp32-s2-axis3/lib576/SdFat - Adafruit Fork/common/upcase.cpp.o
Compiling .pio/build/esp32-s2-axis3/lib576/SdFat - Adafruit Fork/iostream/StdioStream.cpp.o
Compiling .pio/build/esp32-s2-axis3/lib576/SdFat - Adafruit Fork/iostream/StreamBaseClass.cpp.o
Compiling .pio/build/esp32-s2-axis3/lib576/SdFat - Adafruit Fork/iostream/istream.cpp.o
Compiling .pio/build/esp32-s2-axis3/lib576/SdFat - Adafruit Fork/iostream/ostream.cpp.o
Compiling .pio/build/esp32-s2-axis3/lib1c6/Adafruit TinyUSB Library/arduino/Adafruit_TinyUSB_API.cpp.o
Compiling .pio/build/esp32-s2-axis3/lib1c6/Adafruit TinyUSB Library/arduino/Adafruit_USBD_CDC.cpp.o
In file included from .pio/libdeps/esp32-s2-axis3/Adafruit TinyUSB Library/src/Adafruit_TinyUSB.h:30,
                 from .pio/libdeps/esp32-s2-axis3/Adafruit TinyUSB Library/src/arduino/Adafruit_TinyUSB_API.cpp:29:
.pio/libdeps/esp32-s2-axis3/Adafruit TinyUSB Library/src/arduino/ports/esp32/tusb_config_esp32.h:92: warning: "CFG_TUH_ENABLED" redefined
 #define CFG_TUH_ENABLED 1
 
In file included from .pio/libdeps/esp32-s2-axis3/Adafruit TinyUSB Library/src/arduino/Adafruit_TinyUSB_API.cpp:25:
.pio/libdeps/esp32-s2-axis3/Adafruit TinyUSB Library/src/tusb_option.h:283: note: this is the location of the previous definition
   #define CFG_TUH_ENABLED     (TUH_RHPORT_MODE & OPT_MODE_HOST)
 
In file included from .pio/libdeps/esp32-s2-axis3/Adafruit TinyUSB Library/src/Adafruit_TinyUSB.h:30,
                 from .pio/libdeps/esp32-s2-axis3/Adafruit TinyUSB Library/src/arduino/Adafruit_TinyUSB_API.cpp:29:
.pio/libdeps/esp32-s2-axis3/Adafruit TinyUSB Library/src/arduino/ports/esp32/tusb_config_esp32.h:93: warning: "CFG_TUH_MAX_SPEED" redefined
 #define CFG_TUH_MAX_SPEED OPT_MODE_FULL_SPEED
 
In file included from .pio/libdeps/esp32-s2-axis3/Adafruit TinyUSB Library/src/arduino/Adafruit_TinyUSB_API.cpp:25:
.pio/libdeps/esp32-s2-axis3/Adafruit TinyUSB Library/src/tusb_option.h:288: note: this is the location of the previous definition
   #define CFG_TUH_MAX_SPEED   (TUH_RHPORT_MODE & OPT_MODE_SPEED_MASK)
 
In file included from .pio/libdeps/esp32-s2-axis3/Adafruit TinyUSB Library/src/Adafruit_TinyUSB.h:30,
                 from .pio/libdeps/esp32-s2-axis3/Adafruit TinyUSB Library/src/arduino/Adafruit_TinyUSB_API.cpp:29:
.pio/libdeps/esp32-s2-axis3/Adafruit TinyUSB Library/src/arduino/ports/esp32/tusb_config_esp32.h:94: warning: "CFG_TUH_MAX3421" redefined
 #define CFG_TUH_MAX3421 1
 
In file included from .pio/libdeps/esp32-s2-axis3/Adafruit TinyUSB Library/src/arduino/Adafruit_TinyUSB_API.cpp:25:
.pio/libdeps/esp32-s2-axis3/Adafruit TinyUSB Library/src/tusb_option.h:556: note: this is the location of the previous definition
   #define CFG_TUH_MAX3421  0
 
In file included from .pio/libdeps/esp32-s2-axis3/Adafruit TinyUSB Library/src/Adafruit_TinyUSB.h:30,
                 from .pio/libdeps/esp32-s2-axis3/Adafruit TinyUSB Library/src/arduino/Adafruit_TinyUSB_API.cpp:29:
.pio/libdeps/esp32-s2-axis3/Adafruit TinyUSB Library/src/arduino/ports/esp32/tusb_config_esp32.h:104: warning: "CFG_TUH_HUB" redefined
 #define CFG_TUH_HUB 1
 
In file included from .pio/libdeps/esp32-s2-axis3/Adafruit TinyUSB Library/src/arduino/Adafruit_TinyUSB_API.cpp:25:
.pio/libdeps/esp32-s2-axis3/Adafruit TinyUSB Library/src/tusb_option.h:477: note: this is the location of the previous definition
   #define CFG_TUH_HUB    0
 
In file included from .pio/libdeps/esp32-s2-axis3/Adafruit TinyUSB Library/src/Adafruit_TinyUSB.h:30,
                 from .pio/libdeps/esp32-s2-axis3/Adafruit TinyUSB Library/src/arduino/Adafruit_TinyUSB_API.cpp:29:
.pio/libdeps/esp32-s2-axis3/Adafruit TinyUSB Library/src/arduino/ports/esp32/tusb_config_esp32.h:113: warning: "CFG_TUH_MSC" redefined
 #define CFG_TUH_MSC 1
 
In file included from .pio/libdeps/esp32-s2-axis3/Adafruit TinyUSB Library/src/arduino/Adafruit_TinyUSB_API.cpp:25:
.pio/libdeps/esp32-s2-axis3/Adafruit TinyUSB Library/src/tusb_option.h:534: note: this is the location of the previous definition
   #define CFG_TUH_MSC    0
 
In file included from .pio/libdeps/esp32-s2-axis3/Adafruit TinyUSB Library/src/Adafruit_TinyUSB.h:30,
                 from .pio/libdeps/esp32-s2-axis3/Adafruit TinyUSB Library/src/arduino/Adafruit_TinyUSB_API.cpp:29:
.pio/libdeps/esp32-s2-axis3/Adafruit TinyUSB Library/src/arduino/ports/esp32/tusb_config_esp32.h:117: warning: "CFG_TUH_HID" redefined
 #define CFG_TUH_HID (3 * CFG_TUH_DEVICE_MAX)
 
In file included from .pio/libdeps/esp32-s2-axis3/Adafruit TinyUSB Library/src/arduino/Adafruit_TinyUSB_API.cpp:25:
.pio/libdeps/esp32-s2-axis3/Adafruit TinyUSB Library/src/tusb_option.h:526: note: this is the location of the previous definition
   #define CFG_TUH_HID    0
 
In file included from .pio/libdeps/esp32-s2-axis3/Adafruit TinyUSB Library/src/Adafruit_TinyUSB.h:30,
                 from .pio/libdeps/esp32-s2-axis3/Adafruit TinyUSB Library/src/arduino/Adafruit_TinyUSB_API.cpp:29:
.pio/libdeps/esp32-s2-axis3/Adafruit TinyUSB Library/src/arduino/ports/esp32/tusb_config_esp32.h:121: warning: "CFG_TUH_CDC" redefined
 #define CFG_TUH_CDC 1
 
In file included from .pio/libdeps/esp32-s2-axis3/Adafruit TinyUSB Library/src/arduino/Adafruit_TinyUSB_API.cpp:25:
.pio/libdeps/esp32-s2-axis3/Adafruit TinyUSB Library/src/tusb_option.h:481: note: this is the location of the previous definition
   #define CFG_TUH_CDC    0
 
In file included from .pio/libdeps/esp32-s2-axis3/Adafruit TinyUSB Library/src/Adafruit_TinyUSB.h:30,
                 from .pio/libdeps/esp32-s2-axis3/Adafruit TinyUSB Library/src/arduino/Adafruit_TinyUSB_API.cpp:29:
.pio/libdeps/esp32-s2-axis3/Adafruit TinyUSB Library/src/arduino/ports/esp32/tusb_config_esp32.h:122: warning: "CFG_TUH_CDC_FTDI" redefined
 #define CFG_TUH_CDC_FTDI 1
 
In file included from .pio/libdeps/esp32-s2-axis3/Adafruit TinyUSB Library/src/arduino/Adafruit_TinyUSB_API.cpp:25:
.pio/libdeps/esp32-s2-axis3/Adafruit TinyUSB Library/src/tusb_option.h:486: note: this is the location of the previous definition
   #define CFG_TUH_CDC_FTDI 0
 
In file included from .pio/libdeps/esp32-s2-axis3/Adafruit TinyUSB Library/src/Adafruit_TinyUSB.h:30,
                 from .pio/libdeps/esp32-s2-axis3/Adafruit TinyUSB Library/src/arduino/Adafruit_TinyUSB_API.cpp:29:
.pio/libdeps/esp32-s2-axis3/Adafruit TinyUSB Library/src/arduino/ports/esp32/tusb_config_esp32.h:123: warning: "CFG_TUH_CDC_CP210X" redefined
 #define CFG_TUH_CDC_CP210X 1
Compiling .pio/build/esp32-s2-axis3/lib1c6/Adafruit TinyUSB Library/arduino/Adafruit_USBD_Device.cpp.o
 
In file included from .pio/libdeps/esp32-s2-axis3/Adafruit TinyUSB Library/src/arduino/Adafruit_TinyUSB_API.cpp:25:
.pio/libdeps/esp32-s2-axis3/Adafruit TinyUSB Library/src/tusb_option.h:499: note: this is the location of the previous definition
   #define CFG_TUH_CDC_CP210X 0
 
In file included from .pio/libdeps/esp32-s2-axis3/Adafruit TinyUSB Library/src/Adafruit_TinyUSB.h:30,
                 from .pio/libdeps/esp32-s2-axis3/Adafruit TinyUSB Library/src/arduino/Adafruit_TinyUSB_API.cpp:29:
.pio/libdeps/esp32-s2-axis3/Adafruit TinyUSB Library/src/arduino/ports/esp32/tusb_config_esp32.h:124: warning: "CFG_TUH_CDC_CH34X" redefined
 #define CFG_TUH_CDC_CH34X 1
 
In file included from .pio/libdeps/esp32-s2-axis3/Adafruit TinyUSB Library/src/arduino/Adafruit_TinyUSB_API.cpp:25:
.pio/libdeps/esp32-s2-axis3/Adafruit TinyUSB Library/src/tusb_option.h:510: note: this is the location of the previous definition
   #define CFG_TUH_CDC_CH34X 0
 
Compiling .pio/build/esp32-s2-axis3/lib1c6/Adafruit TinyUSB Library/arduino/Adafruit_USBD_Interface.cpp.o
Compiling .pio/build/esp32-s2-axis3/lib1c6/Adafruit TinyUSB Library/arduino/Adafruit_USBH_Host.cpp.o
Compiling .pio/build/esp32-s2-axis3/lib1c6/Adafruit TinyUSB Library/arduino/cdc/Adafruit_USBH_CDC.cpp.o
Compiling .pio/build/esp32-s2-axis3/lib1c6/Adafruit TinyUSB Library/arduino/hid/Adafruit_USBD_HID.cpp.o
Compiling .pio/build/esp32-s2-axis3/lib1c6/Adafruit TinyUSB Library/arduino/midi/Adafruit_USBD_MIDI.cpp.o
Compiling .pio/build/esp32-s2-axis3/lib1c6/Adafruit TinyUSB Library/arduino/msc/Adafruit_USBD_MSC.cpp.o
Compiling .pio/build/esp32-s2-axis3/lib1c6/Adafruit TinyUSB Library/arduino/msc/Adafruit_USBH_MSC.cpp.o
Compiling .pio/build/esp32-s2-axis3/lib1c6/Adafruit TinyUSB Library/arduino/ports/ch32/Adafruit_TinyUSB_ch32.cpp.o
Compiling .pio/build/esp32-s2-axis3/lib1c6/Adafruit TinyUSB Library/arduino/ports/esp32/Adafruit_TinyUSB_esp32.cpp.o
Compiling .pio/build/esp32-s2-axis3/lib1c6/Adafruit TinyUSB Library/arduino/ports/nrf/Adafruit_TinyUSB_nrf.cpp.o
Compiling .pio/build/esp32-s2-axis3/lib1c6/Adafruit TinyUSB Library/arduino/ports/rp2040/Adafruit_TinyUSB_rp2040.cpp.o
Compiling .pio/build/esp32-s2-axis3/lib1c6/Adafruit TinyUSB Library/arduino/ports/samd/Adafruit_TinyUSB_samd.cpp.o
Compiling .pio/build/esp32-s2-axis3/lib1c6/Adafruit TinyUSB Library/arduino/video/Adafruit_USBD_Video.cpp.o
Compiling .pio/build/esp32-s2-axis3/lib1c6/Adafruit TinyUSB Library/arduino/webusb/Adafruit_USBD_WebUSB.cpp.o
Compiling .pio/build/esp32-s2-axis3/lib1c6/Adafruit TinyUSB Library/class/audio/audio_device.c.o
Compiling .pio/build/esp32-s2-axis3/lib1c6/Adafruit TinyUSB Library/class/bth/bth_device.c.o
Archiving .pio/build/esp32-s2-axis3/lib576/libSdFat - Adafruit Fork.a
Compiling .pio/build/esp32-s2-axis3/lib1c6/Adafruit TinyUSB Library/class/cdc/cdc_device.c.o
Compiling .pio/build/esp32-s2-axis3/lib1c6/Adafruit TinyUSB Library/class/cdc/cdc_host.c.o
Compiling .pio/build/esp32-s2-axis3/lib1c6/Adafruit TinyUSB Library/class/dfu/dfu_device.c.o
Compiling .pio/build/esp32-s2-axis3/lib1c6/Adafruit TinyUSB Library/class/dfu/dfu_rt_device.c.o
Indexing .pio/build/esp32-s2-axis3/lib576/libSdFat - Adafruit Fork.a
Compiling .pio/build/esp32-s2-axis3/lib1c6/Adafruit TinyUSB Library/class/hid/hid_device.c.o
Compiling .pio/build/esp32-s2-axis3/lib1c6/Adafruit TinyUSB Library/class/hid/hid_host.c.o
Compiling .pio/build/esp32-s2-axis3/lib1c6/Adafruit TinyUSB Library/class/midi/midi_device.c.o
Compiling .pio/build/esp32-s2-axis3/lib1c6/Adafruit TinyUSB Library/class/msc/msc_device.c.o
Compiling .pio/build/esp32-s2-axis3/lib1c6/Adafruit TinyUSB Library/class/msc/msc_host.c.o
Compiling .pio/build/esp32-s2-axis3/lib1c6/Adafruit TinyUSB Library/class/net/ecm_rndis_device.c.o
Compiling .pio/build/esp32-s2-axis3/lib1c6/Adafruit TinyUSB Library/class/net/ncm_device.c.o
Compiling .pio/build/esp32-s2-axis3/lib1c6/Adafruit TinyUSB Library/class/usbtmc/usbtmc_device.c.o
Compiling .pio/build/esp32-s2-axis3/lib1c6/Adafruit TinyUSB Library/class/vendor/vendor_device.c.o
Compiling .pio/build/esp32-s2-axis3/lib1c6/Adafruit TinyUSB Library/class/video/video_device.c.o
Compiling .pio/build/esp32-s2-axis3/lib1c6/Adafruit TinyUSB Library/common/tusb_fifo.c.o
Compiling .pio/build/esp32-s2-axis3/lib1c6/Adafruit TinyUSB Library/device/usbd.c.o
Compiling .pio/build/esp32-s2-axis3/lib1c6/Adafruit TinyUSB Library/device/usbd_control.c.o
Compiling .pio/build/esp32-s2-axis3/lib1c6/Adafruit TinyUSB Library/host/hub.c.o
Compiling .pio/build/esp32-s2-axis3/lib1c6/Adafruit TinyUSB Library/host/usbh.c.o
Compiling .pio/build/esp32-s2-axis3/lib1c6/Adafruit TinyUSB Library/portable/analog/max3421/hcd_max3421.c.o
Compiling .pio/build/esp32-s2-axis3/lib1c6/Adafruit TinyUSB Library/portable/microchip/samd/dcd_samd.c.o
Compiling .pio/build/esp32-s2-axis3/lib1c6/Adafruit TinyUSB Library/portable/nordic/nrf5x/dcd_nrf5x.c.o
Compiling .pio/build/esp32-s2-axis3/lib1c6/Adafruit TinyUSB Library/portable/raspberrypi/pio_usb/dcd_pio_usb.c.o
Compiling .pio/build/esp32-s2-axis3/lib1c6/Adafruit TinyUSB Library/portable/raspberrypi/pio_usb/hcd_pio_usb.c.o
Compiling .pio/build/esp32-s2-axis3/lib1c6/Adafruit TinyUSB Library/portable/raspberrypi/rp2040/dcd_rp2040.c.o
Compiling .pio/build/esp32-s2-axis3/lib1c6/Adafruit TinyUSB Library/portable/raspberrypi/rp2040/hcd_rp2040.c.o
Compiling .pio/build/esp32-s2-axis3/lib1c6/Adafruit TinyUSB Library/portable/raspberrypi/rp2040/rp2040_usb.c.o
Compiling .pio/build/esp32-s2-axis3/lib1c6/Adafruit TinyUSB Library/portable/st/stm32_fsdev/dcd_stm32_fsdev.c.o
Compiling .pio/build/esp32-s2-axis3/lib1c6/Adafruit TinyUSB Library/portable/synopsys/dwc2/dcd_dwc2.c.o
Compiling .pio/build/esp32-s2-axis3/lib1c6/Adafruit TinyUSB Library/portable/wch/dcd_ch32_usbfs.c.o
Compiling .pio/build/esp32-s2-axis3/lib1c6/Adafruit TinyUSB Library/portable/wch/dcd_ch32_usbhs.c.o
Compiling .pio/build/esp32-s2-axis3/lib1c6/Adafruit TinyUSB Library/tusb.c.o
Compiling .pio/build/esp32-s2-axis3/FrameworkArduino/Esp.cpp.o
Compiling .pio/build/esp32-s2-axis3/FrameworkArduino/FirmwareMSC.cpp.o
Compiling .pio/build/esp32-s2-axis3/FrameworkArduino/FunctionalInterrupt.cpp.o
Compiling .pio/build/esp32-s2-axis3/FrameworkArduino/HWCDC.cpp.o
Compiling .pio/build/esp32-s2-axis3/FrameworkArduino/HardwareSerial.cpp.o
Archiving .pio/build/esp32-s2-axis3/lib1c6/libAdafruit TinyUSB Library.a
Compiling .pio/build/esp32-s2-axis3/FrameworkArduino/IPAddress.cpp.o
Compiling .pio/build/esp32-s2-axis3/FrameworkArduino/IPv6Address.cpp.o
Compiling .pio/build/esp32-s2-axis3/FrameworkArduino/MD5Builder.cpp.o
Compiling .pio/build/esp32-s2-axis3/FrameworkArduino/Print.cpp.o
Compiling .pio/build/esp32-s2-axis3/FrameworkArduino/Stream.cpp.o
Compiling .pio/build/esp32-s2-axis3/FrameworkArduino/StreamString.cpp.o
Indexing .pio/build/esp32-s2-axis3/lib1c6/libAdafruit TinyUSB Library.a
Compiling .pio/build/esp32-s2-axis3/FrameworkArduino/Tone.cpp.o
Compiling .pio/build/esp32-s2-axis3/FrameworkArduino/USB.cpp.o
Compiling .pio/build/esp32-s2-axis3/FrameworkArduino/USBCDC.cpp.o
Compiling .pio/build/esp32-s2-axis3/FrameworkArduino/USBMSC.cpp.o
Compiling .pio/build/esp32-s2-axis3/FrameworkArduino/WMath.cpp.o
Compiling .pio/build/esp32-s2-axis3/FrameworkArduino/WString.cpp.o
Compiling .pio/build/esp32-s2-axis3/FrameworkArduino/base64.cpp.o
Compiling .pio/build/esp32-s2-axis3/FrameworkArduino/cbuf.cpp.o
Compiling .pio/build/esp32-s2-axis3/FrameworkArduino/esp32-hal-adc.c.o
Compiling .pio/build/esp32-s2-axis3/FrameworkArduino/esp32-hal-bt.c.o
Compiling .pio/build/esp32-s2-axis3/FrameworkArduino/esp32-hal-cpu.c.o
Compiling .pio/build/esp32-s2-axis3/FrameworkArduino/esp32-hal-dac.c.o
Compiling .pio/build/esp32-s2-axis3/FrameworkArduino/esp32-hal-gpio.c.o
Compiling .pio/build/esp32-s2-axis3/FrameworkArduino/esp32-hal-i2c-slave.c.o
Compiling .pio/build/esp32-s2-axis3/FrameworkArduino/esp32-hal-i2c.c.o
Compiling .pio/build/esp32-s2-axis3/FrameworkArduino/esp32-hal-ledc.c.o
Compiling .pio/build/esp32-s2-axis3/FrameworkArduino/esp32-hal-matrix.c.o
Compiling .pio/build/esp32-s2-axis3/FrameworkArduino/esp32-hal-misc.c.o
Compiling .pio/build/esp32-s2-axis3/FrameworkArduino/esp32-hal-psram.c.o
Compiling .pio/build/esp32-s2-axis3/FrameworkArduino/esp32-hal-rgb-led.c.o
Compiling .pio/build/esp32-s2-axis3/FrameworkArduino/esp32-hal-rmt.c.o
Compiling .pio/build/esp32-s2-axis3/FrameworkArduino/esp32-hal-sigmadelta.c.o
Compiling .pio/build/esp32-s2-axis3/FrameworkArduino/esp32-hal-spi.c.o
Compiling .pio/build/esp32-s2-axis3/FrameworkArduino/esp32-hal-time.c.o
Compiling .pio/build/esp32-s2-axis3/FrameworkArduino/esp32-hal-timer.c.o
Compiling .pio/build/esp32-s2-axis3/FrameworkArduino/esp32-hal-tinyusb.c.o
Compiling .pio/build/esp32-s2-axis3/FrameworkArduino/esp32-hal-touch.c.o
Compiling .pio/build/esp32-s2-axis3/FrameworkArduino/esp32-hal-uart.c.o
Compiling .pio/build/esp32-s2-axis3/FrameworkArduino/firmware_msc_fat.c.o
Compiling .pio/build/esp32-s2-axis3/FrameworkArduino/libb64/cdecode.c.o
Compiling .pio/build/esp32-s2-axis3/FrameworkArduino/libb64/cencode.c.o
Compiling .pio/build/esp32-s2-axis3/FrameworkArduino/main.cpp.o
Compiling .pio/build/esp32-s2-axis3/FrameworkArduino/stdlib_noniso.c.o
Compiling .pio/build/esp32-s2-axis3/FrameworkArduino/wiring_pulse.c.o
Compiling .pio/build/esp32-s2-axis3/FrameworkArduino/wiring_shift.c.o
Archiving .pio/build/esp32-s2-axis3/libFrameworkArduino.a
Indexing .pio/build/esp32-s2-axis3/libFrameworkArduino.a
Linking .pio/build/esp32-s2-axis3/firmware.elf
Retrieving maximum program size .pio/build/esp32-s2-axis3/firmware.elf
Checking size .pio/build/esp32-s2-axis3/firmware.elf
Advanced Memory Usage is available via "PlatformIO Home > Project Inspect"
RAM:   [=         ]   5.6% (used 18504 bytes from 327680 bytes)
Flash: [==        ]  20.9% (used 273314 bytes from 1310720 bytes)
Building .pio/build/esp32-s2-axis3/firmware.bin
esptool.py v4.9.0
Creating esp32s2 image...
Merged 2 ELF sections
Successfully created esp32s2 image.
========================= [SUCCESS] Took 9.48 seconds =========================

Processing esp32-s2-timing (board: esp32-s2-saola-1; platform: espressif32; framework: arduino)
--------------------------------------------------------------------------------
Verbose mode can be enabled via `-v, --verbose` option
CONFIGURATION: https://docs.platformio.org/page/boards/espressif32/esp32-s2-saola-1.html
PLATFORM: Espressif 32 (6.12.0) > Espressif ESP32-S2-Saola-1
HARDWARE: ESP32S2 240MHz, 320KB RAM, 4MB Flash
DEBUG: Current (cmsis-dap) External (cmsis-dap, esp-bridge, esp-prog, iot-bus-jtag, jlink, minimodule, olimex-arm-usb-ocd, olimex-arm-usb-ocd-h, olimex-arm-usb-tiny-h, olimex-jtag-tiny, tumpa)
PACKAGES: 
 - framework-arduinoespressif32 @ 3.20017.241212+sha.dcc1105b 
 - tool-esptoolpy @ 2.40900.250804 (4.9.0) 
 - toolchain-riscv32-esp @ 8.4.0+2021r2-patch5 
 - toolchain-xtensa-esp32s2 @ 8.4.0+2021r2-patch5
LDF: Library Dependency Finder -> https://bit.ly/configure-pio-ldf
LDF Modes: Finder ~ chain, Compatibility ~ soft
Found 38 compatible libraries
Scanning dependencies...
Dependency Graph
|-- Adafruit TinyUSB Library @ 3.3.1
Building in release mode
Compiling .pio/build/esp32-s2-timing/src/ffb_device_input.cpp.o
Compiling .pio/build/esp32-s2-timing/src/ffb_force_calculator.cpp.o
Compiling .pio/build/esp32-s2-timing/src/ffb_report_handler.cpp.o
Compiling .pio/build/esp32-s2-timing/src/main.cpp.o
Archiving .pio/build/esp32-s2-timing/lib427/libSPI.a
Indexing .pio/build/esp32-s2-timing/lib427/libSPI.a
Compiling .pio/build/esp32-s2-timing/lib139/SdFat - Adafruit Fork/FatLib/FatFileLFN.cpp.o
Compiling .pio/build/esp32-s2-timing/lib139/SdFat - Adafruit Fork/FatLib/FatFilePrint.cpp.o
Compiling .pio/build/esp32-s2-timing/lib139/SdFat - Adafruit Fork/FatLib/FatFileSFN.cpp.o
Compiling .pio/build/esp32-s2-timing/lib139/SdFat - Adafruit Fork/FatLib/FatFormatter.cpp.o
Compiling .pio/build/esp32-s2-timing/lib139/SdFat - Adafruit Fork/FatLib/FatName.cpp.o
Compiling .pio/build/esp32-s2-timing/lib139/SdFat - Adafruit Fork/FatLib/FatPartition.cpp.o
Compiling .pio/build/esp32-s2-timing/lib139/SdFat - Adafruit Fork/FatLib/FatVolume.cpp.o
Compiling .pio/build/esp32-s2-timing/lib139/SdFat - Adafruit Fork/FreeStack.cpp.o
Compiling .pio/build/esp32-s2-timing/lib139/SdFat - Adafruit Fork/FsLib/FsFile.cpp.o
Compiling .pio/build/esp32-s2-timing/lib139/SdFat - Adafruit Fork/FsLib/FsNew.cpp.o
Compiling .pio/build/esp32-s2-timing/lib139/SdFat - Adafruit Fork/FsLib/FsVolume.cpp.o
Compiling .pio/build/esp32-s2-timing/lib139/SdFat - Adafruit Fork/MinimumSerial.cpp.o
Compiling .pio/build/esp32-s2-timing/lib139/SdFat - Adafruit Fork/SdCard/Rp2040Sdio/PioSdioCard.cpp.o
Compiling .pio/build/esp32-s2-timing/lib139/SdFat - Adafruit Fork/SdCard/SdCardInfo.cpp.o
Compiling .pio/build/esp32-s2-timing/lib139/SdFat - Adafruit Fork/SdCard/SdSpiCard.cpp.o
Compiling .pio/build/esp32-s2-timing/lib139/SdFat - Adafruit Fork/SdCard/TeensySdio/TeensySdio.cpp.o
Compiling .pio/build/esp32-s2-timing/lib139/SdFat - Adafruit Fork/SpiDriver/SdSpiArtemis.cpp.o
Compiling .pio/build/esp32-s2-timing/lib139/SdFat - Adafruit Fork/SpiDriver/SdSpiChipSelect.cpp.o
Compiling .pio/build/esp32-s2-timing/lib139/SdFat - Adafruit Fork/SpiDriver/SdSpiDue.cpp.o
Compiling .pio/build/esp32-s2-timing/lib139/SdFat - Adafruit Fork/SpiDriver/SdSpiParticle.cpp.o
Compiling .pio/build/esp32-s2-timing/lib139/SdFat - Adafruit Fork/SpiDriver/SdSpiSTM32.cpp.o
Compiling .pio/build/esp32-s2-timing/lib139/SdFat - Adafruit Fork/SpiDriver/SdSpiSTM32Core.cpp.o
Compiling .pio/build/esp32-s2-timing/lib139/SdFat - Adafruit Fork/SpiDriver/SdSpiTeensy3.cpp.o
Compiling .pio/build/esp32-s2-timing/lib139/SdFat - Adafruit Fork/common/FmtNumber.cpp.o
Compiling .pio/build/esp32-s2-timing/lib139/SdFat - Adafruit Fork/common/FsCache.cpp.o
Compiling .pio/build/esp32-s2-timing/lib139/SdFat - Adafruit Fork/common/FsDateTime.cpp.o
Compiling .pio/build/esp32-s2-timing/lib139/SdFat - Adafruit Fork/common/FsName.cpp.o
Compiling .pio/build/esp32-s2-timing/lib139/SdFat - Adafruit Fork/common/FsStructs.cpp.o
Compiling .pio/build/esp32-s2-timing/lib139/SdFat - Adafruit Fork/common/FsUtf.cpp.o
Compiling .pio/build/esp32-s2-timing/lib139/SdFat - Adafruit Fork/common/PrintBasic.cpp.o
Compiling .pio/build/esp32-s2-timing/lib139/SdFat - Adafruit Fork/common/upcase.cpp.o
Compiling .pio/build/esp32-s2-timing/lib139/SdFat - Adafruit Fork/iostream/StdioStream.cpp.o
Compiling .pio/build/esp32-s2-timing/lib139/SdFat - Adafruit Fork/iostream/StreamBaseClass.cpp.o
Compiling .pio/build/esp32-s2-timing/lib139/SdFat - Adafruit Fork/iostream/istream.cpp.o
Compiling .pio/build/esp32-s2-timing/lib139/SdFat - Adafruit Fork/iostream/ostream.cpp.o
Compiling .pio/build/esp32-s2-timing/lib898/Adafruit TinyUSB Library/arduino/Adafruit_TinyUSB_API.cpp.o
Compiling .pio/build/esp32-s2-timing/lib898/Adafruit TinyUSB Library/arduino/Adafruit_USBD_CDC.cpp.o
Compiling .pio/build/esp32-s2-timing/lib898/Adafruit TinyUSB Library/arduino/Adafruit_USBD_Device.cpp.o
In file included from .pio/libdeps/esp32-s2-timing/Adafruit TinyUSB Library/src/Adafruit_TinyUSB.h:30,
                 from .pio/libdeps/esp32-s2-timing/Adafruit TinyUSB Library/src/arduino/Adafruit_TinyUSB_API.cpp:29:
.pio/libdeps/esp32-s2-timing/Adafruit TinyUSB Library/src/arduino/ports/esp32/tusb_config_esp32.h:92: warning: "CFG_TUH_ENABLED" redefined
 #define CFG_TUH_ENABLED 1
 
In file included from .pio/libdeps/esp32-s2-timing/Adafruit TinyUSB Library/src/arduino/Adafruit_TinyUSB_API.cpp:25:
.pio/libdeps/esp32-s2-timing/Adafruit TinyUSB Library/src/tusb_option.h:283: note: this is the location of the previous definition
   #define CFG_TUH_ENABLED     (TUH_RHPORT_MODE & OPT_MODE_HOST)
 
In file included from .pio/libdeps/esp32-s2-timing/Adafruit TinyUSB Library/src/Adafruit_TinyUSB.h:30,
                 from .pio/libdeps/esp32-s2-timing/Adafruit TinyUSB Library/src/arduino/Adafruit_TinyUSB_API.cpp:29:
.pio/libdeps/esp32-s2-timing/Adafruit TinyUSB Library/src/arduino/ports/esp32/tusb_config_esp32.h:93: warning: "CFG_TUH_MAX_SPEED" redefined
 #define CFG_TUH_MAX_SPEED OPT_MODE_FULL_SPEED
 
In file included from .pio/libdeps/esp32-s2-timing/Adafruit TinyUSB Library/src/arduino/Adafruit_TinyUSB_API.cpp:25:
.pio/libdeps/esp32-s2-timing/Adafruit TinyUSB Library/src/tusb_option.h:288: note: this is the location of the previous definition
   #define CFG_TUH_MAX_SPEED   (TUH_RHPORT_MODE & OPT_MODE_SPEED_MASK)
 
In file included from .pio/libdeps/esp32-s2-timing/Adafruit TinyUSB Library/src/Adafruit_TinyUSB.h:30,
                 from .pio/libdeps/esp32-s2-timing/Adafruit TinyUSB Library/src/arduino/Adafruit_TinyUSB_API.cpp:29:
.pio/libdeps/esp32-s2-timing/Adafruit TinyUSB Library/src/arduino/ports/esp32/tusb_config_esp32.h:94: warning: "CFG_TUH_MAX3421" redefined
 #define CFG_TUH_MAX3421 1
 
In file included from .pio/libdeps/esp32-s2-timing/Adafruit TinyUSB Library/src/arduino/Adafruit_TinyUSB_API.cpp:25:
.pio/libdeps/esp32-s2-timing/Adafruit TinyUSB Library/src/tusb_option.h:556: note: this is the location of the previous definition
   #define CFG_TUH_MAX3421  0
 
In file included from .pio/libdeps/esp32-s2-timing/Adafruit TinyUSB Library/src/Adafruit_TinyUSB.h:30,
                 from .pio/libdeps/esp32-s2-timing/Adafruit TinyUSB Library/src/arduino/Adafruit_TinyUSB_API.cpp:29:
.pio/libdeps/esp32-s2-timing/Adafruit TinyUSB Library/src/arduino/ports/esp32/tusb_config_esp32.h:104: warning: "CFG_TUH_HUB" redefined
 #define CFG_TUH_HUB 1
 
In file included from .pio/libdeps/esp32-s2-timing/Adafruit TinyUSB Library/src/arduino/Adafruit_TinyUSB_API.cpp:25:
.pio/libdeps/esp32-s2-timing/Adafruit TinyUSB Library/src/tusb_option.h:477: note: this is the location of the previous definition
   #define CFG_TUH_HUB    0
 
In file included from .pio/libdeps/esp32-s2-timing/Adafruit TinyUSB Library/src/Adafruit_TinyUSB.h:30,
                 from .pio/libdeps/esp32-s2-timing/Adafruit TinyUSB Library/src/arduino/Adafruit_TinyUSB_API.cpp:29:
.pio/libdeps/esp32-s2-timing/Adafruit TinyUSB Library/src/arduino/ports/esp32/tusb_config_esp32.h:113: warning: "CFG_TUH_MSC" redefined
 #define CFG_TUH_MSC 1
 
In file included from .pio/libdeps/esp32-s2-timing/Adafruit TinyUSB Library/src/arduino/Adafruit_TinyUSB_API.cpp:25:
.pio/libdeps/esp32-s2-timing/Adafruit TinyUSB Library/src/tusb_option.h:534: note: this is the location of the previous definition
   #define CFG_TUH_MSC    0
 
In file included from .pio/libdeps/esp32-s2-timing/Adafruit TinyUSB Library/src/Adafruit_TinyUSB.h:30,
                 from .pio/libdeps/esp32-s2-timing/Adafruit TinyUSB Library/src/arduino/Adafruit_TinyUSB_API.cpp:29:
.pio/libdeps/esp32-s2-timing/Adafruit TinyUSB Library/src/arduino/ports/esp32/tusb_config_esp32.h:117: warning: "CFG_TUH_HID" redefined
 #define CFG_TUH_HID (3 * CFG_TUH_DEVICE_MAX)
 
In file included from .pio/libdeps/esp32-s2-timing/Adafruit TinyUSB Library/src/arduino/Adafruit_TinyUSB_API.cpp:25:
.pio/libdeps/esp32-s2-timing/Adafruit TinyUSB Library/src/tusb_option.h:526: note: this is the location of the previous definition
   #define CFG_TUH_HID    0
 
In file included from .pio/libdeps/esp32-s2-timing/Adafruit TinyUSB Library/src/Adafruit_TinyUSB.h:30,
                 from .pio/libdeps/esp32-s2-timing/Adafruit TinyUSB Library/src/arduino/Adafruit_TinyUSB_API.cpp:29:
.pio/libdeps/esp32-s2-timing/Adafruit TinyUSB Library/src/arduino/ports/esp32/tusb_config_esp32.h:121: warning: "CFG_TUH_CDC" redefined
 #define CFG_TUH_CDC 1
 
In file included from .pio/libdeps/esp32-s2-timing/Adafruit TinyUSB Library/src/arduino/Adafruit_TinyUSB_API.cpp:25:
.pio/libdeps/esp32-s2-timing/Adafruit TinyUSB Library/src/tusb_option.h:481: note: this is the location of the previous definition
   #define CFG_TUH_CDC    0
 
In file included from .pio/libdeps/esp32-s2-timing/Adafruit TinyUSB Library/src/Adafruit_TinyUSB.h:30,
                 from .pio/libdeps/esp32-s2-timing/Adafruit TinyUSB Library/src/arduino/Adafruit_TinyUSB_API.cpp:29:
.pio/libdeps/esp32-s2-timing/Adafruit TinyUSB Library/src/arduino/ports/esp32/tusb_config_esp32.h:122: warning: "CFG_TUH_CDC_FTDI" redefined
 #define CFG_TUH_CDC_FTDI 1
 
In file included from .pio/libdeps/esp32-s2-timing/Adafruit TinyUSB Library/src/arduino/Adafruit_TinyUSB_API.cpp:25:
.pio/libdeps/esp32-s2-timing/Adafruit TinyUSB Library/src/tusb_option.h:486: note: this is the location of the previous definition
   #define CFG_TUH_CDC_FTDI 0
 
In file included from .pio/libdeps/esp32-s2-timing/Adafruit TinyUSB Library/src/Adafruit_TinyUSB.h:30,
                 from .pio/libdeps/esp32-s2-timing/Adafruit TinyUSB Library/src/arduino/Adafruit_TinyUSB_API.cpp:29:
.pio/libdeps/esp32-s2-timing/Adafruit TinyUSB Library/src/arduino/ports/esp32/tusb_config_esp32.h:123: warning: "CFG_TUH_CDC_CP210X" redefined
 #define CFG_TUH_CDC_CP210X 1
 
In file included from .pio/libdeps/esp32-s2-timing/Adafruit TinyUSB Library/src/arduino/Adafruit_TinyUSB_API.cpp:25:
.pio/libdeps/esp32-s2-timing/Adafruit TinyUSB Library/src/tusb_option.h:499: note: this is the location of the previous definition
   #define CFG_TUH_CDC_CP210X 0
 
In file included from .pio/libdeps/esp32-s2-timing/Adafruit TinyUSB Library/src/Adafruit_TinyUSB.h:30,
                 from .pio/libdeps/esp32-s2-timing/Adafruit TinyUSB Library/src/arduino/Adafruit_TinyUSB_API.cpp:29:
.pio/libdeps/esp32-s2-timing/Adafruit TinyUSB Library/src/arduino/ports/esp32/tusb_config_esp32.h:124: warning: "CFG_TUH_CDC_CH34X" redefined
 #define CFG_TUH_CDC_CH34X 1
 
In file included from .pio/libdeps/esp32-s2-timing/Adafruit TinyUSB Library/src/arduino/Adafruit_TinyUSB_API.cpp:25:
.pio/libdeps/esp32-s2-timing/Adafruit TinyUSB Library/src/tusb_option.h:510: note: this is the location of the previous definition
   #define CFG_TUH_CDC_CH34X 0
 
Compiling .pio/build/esp32-s2-timing/lib898/Adafruit TinyUSB Library/arduino/Adafruit_USBD_Interface.cpp.o
Compiling .pio/build/esp32-s2-timing/lib898/Adafruit TinyUSB Library/arduino/Adafruit_USBH_Host.cpp.o
Compiling .pio/build/esp32-s2-timing/lib898/Adafruit TinyUSB Library/arduino/cdc/Adafruit_USBH_CDC.cpp.o
Compiling .pio/build/esp32-s2-timing/lib898/Adafruit TinyUSB Library/arduino/hid/Adafruit_USBD_HID.cpp.o
Compiling .pio/build/esp32-s2-timing/lib898/Adafruit TinyUSB Library/arduino/midi/Adafruit_USBD_MIDI.cpp.o
Compiling .pio/build/esp32-s2-timing/lib898/Adafruit TinyUSB Library/arduino/msc/Adafruit_USBD_MSC.cpp.o
Compiling .pio/build/esp32-s2-timing/lib898/Adafruit TinyUSB Library/arduino/msc/Adafruit_USBH_MSC.cpp.o
Compiling .pio/build/esp32-s2-timing/lib898/Adafruit TinyUSB Library/arduino/ports/ch32/Adafruit_TinyUSB_ch32.cpp.o
Compiling .pio/build/esp32-s2-timing/lib898/Adafruit TinyUSB Library/arduino/ports/esp32/Adafruit_TinyUSB_esp32.cpp.o
Compiling .pio/build/esp32-s2-timing/lib898/Adafruit TinyUSB Library/arduino/ports/nrf/Adafruit_TinyUSB_nrf.cpp.o
Compiling .pio/build/esp32-s2-timing/lib898/Adafruit TinyUSB Library/arduino/ports/rp2040/Adafruit_TinyUSB_rp2040.cpp.o
Compiling .pio/build/esp32-s2-timing/lib898/Adafruit TinyUSB Library/arduino/ports/samd/Adafruit_TinyUSB_samd.cpp.o
Compiling .pio/build/esp32-s2-timing/lib898/Adafruit TinyUSB Library/arduino/video/Adafruit_USBD_Video.cpp.o
Compiling .pio/build/esp32-s2-timing/lib898/Adafruit TinyUSB Library/arduino/webusb/Adafruit_USBD_WebUSB.cpp.o
Compiling .pio/build/esp32-s2-timing/lib898/Adafruit TinyUSB Library/class/audio/audio_device.c.o
Compiling .pio/build/esp32-s2-timing/lib898/Adafruit TinyUSB Library/class/bth/bth_device.c.o
Compiling .pio/build/esp32-s2-timing/lib898/Adafruit TinyUSB Library/class/cdc/cdc_device.c.o
Compiling .pio/build/esp32-s2-timing/lib898/Adafruit TinyUSB Library/class/cdc/cdc_host.c.o
Compiling .pio/build/esp32-s2-timing/lib898/Adafruit TinyUSB Library/class/dfu/dfu_device.c.o
Compiling .pio/build/esp32-s2-timing/lib898/Adafruit TinyUSB Library/class/dfu/dfu_rt_device.c.o
Archiving .pio/build/esp32-s2-timing/lib139/libSdFat - Adafruit Fork.a
Indexing .pio/build/esp32-s2-timing/lib139/libSdFat - Adafruit Fork.a
Compiling .pio/build/esp32-s2-timing/lib898/Adafruit TinyUSB Library/class/hid/hid_device.c.o
Compiling .pio/build/esp32-s2-timing/lib898/Adafruit TinyUSB Library/class/hid/hid_host.c.o
Compiling .pio/build/esp32-s2-timing/lib898/Adafruit TinyUSB Library/class/midi/midi_device.c.o
Compiling .pio/build/esp32-s2-timing/lib898/Adafruit TinyUSB Library/class/msc/msc_device.c.o
Compiling .pio/build/esp32-s2-timing/lib898/Adafruit TinyUSB Library/class/msc/msc_host.c.o
Compiling .pio/build/esp32-s2-timing/lib898/Adafruit TinyUSB Library/class/net/ecm_rndis_device.c.o
Compiling .pio/build/esp32-s2-timing/lib898/Adafruit TinyUSB Library/class/net/ncm_device.c.o
Compiling .pio/build/esp32-s2-timing/lib898/Adafruit TinyUSB Library/class/usbtmc/usbtmc_device.c.o
Compiling .pio/build/esp32-s2-timing/lib898/Adafruit TinyUSB Library/class/vendor/vendor_device.c.o
Compiling .pio/build/esp32-s2-timing/lib898/Adafruit TinyUSB Library/class/video/video_device.c.o
Compiling .pio/build/esp32-s2-timing/lib898/Adafruit TinyUSB Library/common/tusb_fifo.c.o
Compiling .pio/build/esp32-s2-timing/lib898/Adafruit TinyUSB Library/device/usbd.c.o
Compiling .pio/build/esp32-s2-timing/lib898/Adafruit TinyUSB Library/device/usbd_control.c.o
Compiling .pio/build/esp32-s2-timing/lib898/Adafruit TinyUSB Library/host/hub.c.o
Compiling .pio/build/esp32-s2-timing/lib898/Adafruit TinyUSB Library/host/usbh.c.o
Compiling .pio/build/esp32-s2-timing/lib898/Adafruit TinyUSB Library/portable/analog/max3421/hcd_max3421.c.o
Compiling .pio/build/esp32-s2-timing/lib898/Adafruit TinyUSB Library/portable/microchip/samd/dcd_samd.c.o
Compiling .pio/build/esp32-s2-timing/lib898/Adafruit TinyUSB Library/portable/nordic/nrf5x/dcd_nrf5x.c.o
Compiling .pio/build/esp32-s2-timing/lib898/Adafruit TinyUSB Library/portable/raspberrypi/pio_usb/dcd_pio_usb.c.o
Compiling .pio/build/esp32-s2-timing/lib898/Adafruit TinyUSB Library/portable/raspberrypi/pio_usb/hcd_pio_usb.c.o
Compiling .pio/build/esp32-s2-timing/lib898/Adafruit TinyUSB Library/portable/raspberrypi/rp2040/dcd_rp2040.c.o
Compiling .pio/build/esp32-s2-timing/lib898/Adafruit TinyUSB Library/portable/raspberrypi/rp2040/hcd_rp2040.c.o
Compiling .pio/build/esp32-s2-timing/lib898/Adafruit TinyUSB Library/portable/raspberrypi/rp2040/rp2040_usb.c.o
Compiling .pio/build/esp32-s2-timing/lib898/Adafruit TinyUSB Library/portable/st/stm32_fsdev/dcd_stm32_fsdev.c.o
Compiling .pio/build/esp32-s2-timing/lib898/Adafruit TinyUSB Library/portable/synopsys/dwc2/dcd_dwc2.c.o
Compiling .pio/build/esp32-s2-timing/lib898/Adafruit TinyUSB Library/portable/wch/dcd_ch32_usbfs.c.o
Compiling .pio/build/esp32-s2-timing/lib898/Adafruit TinyUSB Library/portable/wch/dcd_ch32_usbhs.c.o
Compiling .pio/build/esp32-s2-timing/lib898/Adafruit TinyUSB Library/tusb.c.o
Compiling .pio/build/esp32-s2-timing/FrameworkArduino/Esp.cpp.o
Compiling .pio/build/esp32-s2-timing/FrameworkArduino/FirmwareMSC.cpp.o
Compiling .pio/build/esp32-s2-timing/FrameworkArduino/FunctionalInterrupt.cpp.o
Compiling .pio/build/esp32-s2-timing/FrameworkArduino/HWCDC.cpp.o
Compiling .pio/build/esp32-s2-timing/FrameworkArduino/HardwareSerial.cpp.o
Compiling .pio/build/esp32-s2-timing/FrameworkArduino/IPAddress.cpp.o
Compiling .pio/build/esp32-s2-timing/FrameworkArduino/IPv6Address.cpp.o
Compiling .pio/build/esp32-s2-timing/FrameworkArduino/MD5Builder.cpp.o
Archiving .pio/build/esp32-s2-timing/lib898/libAdafruit TinyUSB Library.a
Compiling .pio/build/esp32-s2-timing/FrameworkArduino/Print.cpp.o
Compiling .pio/build/esp32-s2-timing/FrameworkArduino/Stream.cpp.o
Compiling .pio/build/esp32-s2-timing/FrameworkArduino/StreamString.cpp.o
Indexing .pio/build/esp32-s2-timing/lib898/libAdafruit TinyUSB Library.a
Compiling .pio/build/esp32-s2-timing/FrameworkArduino/Tone.cpp.o
Compiling .pio/build/esp32-s2-timing/FrameworkArduino/USB.cpp.o
Compiling .pio/build/esp32-s2-timing/FrameworkArduino/USBCDC.cpp.o
Compiling .pio/build/esp32-s2-timing/FrameworkArduino/USBMSC.cpp.o
Compiling .pio/build/esp32-s2-timing/FrameworkArduino/WMath.cpp.o
Compiling .pio/build/esp32-s2-timing/FrameworkArduino/WString.cpp.o
Compiling .pio/build/esp32-s2-timing/FrameworkArduino/base64.cpp.o
Compiling .pio/build/esp32-s2-timing/FrameworkArduino/cbuf.cpp.o
Compiling .pio/build/esp32-s2-timing/FrameworkArduino/esp32-hal-adc.c.o
Compiling .pio/build/esp32-s2-timing/FrameworkArduino/esp32-hal-bt.c.o
Compiling .pio/build/esp32-s2-timing/FrameworkArduino/esp32-hal-cpu.c.o
Compiling .pio/build/esp32-s2-timing/FrameworkArduino/esp32-hal-dac.c.o
Compiling .pio/build/esp32-s2-timing/FrameworkArduino/esp32-hal-gpio.c.o
Compiling .pio/build/esp32-s2-timing/FrameworkArduino/esp32-hal-i2c-slave.c.o
Compiling .pio/build/esp32-s2-timing/FrameworkArduino/esp32-hal-i2c.c.o
Compiling .pio/build/esp32-s2-timing/FrameworkArduino/esp32-hal-ledc.c.o
Compiling .pio/build/esp32-s2-timing/FrameworkArduino/esp32-hal-matrix.c.o
Compiling .pio/build/esp32-s2-timing/FrameworkArduino/esp32-hal-misc.c.o
Compiling .pio/build/esp32-s2-timing/FrameworkArduino/esp32-hal-psram.c.o
Compiling .pio/build/esp32-s2-timing/FrameworkArduino/esp32-hal-rgb-led.c.o
Compiling .pio/build/esp32-s2-timing/FrameworkArduino/esp32-hal-rmt.c.o
Compiling .pio/build/esp32-s2-timing/FrameworkArduino/esp32-hal-sigmadelta.c.o
Compiling .pio/build/esp32-s2-timing/FrameworkArduino/esp32-hal-spi.c.o
Compiling .pio/build/esp32-s2-timing/FrameworkArduino/esp32-hal-time.c.o
Compiling .pio/build/esp32-s2-timing/FrameworkArduino/esp32-hal-timer.c.o
Compiling .pio/build/esp32-s2-timing/FrameworkArduino/esp32-hal-tinyusb.c.o
Compiling .pio/build/esp32-s2-timing/FrameworkArduino/esp32-hal-touch.c.o
Compiling .pio/build/esp32-s2-timing/FrameworkArduino/esp32-hal-uart.c.o
Compiling .pio/build/esp32-s2-timing/FrameworkArduino/firmware_msc_fat.c.o
Compiling .pio/build/esp32-s2-timing/FrameworkArduino/libb64/cdecode.c.o
Compiling .pio/build/esp32-s2-timing/FrameworkArduino/libb64/cencode.c.o
Compiling .pio/build/esp32-s2-timing/FrameworkArduino/main.cpp.o
Compiling .pio/build/esp32-s2-timing/FrameworkArduino/stdlib_noniso.c.o
Compiling .pio/build/esp32-s2-timing/FrameworkArduino/wiring_pulse.c.o
Compiling .pio/build/esp32-s2-timing/FrameworkArduino/wiring_shift.c.o
Archiving .pio/build/esp32-s2-timing/libFrameworkArduino.a
Indexing .pio/build/esp32-s2-timing/libFrameworkArduino.a
Linking .pio/build/esp32-s2-timing/firmware.elf
Retrieving maximum program size .pio/build/esp32-s2-timing/firmware.elf
Checking size .pio/build/esp32-s2-timing/firmware.elf
Advanced Memory Usage is available via "PlatformIO Home > Project Inspect"
RAM:   [=         ]   5.5% (used 17872 bytes from 327680 bytes)
Flash: [==        ]  20.4% (used 266882 bytes from 1310720 bytes)
Building .pio/build/esp32-s2-timing/firmware.bin
esptool.py v4.9.0
Creating esp32s2 image...
Merged 2 ELF sections
Successfully created esp32s2 image.
========================= [SUCCESS] Took 9.13 seconds =========================

Processing esp32-s3-timing (platform: espressif32; board: 4d_systems_esp32s3_gen4_r8n16; framework: arduino)
--------------------------------------------------------------------------------
Verbose mode can be enabled via `-v, --verbose` option
CONFIGURATION: https://docs.platformio.org/page/boards/espressif32/4d_systems_esp32s3_gen4_r8n16.html
PLATFORM: Espressif 32 (6.12.0) > 4D Systems GEN4-ESP32 16MB (ESP32S3-R8N16)
HARDWARE: ESP32S3 240MHz, 320KB RAM, 16MB Flash
DEBUG: Current (cmsis-dap) External (cmsis-dap, esp-bridge, esp-builtin, esp-prog, iot-bus-jtag, jlink, minimodule, olimex-arm-usb-ocd, olimex-arm-usb-ocd-h, olimex-arm-usb-tiny-h, olimex-jtag-tiny, tumpa)
PACKAGES: 
 - framework-arduinoespressif32 @ 3.20017.241212+sha.dcc1105b 
 - tool-esptoolpy @ 2.40900.250804 (4.9.0) 
 - toolchain-riscv32-esp @ 8.4.0+2021r2-patch5 
 - toolchain-xtensa-esp32s3 @ 8.4.0+2021r2-patch5
LDF: Library Dependency Finder -> https://bit.ly/configure-pio-ldf
LDF Modes: Finder ~ chain, Compatibility ~ soft
Found 38 compatible libraries
Scanning dependencies...
Dependency Graph
|-- Adafruit TinyUSB Library @ 3.3.1
Building in release mode
Compiling .pio/build/esp32-s3-timing/src/ffb_device_input.cpp.o
Compiling .pio/build/esp32-s3-timing/src/ffb_force_calculator.cpp.o
Compiling .pio/build/esp32-s3-timing/src/ffb_report_handler.cpp.o
Compiling .pio/build/esp32-s3-timing/src/main.cpp.o
Archiving .pio/build/esp32-s3-timing/lib427/libSPI.a
Indexing .pio/build/esp32-s3-timing/lib427/libSPI.a
Compiling .pio/build/esp32-s3-timing/lib919/SdFat - Adafruit Fork/FatLib/FatFileLFN.cpp.o
Compiling .pio/build/esp32-s3-timing/lib919/SdFat - Adafruit Fork/FatLib/FatFilePrint.cpp.o
Compiling .pio/build/esp32-s3-timing/lib919/SdFat - Adafruit Fork/FatLib/FatFileSFN.cpp.o
Compiling .pio/build/esp32-s3-timing/lib919/SdFat - Adafruit Fork/FatLib/FatFormatter.cpp.o
Compiling .pio/build/esp32-s3-timing/lib919/SdFat - Adafruit Fork/FatLib/FatName.cpp.o
Compiling .pio/build/esp32-s3-timing/lib919/SdFat - Adafruit Fork/FatLib/FatPartition.cpp.o
In file included from src/constants.h:5,
                 from src/main.cpp:6:
src/config_board.h:32: warning: "USB_VID" redefined
 #define USB_VID 0xFFFF
 
In file included from /Users/sunwj/.platformio/packages/framework-arduinoespressif32/cores/esp32/esp32-hal-gpio.h:29,
                 from /Users/sunwj/.platformio/packages/framework-arduinoespressif32/cores/esp32/esp32-hal.h:83,
                 from /Users/sunwj/.platformio/packages/framework-arduinoespressif32/cores/esp32/Arduino.h:36,
                 from src/main.cpp:1:
/Users/sunwj/.platformio/packages/framework-arduinoespressif32/variants/esp32_s3r8n16/pins_arduino.h:6: note: this is the location of the previous definition
 #define USB_VID 0x303a
 
In file included from src/constants.h:5,
                 from src/main.cpp:6:
src/config_board.h:33: warning: "USB_PID" redefined
 #define USB_PID 0x2010
 
In file included from /Users/sunwj/.platformio/packages/framework-arduinoespressif32/cores/esp32/esp32-hal-gpio.h:29,
                 from /Users/sunwj/.platformio/packages/framework-arduinoespressif32/cores/esp32/esp32-hal.h:83,
                 from /Users/sunwj/.platformio/packages/framework-arduinoespressif32/cores/esp32/Arduino.h:36,
                 from src/main.cpp:1:
/Users/sunwj/.platformio/packages/framework-arduinoespressif32/variants/esp32_s3r8n16/pins_arduino.h:7: note: this is the location of the previous definition
 #define USB_PID 0x1001
 
In file included from src/constants.h:5,
                 from src/main.cpp:6:
src/config_board.h:34: warning: "USB_MANUFACTURER" redefined
 #define USB_MANUFACTURER "SunFFB"
 
In file included from /Users/sunwj/.platformio/packages/framework-arduinoespressif32/cores/esp32/esp32-hal-gpio.h:29,
                 from /Users/sunwj/.platformio/packages/framework-arduinoespressif32/cores/esp32/esp32-hal.h:83,
                 from /Users/sunwj/.platformio/packages/framework-arduinoespressif32/cores/esp32/Arduino.h:36,
                 from src/main.cpp:1:
/Users/sunwj/.platformio/packages/framework-arduinoespressif32/variants/esp32_s3r8n16/pins_arduino.h:8: note: this is the location of the previous definition
 #define USB_MANUFACTURER  "4D Systems Pty Ltd"
 
In file included from src/constants.h:5,
                 from src/main.cpp:6:
src/config_board.h:35: warning: "USB_PRODUCT" redefined
 #define USB_PRODUCT "Force feedback joystick"
 
In file included from /Users/sunwj/.platformio/packages/framework-arduinoespressif32/cores/esp32/esp32-hal-gpio.h:29,
                 from /Users/sunwj/.platformio/packages/framework-arduinoespressif32/cores/esp32/esp32-hal.h:83,
                 from /Users/sunwj/.platformio/packages/framework-arduinoespressif32/cores/esp32/Arduino.h:36,
                 from src/main.cpp:1:
/Users/sunwj/.platformio/packages/framework-arduinoespressif32/variants/esp32_s3r8n16/pins_arduino.h:9: note: this is the location of the previous definition
 #define USB_PRODUCT   "4D Systems gen4-ESP32 16MB Modules (ESP32-S3R8n16)"
 
Compiling .pio/build/esp32-s3-timing/lib919/SdFat - Adafruit Fork/FatLib/FatVolume.cpp.o
Compiling .pio/build/esp32-s3-timing/lib919/SdFat - Adafruit Fork/FreeStack.cpp.o
Compiling .pio/build/esp32-s3-timing/lib919/SdFat - Adafruit Fork/FsLib/FsFile.cpp.o
Compiling .pio/build/esp32-s3-timing/lib919/SdFat - Adafruit Fork/FsLib/FsNew.cpp.o
Compiling .pio/build/esp32-s3-timing/lib919/SdFat - Adafruit Fork/FsLib/FsVolume.cpp.o
Compiling .pio/build/esp32-s3-timing/lib919/SdFat - Adafruit Fork/MinimumSerial.cpp.o
Compiling .pio/build/esp32-s3-timing/lib919/SdFat - Adafruit Fork/SdCard/Rp2040Sdio/PioSdioCard.cpp.o
Compiling .pio/build/esp32-s3-timing/lib919/SdFat - Adafruit Fork/SdCard/SdCardInfo.cpp.o
Compiling .pio/build/esp32-s3-timing/lib919/SdFat - Adafruit Fork/SdCard/SdSpiCard.cpp.o
Compiling .pio/build/esp32-s3-timing/lib919/SdFat - Adafruit Fork/SdCard/TeensySdio/TeensySdio.cpp.o
Compiling .pio/build/esp32-s3-timing/lib919/SdFat - Adafruit Fork/SpiDriver/SdSpiArtemis.cpp.o
Compiling .pio/build/esp32-s3-timing/lib919/SdFat - Adafruit Fork/SpiDriver/SdSpiChipSelect.cpp.o
Compiling .pio/build/esp32-s3-timing/lib919/SdFat - Adafruit Fork/SpiDriver/SdSpiDue.cpp.o
Compiling .pio/build/esp32-s3-timing/lib919/SdFat - Adafruit Fork/SpiDriver/SdSpiParticle.cpp.o
Compiling .pio/build/esp32-s3-timing/lib919/SdFat - Adafruit Fork/SpiDriver/SdSpiSTM32.cpp.o
Compiling .pio/build/esp32-s3-timing/lib919/SdFat - Adafruit Fork/SpiDriver/SdSpiSTM32Core.cpp.o
Compiling .pio/build/esp32-s3-timing/lib919/SdFat - Adafruit Fork/SpiDriver/SdSpiTeensy3.cpp.o
Compiling .pio/build/esp32-s3-timing/lib919/SdFat - Adafruit Fork/common/FmtNumber.cpp.o
Compiling .pio/build/esp32-s3-timing/lib919/SdFat - Adafruit Fork/common/FsCache.cpp.o
Compiling .pio/build/esp32-s3-timing/lib919/SdFat - Adafruit Fork/common/FsDateTime.cpp.o
Compiling .pio/build/esp32-s3-timing/lib919/SdFat - Adafruit Fork/common/FsName.cpp.o
Compiling .pio/build/esp32-s3-timing/lib919/SdFat - Adafruit Fork/common/FsStructs.cpp.o
Compiling .pio/build/esp32-s3-timing/lib919/SdFat - Adafruit Fork/common/FsUtf.cpp.o
Compiling .pio/build/esp32-s3-timing/lib919/SdFat - Adafruit Fork/common/PrintBasic.cpp.o
Compiling .pio/build/esp32-s3-timing/lib919/SdFat - Adafruit Fork/common/upcase.cpp.o
Compiling .pio/build/esp32-s3-timing/lib919/SdFat - Adafruit Fork/iostream/StdioStream.cpp.o
Compiling .pio/build/esp32-s3-timing/lib919/SdFat - Adafruit Fork/iostream/StreamBaseClass.cpp.o
Compiling .pio/build/esp32-s3-timing/lib919/SdFat - Adafruit Fork/iostream/istream.cpp.o
Compiling .pio/build/esp32-s3-timing/lib919/SdFat - Adafruit Fork/iostream/ostream.cpp.o
Compiling .pio/build/esp32-s3-timing/lib325/Adafruit TinyUSB Library/arduino/Adafruit_TinyUSB_API.cpp.o
Compiling .pio/build/esp32-s3-timing/lib325/Adafruit TinyUSB Library/arduino/Adafruit_USBD_CDC.cpp.o
Compiling .pio/build/esp32-s3-timing/lib325/Adafruit TinyUSB Library/arduino/Adafruit_USBD_Device.cpp.o
In file included from .pio/libdeps/esp32-s3-timing/Adafruit TinyUSB Library/src/Adafruit_TinyUSB.h:30,
                 from .pio/libdeps/esp32-s3-timing/Adafruit TinyUSB Library/src/arduino/Adafruit_TinyUSB_API.cpp:29:
.pio/libdeps/esp32-s3-timing/Adafruit TinyUSB Library/src/arduino/ports/esp32/tusb_config_esp32.h:92: warning: "CFG_TUH_ENABLED" redefined
 #define CFG_TUH_ENABLED 1
 
In file included from .pio/libdeps/esp32-s3-timing/Adafruit TinyUSB Library/src/arduino/Adafruit_TinyUSB_API.cpp:25:
.pio/libdeps/esp32-s3-timing/Adafruit TinyUSB Library/src/tusb_option.h:283: note: this is the location of the previous definition
   #define CFG_TUH_ENABLED     (TUH_RHPORT_MODE & OPT_MODE_HOST)
 
In file included from .pio/libdeps/esp32-s3-timing/Adafruit TinyUSB Library/src/Adafruit_TinyUSB.h:30,
                 from .pio/libdeps/esp32-s3-timing/Adafruit TinyUSB Library/src/arduino/Adafruit_TinyUSB_API.cpp:29:
.pio/libdeps/esp32-s3-timing/Adafruit TinyUSB Library/src/arduino/ports/esp32/tusb_config_esp32.h:93: warning: "CFG_TUH_MAX_SPEED" redefined
 #define CFG_TUH_MAX_SPEED OPT_MODE_FULL_SPEED
 
In file included from .pio/libdeps/esp32-s3-timing/Adafruit TinyUSB Library/src/arduino/Adafruit_TinyUSB_API.cpp:25:
.pio/libdeps/esp32-s3-timing/Adafruit TinyUSB Library/src/tusb_option.h:288: note: this is the location of the previous definition
   #define CFG_TUH_MAX_SPEED   (TUH_RHPORT_MODE & OPT_MODE_SPEED_MASK)
 
In file included from .pio/libdeps/esp32-s3-timing/Adafruit TinyUSB Library/src/Adafruit_TinyUSB.h:30,
                 from .pio/libdeps/esp32-s3-timing/Adafruit TinyUSB Library/src/arduino/Adafruit_TinyUSB_API.cpp:29:
.pio/libdeps/esp32-s3-timing/Adafruit TinyUSB Library/src/arduino/ports/esp32/tusb_config_esp32.h:94: warning: "CFG_TUH_MAX3421" redefined
 #define CFG_TUH_MAX3421 1
 
In file included from .pio/libdeps/esp32-s3-timing/Adafruit TinyUSB Library/src/arduino/Adafruit_TinyUSB_API.cpp:25:
.pio/libdeps/esp32-s3-timing/Adafruit TinyUSB Library/src/tusb_option.h:556: note: this is the location of the previous definition
   #define CFG_TUH_MAX3421  0
 
In file included from .pio/libdeps/esp32-s3-timing/Adafruit TinyUSB Library/src/Adafruit_TinyUSB.h:30,
                 from .pio/libdeps/esp32-s3-timing/Adafruit TinyUSB Library/src/arduino/Adafruit_TinyUSB_API.cpp:29:
.pio/libdeps/esp32-s3-timing/Adafruit TinyUSB Library/src/arduino/ports/esp32/tusb_config_esp32.h:104: warning: "CFG_TUH_HUB" redefined
 #define CFG_TUH_HUB 1
 
In file included from .pio/libdeps/esp32-s3-timing/Adafruit TinyUSB Library/src/arduino/Adafruit_TinyUSB_API.cpp:25:
.pio/libdeps/esp32-s3-timing/Adafruit TinyUSB Library/src/tusb_option.h:477: note: this is the location of the previous definition
   #define CFG_TUH_HUB    0
 
In file included from .pio/libdeps/esp32-s3-timing/Adafruit TinyUSB Library/src/Adafruit_TinyUSB.h:30,
                 from .pio/libdeps/esp32-s3-timing/Adafruit TinyUSB Library/src/arduino/Adafruit_TinyUSB_API.cpp:29:
.pio/libdeps/esp32-s3-timing/Adafruit TinyUSB Library/src/arduino/ports/esp32/tusb_config_esp32.h:113: warning: "CFG_TUH_MSC" redefined
 #define CFG_TUH_MSC 1
 
In file included from .pio/libdeps/esp32-s3-timing/Adafruit TinyUSB Library/src/arduino/Adafruit_TinyUSB_API.cpp:25:
.pio/libdeps/esp32-s3-timing/Adafruit TinyUSB Library/src/tusb_option.h:534: note: this is the location of the previous definition
   #define CFG_TUH_MSC    0
 
In file included from .pio/libdeps/esp32-s3-timing/Adafruit TinyUSB Library/src/Adafruit_TinyUSB.h:30,
                 from .pio/libdeps/esp32-s3-timing/Adafruit TinyUSB Library/src/arduino/Adafruit_TinyUSB_API.cpp:29:
.pio/libdeps/esp32-s3-timing/Adafruit TinyUSB Library/src/arduino/ports/esp32/tusb_config_esp32.h:117: warning: "CFG_TUH_HID" redefined
 #define CFG_TUH_HID (3 * CFG_TUH_DEVICE_MAX)
 
In file included from .pio/libdeps/esp32-s3-timing/Adafruit TinyUSB Library/src/arduino/Adafruit_TinyUSB_API.cpp:25:
.pio/libdeps/esp32-s3-timing/Adafruit TinyUSB Library/src/tusb_option.h:526: note: this is the location of the previous definition
   #define CFG_TUH_HID    0
 
In file included from .pio/libdeps/esp32-s3-timing/Adafruit TinyUSB Library/src/Adafruit_TinyUSB.h:30,
                 from .pio/libdeps/esp32-s3-timing/Adafruit TinyUSB Library/src/arduino/Adafruit_TinyUSB_API.cpp:29:
.pio/libdeps/esp32-s3-timing/Adafruit TinyUSB Library/src/arduino/ports/esp32/tusb_config_esp32.h:121: warning: "CFG_TUH_CDC" redefined
 #define CFG_TUH_CDC 1
 
In file included from .pio/libdeps/esp32-s3-timing/Adafruit TinyUSB Library/src/arduino/Adafruit_TinyUSB_API.cpp:25:
.pio/libdeps/esp32-s3-timing/Adafruit TinyUSB Library/src/tusb_option.h:481: note: this is the location of the previous definition
   #define CFG_TUH_CDC    0
 
In file included from .pio/libdeps/esp32-s3-timing/Adafruit TinyUSB Library/src/Adafruit_TinyUSB.h:30,
                 from .pio/libdeps/esp32-s3-timing/Adafruit TinyUSB Library/src/arduino/Adafruit_TinyUSB_API.cpp:29:
.pio/libdeps/esp32-s3-timing/Adafruit TinyUSB Library/src/arduino/ports/esp32/tusb_config_esp32.h:122: warning: "CFG_TUH_CDC_FTDI" redefined
 #define CFG_TUH_CDC_FTDI 1
 
In file included from .pio/libdeps/esp32-s3-timing/Adafruit TinyUSB Library/src/arduino/Adafruit_TinyUSB_API.cpp:25:
.pio/libdeps/esp32-s3-timing/Adafruit TinyUSB Library/src/tusb_option.h:486: note: this is the location of the previous definition
   #define CFG_TUH_CDC_FTDI 0
 
In file included from .pio/libdeps/esp32-s3-timing/Adafruit TinyUSB Library/src/Adafruit_TinyUSB.h:30,
                 from .pio/libdeps/esp32-s3-timing/Adafruit TinyUSB Library/src/arduino/Adafruit_TinyUSB_API.cpp:29:
.pio/libdeps/esp32-s3-timing/Adafruit TinyUSB Library/src/arduino/ports/esp32/tusb_config_esp32.h:123: warning: "CFG_TUH_CDC_CP210X" redefined
 #define CFG_TUH_CDC_CP210X 1
 
In file included from .pio/libdeps/esp32-s3-timing/Adafruit TinyUSB Library/src/arduino/Adafruit_TinyUSB_API.cpp:25:
.pio/libdeps/esp32-s3-timing/Adafruit TinyUSB Library/src/tusb_option.h:499: note: this is the location of the previous definition
   #define CFG_TUH_CDC_CP210X 0
 
In file included from .pio/libdeps/esp32-s3-timing/Adafruit TinyUSB Library/src/Adafruit_TinyUSB.h:30,
                 from .pio/libdeps/esp32-s3-timing/Adafruit TinyUSB Library/src/arduino/Adafruit_TinyUSB_API.cpp:29:
.pio/libdeps/esp32-s3-timing/Adafruit TinyUSB Library/src/arduino/ports/esp32/tusb_config_esp32.h:124: warning: "CFG_TUH_CDC_CH34X" redefined
 #define CFG_TUH_CDC_CH34X 1
 
In file included from .pio/libdeps/esp32-s3-timing/Adafruit TinyUSB Library/src/arduino/Adafruit_TinyUSB_API.cpp:25:
.pio/libdeps/esp32-s3-timing/Adafruit TinyUSB Library/src/tusb_option.h:510: note: this is the location of the previous definition
   #define CFG_TUH_CDC_CH34X 0
 
Compiling .pio/build/esp32-s3-timing/lib325/Adafruit TinyUSB Library/arduino/Adafruit_USBD_Interface.cpp.o
Compiling .pio/build/esp32-s3-timing/lib325/Adafruit TinyUSB Library/arduino/Adafruit_USBH_Host.cpp.o
Compiling .pio/build/esp32-s3-timing/lib325/Adafruit TinyUSB Library/arduino/cdc/Adafruit_USBH_CDC.cpp.o
Compiling .pio/build/esp32-s3-timing/lib325/Adafruit TinyUSB Library/arduino/hid/Adafruit_USBD_HID.cpp.o
Compiling .pio/build/esp32-s3-timing/lib325/Adafruit TinyUSB Library/arduino/midi/Adafruit_USBD_MIDI.cpp.o
Compiling .pio/build/esp32-s3-timing/lib325/Adafruit TinyUSB Library/arduino/msc/Adafruit_USBD_MSC.cpp.o
Compiling .pio/build/esp32-s3-timing/lib325/Adafruit TinyUSB Library/arduino/msc/Adafruit_USBH_MSC.cpp.o
Compiling .pio/build/esp32-s3-timing/lib325/Adafruit TinyUSB Library/arduino/ports/ch32/Adafruit_TinyUSB_ch32.cpp.o
Compiling .pio/build/esp32-s3-timing/lib325/Adafruit TinyUSB Library/arduino/ports/esp32/Adafruit_TinyUSB_esp32.cpp.o
Compiling .pio/build/esp32-s3-timing/lib325/Adafruit TinyUSB Library/arduino/ports/nrf/Adafruit_TinyUSB_nrf.cpp.o
Compiling .pio/build/esp32-s3-timing/lib325/Adafruit TinyUSB Library/arduino/ports/rp2040/Adafruit_TinyUSB_rp2040.cpp.o
Compiling .pio/build/esp32-s3-timing/lib325/Adafruit TinyUSB Library/arduino/ports/samd/Adafruit_TinyUSB_samd.cpp.o
Compiling .pio/build/esp32-s3-timing/lib325/Adafruit TinyUSB Library/arduino/video/Adafruit_USBD_Video.cpp.o
Compiling .pio/build/esp32-s3-timing/lib325/Adafruit TinyUSB Library/arduino/webusb/Adafruit_USBD_WebUSB.cpp.o
Compiling .pio/build/esp32-s3-timing/lib325/Adafruit TinyUSB Library/class/audio/audio_device.c.o
Compiling .pio/build/esp32-s3-timing/lib325/Adafruit TinyUSB Library/class/bth/bth_device.c.o
Compiling .pio/build/esp32-s3-timing/lib325/Adafruit TinyUSB Library/class/cdc/cdc_device.c.o
Compiling .pio/build/esp32-s3-timing/lib325/Adafruit TinyUSB Library/class/cdc/cdc_host.c.o
Compiling .pio/build/esp32-s3-timing/lib325/Adafruit TinyUSB Library/class/dfu/dfu_device.c.o
Compiling .pio/build/esp32-s3-timing/lib325/Adafruit TinyUSB Library/class/dfu/dfu_rt_device.c.o
Archiving .pio/build/esp32-s3-timing/lib919/libSdFat - Adafruit Fork.a
Compiling .pio/build/esp32-s3-timing/lib325/Adafruit TinyUSB Library/class/hid/hid_device.c.o
Compiling .pio/build/esp32-s3-timing/lib325/Adafruit TinyUSB Library/class/hid/hid_host.c.o
Indexing .pio/build/esp32-s3-timing/lib919/libSdFat - Adafruit Fork.a
Compiling .pio/build/esp32-s3-timing/lib325/Adafruit TinyUSB Library/class/midi/midi_device.c.o
Compiling .pio/build/esp32-s3-timing/lib325/Adafruit TinyUSB Library/class/msc/msc_device.c.o
Compiling .pio/build/esp32-s3-timing/lib325/Adafruit TinyUSB Library/class/msc/msc_host.c.o
Compiling .pio/build/esp32-s3-timing/lib325/Adafruit TinyUSB Library/class/net/ecm_rndis_device.c.o
Compiling .pio/build/esp32-s3-timing/lib325/Adafruit TinyUSB Library/class/net/ncm_device.c.o
Compiling .pio/build/esp32-s3-timing/lib325/Adafruit TinyUSB Library/class/usbtmc/usbtmc_device.c.o
Compiling .pio/build/esp32-s3-timing/lib325/Adafruit TinyUSB Library/class/vendor/vendor_device.c.o
Compiling .pio/build/esp32-s3-timing/lib325/Adafruit TinyUSB Library/class/video/video_device.c.o
Compiling .pio/build/esp32-s3-timing/lib325/Adafruit TinyUSB Library/common/tusb_fifo.c.o
Compiling .pio/build/esp32-s3-timing/lib325/Adafruit TinyUSB Library/device/usbd.c.o
Compiling .pio/build/esp32-s3-timing/lib325/Adafruit TinyUSB Library/device/usbd_control.c.o
Compiling .pio/build/esp32-s3-timing/lib325/Adafruit TinyUSB Library/host/hub.c.o
Compiling .pio/build/esp32-s3-timing/lib325/Adafruit TinyUSB Library/host/usbh.c.o
Compiling .pio/build/esp32-s3-timing/lib325/Adafruit TinyUSB Library/portable/analog/max3421/hcd_max3421.c.o
Compiling .pio/build/esp32-s3-timing/lib325/Adafruit TinyUSB Library/portable/microchip/samd/dcd_samd.c.o
Compiling .pio/build/esp32-s3-timing/lib325/Adafruit TinyUSB Library/portable/nordic/nrf5x/dcd_nrf5x.c.o
Compiling .pio/build/esp32-s3-timing/lib325/Adafruit TinyUSB Library/portable/raspberrypi/pio_usb/dcd_pio_usb.c.o
Compiling .pio/build/esp32-s3-timing/lib325/Adafruit TinyUSB Library/portable/raspberrypi/pio_usb/hcd_pio_usb.c.o
Compiling .pio/build/esp32-s3-timing/lib325/Adafruit TinyUSB Library/portable/raspberrypi/rp2040/dcd_rp2040.c.o
Compiling .pio/build/esp32-s3-timing/lib325/Adafruit TinyUSB Library/portable/raspberrypi/rp2040/hcd_rp2040.c.o
Compiling .pio/build/esp32-s3-timing/lib325/Adafruit TinyUSB Library/portable/raspberrypi/rp2040/rp2040_usb.c.o
Compiling .pio/build/esp32-s3-timing/lib325/Adafruit TinyUSB Library/portable/st/stm32_fsdev/dcd_stm32_fsdev.c.o
Compiling .pio/build/esp32-s3-timing/lib325/Adafruit TinyUSB Library/portable/synopsys/dwc2/dcd_dwc2.c.o
Compiling .pio/build/esp32-s3-timing/lib325/Adafruit TinyUSB Library/portable/wch/dcd_ch32_usbfs.c.o
Compiling .pio/build/esp32-s3-timing/lib325/Adafruit TinyUSB Library/portable/wch/dcd_ch32_usbhs.c.o
Compiling .pio/build/esp32-s3-timing/lib325/Adafruit TinyUSB Library/tusb.c.o
Compiling .pio/build/esp32-s3-timing/FrameworkArduino/Esp.cpp.o
Compiling .pio/build/esp32-s3-timing/FrameworkArduino/FirmwareMSC.cpp.o
Compiling .pio/build/esp32-s3-timing/FrameworkArduino/FunctionalInterrupt.cpp.o
Compiling .pio/build/esp32-s3-timing/FrameworkArduino/HWCDC.cpp.o
Compiling .pio/build/esp32-s3-timing/FrameworkArduino/HardwareSerial.cpp.o
Compiling .pio/build/esp32-s3-timing/FrameworkArduino/IPAddress.cpp.o
Compiling .pio/build/esp32-s3-timing/FrameworkArduino/IPv6Address.cpp.o
Archiving .pio/build/esp32-s3-timing/lib325/libAdafruit TinyUSB Library.a
Compiling .pio/build/esp32-s3-timing/FrameworkArduino/MD5Builder.cpp.o
Compiling .pio/build/esp32-s3-timing/FrameworkArduino/Print.cpp.o
Compiling .pio/build/esp32-s3-timing/FrameworkArduino/Stream.cpp.o
Compiling .pio/build/esp32-s3-timing/FrameworkArduino/StreamString.cpp.o
Indexing .pio/build/esp32-s3-timing/lib325/libAdafruit TinyUSB Library.a
Compiling .pio/build/esp32-s3-timing/FrameworkArduino/Tone.cpp.o
Compiling .pio/build/esp32-s3-timing/FrameworkArduino/USB.cpp.o
Compiling .pio/build/esp32-s3-timing/FrameworkArduino/USBCDC.cpp.o
Compiling .pio/build/esp32-s3-timing/FrameworkArduino/USBMSC.cpp.o
Compiling .pio/build/esp32-s3-timing/FrameworkArduino/WMath.cpp.o
Compiling .pio/build/esp32-s3-timing/FrameworkArduino/WString.cpp.o
Compiling .pio/build/esp32-s3-timing/FrameworkArduino/base64.cpp.o
Compiling .pio/build/esp32-s3-timing/FrameworkArduino/cbuf.cpp.o
Compiling .pio/build/esp32-s3-timing/FrameworkArduino/esp32-hal-adc.c.o
Compiling .pio/build/esp32-s3-timing/FrameworkArduino/esp32-hal-bt.c.o
Compiling .pio/build/esp32-s3-timing/FrameworkArduino/esp32-hal-cpu.c.o
Compiling .pio/build/esp32-s3-timing/FrameworkArduino/esp32-hal-dac.c.o
Compiling .pio/build/esp32-s3-timing/FrameworkArduino/esp32-hal-gpio.c.o
Compiling .pio/build/esp32-s3-timing/FrameworkArduino/esp32-hal-i2c-slave.c.o
Compiling .pio/build/esp32-s3-timing/FrameworkArduino/esp32-hal-i2c.c.o
Compiling .pio/build/esp32-s3-timing/FrameworkArduino/esp32-hal-ledc.c.o
Compiling .pio/build/esp32-s3-timing/FrameworkArduino/esp32-hal-matrix.c.o
Compiling .pio/build/esp32-s3-timing/FrameworkArduino/esp32-hal-misc.c.o
Compiling .pio/build/esp32-s3-timing/FrameworkArduino/esp32-hal-psram.c.o
Compiling .pio/build/esp32-s3-timing/FrameworkArduino/esp32-hal-rgb-led.c.o
Compiling .pio/build/esp32-s3-timing/FrameworkArduino/esp32-hal-rmt.c.o
Compiling .pio/build/esp32-s3-timing/FrameworkArduino/esp32-hal-sigmadelta.c.o
Compiling .pio/build/esp32-s3-timing/FrameworkArduino/esp32-hal-spi.c.o
Compiling .pio/build/esp32-s3-timing/FrameworkArduino/esp32-hal-time.c.o
Compiling .pio/build/esp32-s3-timing/FrameworkArduino/esp32-hal-timer.c.o
Compiling .pio/build/esp32-s3-timing/FrameworkArduino/esp32-hal-tinyusb.c.o
Compiling .pio/build/esp32-s3-timing/FrameworkArduino/esp32-hal-touch.c.o
Compiling .pio/build/esp32-s3-timing/FrameworkArduino/esp32-hal-uart.c.o
Compiling .pio/build/esp32-s3-timing/FrameworkArduino/firmware_msc_fat.c.o
Compiling .pio/build/esp32-s3-timing/FrameworkArduino/libb64/cdecode.c.o
Compiling .pio/build/esp32-s3-timing/FrameworkArduino/libb64/cencode.c.o
Compiling .pio/build/esp32-s3-timing/FrameworkArduino/main.cpp.o
Compiling .pio/build/esp32-s3-timing/FrameworkArduino/stdlib_noniso.c.o
Compiling .pio/build/esp32-s3-timing/FrameworkArduino/wiring_pulse.c.o
Compiling .pio/build/esp32-s3-timing/FrameworkArduino/wiring_shift.c.o
Archiving .pio/build/esp32-s3-timing/libFrameworkArduino.a
Indexing .pio/build/esp32-s3-timing/libFrameworkArduino.a
Linking .pio/build/esp32-s3-timing/firmware.elf
Retrieving maximum program size .pio/build/esp32-s3-timing/firmware.elf
Checking size .pio/build/esp32-s3-timing/firmware.elf
Advanced Memory Usage is available via "PlatformIO Home > Project Inspect"
RAM:   [=         ]  10.2% (used 33312 bytes from 327680 bytes)
Flash: [=         ]   5.0% (used 328513 bytes from 6553600 bytes)
Building .pio/build/esp32-s3-timing/firmware.bin
esptool.py v4.9.0
Creating esp32s3 image...
Merged 2 ELF sections
Successfully created esp32s3 image.
========================= [SUCCESS] Took 9.78 seconds =========================

Processing esp32-s2-force500 (board: esp32-s2-saola-1; platform: espressif32; framework: arduino)
--------------------------------------------------------------------------------
Verbose mode can be enabled via `-v, --verbose` option
CONFIGURATION: https://docs.platformio.org/page/boards/espressif32/esp32-s2-saola-1.html
PLATFORM: Espressif 32 (6.12.0) > Espressif ESP32-S2-Saola-1
HARDWARE: ESP32S2 240MHz, 320KB RAM, 4MB Flash
DEBUG: Current (cmsis-dap) External (cmsis-dap, esp-bridge, esp-prog, iot-bus-jtag, jlink, minimodule, olimex-arm-usb-ocd, olimex-arm-usb-ocd-h, olimex-arm-usb-tiny-h, olimex-jtag-tiny, tumpa)
PACKAGES: 
 - framework-arduinoespressif32 @ 3.20017.241212+sha.dcc1105b 
 - tool-esptoolpy @ 2.40900.250804 (4.9.0) 
 - toolchain-riscv32-esp @ 8.4.0+2021r2-patch5 
 - toolchain-xtensa-esp32s2 @ 8.4.0+2021r2-patch5
LDF: Library Dependency Finder -> https://bit.ly/configure-pio-ldf
LDF Modes: Finder ~ chain, Compatibility ~ soft
Found 38 compatible libraries
Scanning dependencies...
Dependency Graph
|-- Adafruit TinyUSB Library @ 3.3.1
Building in release mode
Compiling .pio/build/esp32-s2-force500/src/ffb_device_input.cpp.o
Compiling .pio/build/esp32-s2-force500/src/ffb_force_calculator.cpp.o
Compiling .pio/build/esp32-s2-force500/src/ffb_report_handler.cpp.o
Compiling .pio/build/esp32-s2-force500/src/main.cpp.o
Archiving .pio/build/esp32-s2-force500/lib427/libSPI.a
Indexing .pio/build/esp32-s2-force500/lib427/libSPI.a
Compiling .pio/build/esp32-s2-force500/lib61c/SdFat - Adafruit Fork/FatLib/FatFileLFN.cpp.o
Compiling .pio/build/esp32-s2-force500/lib61c/SdFat - Adafruit Fork/FatLib/FatFilePrint.cpp.o
Compiling .pio/build/esp32-s2-force500/lib61c/SdFat - Adafruit Fork/FatLib/FatFileSFN.cpp.o
Compiling .pio/build/esp32-s2-force500/lib61c/SdFat - Adafruit Fork/FatLib/FatFormatter.cpp.o
Compiling .pio/build/esp32-s2-force500/lib61c/SdFat - Adafruit Fork/FatLib/FatName.cpp.o
Compiling .pio/build/esp32-s2-force500/lib61c/SdFat - Adafruit Fork/FatLib/FatPartition.cpp.o
Compiling .pio/build/esp32-s2-force500/lib61c/SdFat - Adafruit Fork/FatLib/FatVolume.cpp.o
Compiling .pio/build/esp32-s2-force500/lib61c/SdFat - Adafruit Fork/FreeStack.cpp.o
Compiling .pio/build/esp32-s2-force500/lib61c/SdFat - Adafruit Fork/FsLib/FsFile.cpp.o
Compiling .pio/build/esp32-s2-force500/lib61c/SdFat - Adafruit Fork/FsLib/FsNew.cpp.o
Compiling .pio/build/esp32-s2-force500/lib61c/SdFat - Adafruit Fork/FsLib/FsVolume.cpp.o
Compiling .pio/build/esp32-s2-force500/lib61c/SdFat - Adafruit Fork/MinimumSerial.cpp.o
Compiling .pio/build/esp32-s2-force500/lib61c/SdFat - Adafruit Fork/SdCard/Rp2040Sdio/PioSdioCard.cpp.o
Compiling .pio/build/esp32-s2-force500/lib61c/SdFat - Adafruit Fork/SdCard/SdCardInfo.cpp.o
Compiling .pio/build/esp32-s2-force500/lib61c/SdFat - Adafruit Fork/SdCard/SdSpiCard.cpp.o
Compiling .pio/build/esp32-s2-force500/lib61c/SdFat - Adafruit Fork/SdCard/TeensySdio/TeensySdio.cpp.o
Compiling .pio/build/esp32-s2-force500/lib61c/SdFat - Adafruit Fork/SpiDriver/SdSpiArtemis.cpp.o
Compiling .pio/build/esp32-s2-force500/lib61c/SdFat - Adafruit Fork/SpiDriver/SdSpiChipSelect.cpp.o
Compiling .pio/build/esp32-s2-force500/lib61c/SdFat - Adafruit Fork/SpiDriver/SdSpiDue.cpp.o
Compiling .pio/build/esp32-s2-force500/lib61c/SdFat - Adafruit Fork/SpiDriver/SdSpiParticle.cpp.o
Compiling .pio/build/esp32-s2-force500/lib61c/SdFat - Adafruit Fork/SpiDriver/SdSpiSTM32.cpp.o
Compiling .pio/build/esp32-s2-force500/lib61c/SdFat - Adafruit Fork/SpiDriver/SdSpiSTM32Core.cpp.o
Compiling .pio/build/esp32-s2-force500/lib61c/SdFat - Adafruit Fork/SpiDriver/SdSpiTeensy3.cpp.o
Compiling .pio/build/esp32-s2-force500/lib61c/SdFat - Adafruit Fork/common/FmtNumber.cpp.o
Compiling .pio/build/esp32-s2-force500/lib61c/SdFat - Adafruit Fork/common/FsCache.cpp.o
Compiling .pio/build/esp32-s2-force500/lib61c/SdFat - Adafruit Fork/common/FsDateTime.cpp.o
Compiling .pio/build/esp32-s2-force500/lib61c/SdFat - Adafruit Fork/common/FsName.cpp.o
Compiling .pio/build/esp32-s2-force500/lib61c/SdFat - Adafruit Fork/common/FsStructs.cpp.o
Compiling .pio/build/esp32-s2-force500/lib61c/SdFat - Adafruit Fork/common/FsUtf.cpp.o
Compiling .pio/build/esp32-s2-force500/lib61c/SdFat - Adafruit Fork/common/PrintBasic.cpp.o
Compiling .pio/build/esp32-s2-force500/lib61c/SdFat - Adafruit Fork/common/upcase.cpp.o
Compiling .pio/build/esp32-s2-force500/lib61c/SdFat - Adafruit Fork/iostream/StdioStream.cpp.o
Compiling .pio/build/esp32-s2-force500/lib61c/SdFat - Adafruit Fork/iostream/StreamBaseClass.cpp.o
Compiling .pio/build/esp32-s2-force500/lib61c/SdFat - Adafruit Fork/iostream/istream.cpp.o
Compiling .pio/build/esp32-s2-force500/lib61c/SdFat - Adafruit Fork/iostream/ostream.cpp.o
Compiling .pio/build/esp32-s2-force500/libed1/Adafruit TinyUSB Library/arduino/Adafruit_TinyUSB_API.cpp.o
Compiling .pio/build/esp32-s2-force500/libed1/Adafruit TinyUSB Library/arduino/Adafruit_USBD_CDC.cpp.o
In file included from .pio/libdeps/esp32-s2-force500/Adafruit TinyUSB Library/src/Adafruit_TinyUSB.h:30,
                 from .pio/libdeps/esp32-s2-force500/Adafruit TinyUSB Library/src/arduino/Adafruit_TinyUSB_API.cpp:29:
.pio/libdeps/esp32-s2-force500/Adafruit TinyUSB Library/src/arduino/ports/esp32/tusb_config_esp32.h:92: warning: "CFG_TUH_ENABLED" redefined
 #define CFG_TUH_ENABLED 1
 
In file included from .pio/libdeps/esp32-s2-force500/Adafruit TinyUSB Library/src/arduino/Adafruit_TinyUSB_API.cpp:25:
.pio/libdeps/esp32-s2-force500/Adafruit TinyUSB Library/src/tusb_option.h:283: note: this is the location of the previous definition
   #define CFG_TUH_ENABLED     (TUH_RHPORT_MODE & OPT_MODE_HOST)
 
In file included from .pio/libdeps/esp32-s2-force500/Adafruit TinyUSB Library/src/Adafruit_TinyUSB.h:30,
                 from .pio/libdeps/esp32-s2-force500/Adafruit TinyUSB Library/src/arduino/Adafruit_TinyUSB_API.cpp:29:
.pio/libdeps/esp32-s2-force500/Adafruit TinyUSB Library/src/arduino/ports/esp32/tusb_config_esp32.h:93: warning: "CFG_TUH_MAX_SPEED" redefined
 #define CFG_TUH_MAX_SPEED OPT_MODE_FULL_SPEED
 
In file included from .pio/libdeps/esp32-s2-force500/Adafruit TinyUSB Library/src/arduino/Adafruit_TinyUSB_API.cpp:25:
.pio/libdeps/esp32-s2-force500/Adafruit TinyUSB Library/src/tusb_option.h:288: note: this is the location of the previous definition
   #define CFG_TUH_MAX_SPEED   (TUH_RHPORT_MODE & OPT_MODE_SPEED_MASK)
 
In file included from .pio/libdeps/esp32-s2-force500/Adafruit TinyUSB Library/src/Adafruit_TinyUSB.h:30,
                 from .pio/libdeps/esp32-s2-force500/Adafruit TinyUSB Library/src/arduino/Adafruit_TinyUSB_API.cpp:29:
.pio/libdeps/esp32-s2-force500/Adafruit TinyUSB Library/src/arduino/ports/esp32/tusb_config_esp32.h:94: warning: "CFG_TUH_MAX3421" redefined
 #define CFG_TUH_MAX3421 1
 
In file included from .pio/libdeps/esp32-s2-force500/Adafruit TinyUSB Library/src/arduino/Adafruit_TinyUSB_API.cpp:25:
.pio/libdeps/esp32-s2-force500/Adafruit TinyUSB Library/src/tusb_option.h:556: note: this is the location of the previous definition
   #define CFG_TUH_MAX3421  0
 
In file included from .pio/libdeps/esp32-s2-force500/Adafruit TinyUSB Library/src/Adafruit_TinyUSB.h:30,
                 from .pio/libdeps/esp32-s2-force500/Adafruit TinyUSB Library/src/arduino/Adafruit_TinyUSB_API.cpp:29:
.pio/libdeps/esp32-s2-force500/Adafruit TinyUSB Library/src/arduino/ports/esp32/tusb_config_esp32.h:104: warning: "CFG_TUH_HUB" redefined
 #define CFG_TUH_HUB 1
 
In file included from .pio/libdeps/esp32-s2-force500/Adafruit TinyUSB Library/src/arduino/Adafruit_TinyUSB_API.cpp:25:
.pio/libdeps/esp32-s2-force500/Adafruit TinyUSB Library/src/tusb_option.h:477: note: this is the location of the previous definition
   #define CFG_TUH_HUB    0
 
In file included from .pio/libdeps/esp32-s2-force500/Adafruit TinyUSB Library/src/Adafruit_TinyUSB.h:30,
                 from .pio/libdeps/esp32-s2-force500/Adafruit TinyUSB Library/src/arduino/Adafruit_TinyUSB_API.cpp:29:
.pio/libdeps/esp32-s2-force500/Adafruit TinyUSB Library/src/arduino/ports/esp32/tusb_config_esp32.h:113: warning: "CFG_TUH_MSC" redefined
 #define CFG_TUH_MSC 1
 
In file included from .pio/libdeps/esp32-s2-force500/Adafruit TinyUSB Library/src/arduino/Adafruit_TinyUSB_API.cpp:25:
Compiling .pio/build/esp32-s2-force500/libed1/Adafruit TinyUSB Library/arduino/Adafruit_USBD_Device.cpp.o
.pio/libdeps/esp32-s2-force500/Adafruit TinyUSB Library/src/tusb_option.h:534: note: this is the location of the previous definition
   #define CFG_TUH_MSC    0
 
In file included from .pio/libdeps/esp32-s2-force500/Adafruit TinyUSB Library/src/Adafruit_TinyUSB.h:30,
                 from .pio/libdeps/esp32-s2-force500/Adafruit TinyUSB Library/src/arduino/Adafruit_TinyUSB_API.cpp:29:
.pio/libdeps/esp32-s2-force500/Adafruit TinyUSB Library/src/arduino/ports/esp32/tusb_config_esp32.h:117: warning: "CFG_TUH_HID" redefined
 #define CFG_TUH_HID (3 * CFG_TUH_DEVICE_MAX)
 
In file included from .pio/libdeps/esp32-s2-force500/Adafruit TinyUSB Library/src/arduino/Adafruit_TinyUSB_API.cpp:25:
.pio/libdeps/esp32-s2-force500/Adafruit TinyUSB Library/src/tusb_option.h:526: note: this is the location of the previous definition
   #define CFG_TUH_HID    0
 
In file included from .pio/libdeps/esp32-s2-force500/Adafruit TinyUSB Library/src/Adafruit_TinyUSB.h:30,
                 from .pio/libdeps/esp32-s2-force500/Adafruit TinyUSB Library/src/arduino/Adafruit_TinyUSB_API.cpp:29:
.pio/libdeps/esp32-s2-force500/Adafruit TinyUSB Library/src/arduino/ports/esp32/tusb_config_esp32.h:121: warning: "CFG_TUH_CDC" redefined
 #define CFG_TUH_CDC 1
 
In file included from .pio/libdeps/esp32-s2-force500/Adafruit TinyUSB Library/src/arduino/Adafruit_TinyUSB_API.cpp:25:
.pio/libdeps/esp32-s2-force500/Adafruit TinyUSB Library/src/tusb_option.h:481: note: this is the location of the previous definition
   #define CFG_TUH_CDC    0
 
In file included from .pio/libdeps/esp32-s2-force500/Adafruit TinyUSB Library/src/Adafruit_TinyUSB.h:30,
                 from .pio/libdeps/esp32-s2-force500/Adafruit TinyUSB Library/src/arduino/Adafruit_TinyUSB_API.cpp:29:
.pio/libdeps/esp32-s2-force500/Adafruit TinyUSB Library/src/arduino/ports/esp32/tusb_config_esp32.h:122: warning: "CFG_TUH_CDC_FTDI" redefined
 #define CFG_TUH_CDC_FTDI 1
 
In file included from .pio/libdeps/esp32-s2-force500/Adafruit TinyUSB Library/src/arduino/Adafruit_TinyUSB_API.cpp:25:
.pio/libdeps/esp32-s2-force500/Adafruit TinyUSB Library/src/tusb_option.h:486: note: this is the location of the previous definition
   #define CFG_TUH_CDC_FTDI 0
 
In file included from .pio/libdeps/esp32-s2-force500/Adafruit TinyUSB Library/src/Adafruit_TinyUSB.h:30,
                 from .pio/libdeps/esp32-s2-force500/Adafruit TinyUSB Library/src/arduino/Adafruit_TinyUSB_API.cpp:29:
.pio/libdeps/esp32-s2-force500/Adafruit TinyUSB Library/src/arduino/ports/esp32/tusb_config_esp32.h:123: warning: "CFG_TUH_CDC_CP210X" redefined
 #define CFG_TUH_CDC_CP210X 1
 
In file included from .pio/libdeps/esp32-s2-force500/Adafruit TinyUSB Library/src/arduino/Adafruit_TinyUSB_API.cpp:25:
.pio/libdeps/esp32-s2-force500/Adafruit TinyUSB Library/src/tusb_option.h:499: note: this is the location of the previous definition
   #define CFG_TUH_CDC_CP210X 0
 
In file included from .pio/libdeps/esp32-s2-force500/Adafruit TinyUSB Library/src/Adafruit_TinyUSB.h:30,
                 from .pio/libdeps/esp32-s2-force500/Adafruit TinyUSB Library/src/arduino/Adafruit_TinyUSB_API.cpp:29:
.pio/libdeps/esp32-s2-force500/Adafruit TinyUSB Library/src/arduino/ports/esp32/tusb_config_esp32.h:124: warning: "CFG_TUH_CDC_CH34X" redefined
 #define CFG_TUH_CDC_CH34X 1
 
In file included from .pio/libdeps/esp32-s2-force500/Adafruit TinyUSB Library/src/arduino/Adafruit_TinyUSB_API.cpp:25:
.pio/libdeps/esp32-s2-force500/Adafruit TinyUSB Library/src/tusb_option.h:510: note: this is the location of the previous definition
   #define CFG_TUH_CDC_CH34X 0
 
Compiling .pio/build/esp32-s2-force500/libed1/Adafruit TinyUSB Library/arduino/Adafruit_USBD_Interface.cpp.o
Compiling .pio/build/esp32-s2-force500/libed1/Adafruit TinyUSB Library/arduino/Adafruit_USBH_Host.cpp.o
Compiling .pio/build/esp32-s2-force500/libed1/Adafruit TinyUSB Library/arduino/cdc/Adafruit_USBH_CDC.cpp.o
Compiling .pio/build/esp32-s2-force500/libed1/Adafruit TinyUSB Library/arduino/hid/Adafruit_USBD_HID.cpp.o
Compiling .pio/build/esp32-s2-force500/libed1/Adafruit TinyUSB Library/arduino/midi/Adafruit_USBD_MIDI.cpp.o
Compiling .pio/build/esp32-s2-force500/libed1/Adafruit TinyUSB Library/arduino/msc/Adafruit_USBD_MSC.cpp.o
Compiling .pio/build/esp32-s2-force500/libed1/Adafruit TinyUSB Library/arduino/msc/Adafruit_USBH_MSC.cpp.o
Compiling .pio/build/esp32-s2-force500/libed1/Adafruit TinyUSB Library/arduino/ports/ch32/Adafruit_TinyUSB_ch32.cpp.o
Compiling .pio/build/esp32-s2-force500/libed1/Adafruit TinyUSB Library/arduino/ports/esp32/Adafruit_TinyUSB_esp32.cpp.o
Compiling .pio/build/esp32-s2-force500/libed1/Adafruit TinyUSB Library/arduino/ports/nrf/Adafruit_TinyUSB_nrf.cpp.o
Compiling .pio/build/esp32-s2-force500/libed1/Adafruit TinyUSB Library/arduino/ports/rp2040/Adafruit_TinyUSB_rp2040.cpp.o
Compiling .pio/build/esp32-s2-force500/libed1/Adafruit TinyUSB Library/arduino/ports/samd/Adafruit_TinyUSB_samd.cpp.o
Compiling .pio/build/esp32-s2-force500/libed1/Adafruit TinyUSB Library/arduino/video/Adafruit_USBD_Video.cpp.o
Compiling .pio/build/esp32-s2-force500/libed1/Adafruit TinyUSB Library/arduino/webusb/Adafruit_USBD_WebUSB.cpp.o
Compiling .pio/build/esp32-s2-force500/libed1/Adafruit TinyUSB Library/class/audio/audio_device.c.o
Compiling .pio/build/esp32-s2-force500/libed1/Adafruit TinyUSB Library/class/bth/bth_device.c.o
Compiling .pio/build/esp32-s2-force500/libed1/Adafruit TinyUSB Library/class/cdc/cdc_device.c.o
Archiving .pio/build/esp32-s2-force500/lib61c/libSdFat - Adafruit Fork.a
Compiling .pio/build/esp32-s2-force500/libed1/Adafruit TinyUSB Library/class/cdc/cdc_host.c.o
Compiling .pio/build/esp32-s2-force500/libed1/Adafruit TinyUSB Library/class/dfu/dfu_device.c.o
Compiling .pio/build/esp32-s2-force500/libed1/Adafruit TinyUSB Library/class/dfu/dfu_rt_device.c.o
Indexing .pio/build/esp32-s2-force500/lib61c/libSdFat - Adafruit Fork.a
Compiling .pio/build/esp32-s2-force500/libed1/Adafruit TinyUSB Library/class/hid/hid_device.c.o
Compiling .pio/build/esp32-s2-force500/libed1/Adafruit TinyUSB Library/class/hid/hid_host.c.o
Compiling .pio/build/esp32-s2-force500/libed1/Adafruit TinyUSB Library/class/midi/midi_device.c.o
Compiling .pio/build/esp32-s2-force500/libed1/Adafruit TinyUSB Library/class/msc/msc_device.c.o
Compiling .pio/build/esp32-s2-force500/libed1/Adafruit TinyUSB Library/class/msc/msc_host.c.o
Compiling .pio/build/esp32-s2-force500/libed1/Adafruit TinyUSB Library/class/net/ecm_rndis_device.c.o
Compiling .pio/build/esp32-s2-force500/libed1/Adafruit TinyUSB Library/class/net/ncm_device.c.o
Compiling .pio/build/esp32-s2-force500/libed1/Adafruit TinyUSB Library/class/usbtmc/usbtmc_device.c.o
Compiling .pio/build/esp32-s2-force500/libed1/Adafruit TinyUSB Library/class/vendor/vendor_device.c.o
Compiling .pio/build/esp32-s2-force500/libed1/Adafruit TinyUSB Library/class/video/video_device.c.o
Compiling .pio/build/esp32-s2-force500/libed1/Adafruit TinyUSB Library/common/tusb_fifo.c.o
Compiling .pio/build/esp32-s2-force500/libed1/Adafruit TinyUSB Library/device/usbd.c.o
Compiling .pio/build/esp32-s2-force500/libed1/Adafruit TinyUSB Library/device/usbd_control.c.o
Compiling .pio/build/esp32-s2-force500/libed1/Adafruit TinyUSB Library/host/hub.c.o
Compiling .pio/build/esp32-s2-force500/libed1/Adafruit TinyUSB Library/host/usbh.c.o
Compiling .pio/build/esp32-s2-force500/libed1/Adafruit TinyUSB Library/portable/analog/max3421/hcd_max3421.c.o
Compiling .pio/build/esp32-s2-force500/libed1/Adafruit TinyUSB Library/portable/microchip/samd/dcd_samd.c.o
Compiling .pio/build/esp32-s2-force500/libed1/Adafruit TinyUSB Library/portable/nordic/nrf5x/dcd_nrf5x.c.o
Compiling .pio/build/esp32-s2-force500/libed1/Adafruit TinyUSB Library/portable/raspberrypi/pio_usb/dcd_pio_usb.c.o
Compiling .pio/build/esp32-s2-force500/libed1/Adafruit TinyUSB Library/portable/raspberrypi/pio_usb/hcd_pio_usb.c.o
Compiling .pio/build/esp32-s2-force500/libed1/Adafruit TinyUSB Library/portable/raspberrypi/rp2040/dcd_rp2040.c.o
Compiling .pio/build/esp32-s2-force500/libed1/Adafruit TinyUSB Library/portable/raspberrypi/rp2040/hcd_rp2040.c.o
Compiling .pio/build/esp32-s2-force500/libed1/Adafruit TinyUSB Library/portable/raspberrypi/rp2040/rp2040_usb.c.o
Compiling .pio/build/esp32-s2-force500/libed1/Adafruit TinyUSB Library/portable/st/stm32_fsdev/dcd_stm32_fsdev.c.o
Compiling .pio/build/esp32-s2-force500/libed1/Adafruit TinyUSB Library/portable/synopsys/dwc2/dcd_dwc2.c.o
Compiling .pio/build/esp32-s2-force500/libed1/Adafruit TinyUSB Library/portable/wch/dcd_ch32_usbfs.c.o
Compiling .pio/build/esp32-s2-force500/libed1/Adafruit TinyUSB Library/portable/wch/dcd_ch32_usbhs.c.o
Compiling .pio/build/esp32-s2-force500/libed1/Adafruit TinyUSB Library/tusb.c.o
Compiling .pio/build/esp32-s2-force500/FrameworkArduino/Esp.cpp.o
Compiling .pio/build/esp32-s2-force500/FrameworkArduino/FirmwareMSC.cpp.o
Compiling .pio/build/esp32-s2-force500/FrameworkArduino/FunctionalInterrupt.cpp.o
Compiling .pio/build/esp32-s2-force500/FrameworkArduino/HWCDC.cpp.o
Compiling .pio/build/esp32-s2-force500/FrameworkArduino/HardwareSerial.cpp.o
Compiling .pio/build/esp32-s2-force500/FrameworkArduino/IPAddress.cpp.o
Compiling .pio/build/esp32-s2-force500/FrameworkArduino/IPv6Address.cpp.o
Archiving .pio/build/esp32-s2-force500/libed1/libAdafruit TinyUSB Library.a
Compiling .pio/build/esp32-s2-force500/FrameworkArduino/MD5Builder.cpp.o
Compiling .pio/build/esp32-s2-force500/FrameworkArduino/Print.cpp.o
Compiling .pio/build/esp32-s2-force500/FrameworkArduino/Stream.cpp.o
Compiling .pio/build/esp32-s2-force500/FrameworkArduino/StreamString.cpp.o
Indexing .pio/build/esp32-s2-force500/libed1/libAdafruit TinyUSB Library.a
Compiling .pio/build/esp32-s2-force500/FrameworkArduino/Tone.cpp.o
Compiling .pio/build/esp32-s2-force500/FrameworkArduino/USB.cpp.o
Compiling .pio/build/esp32-s2-force500/FrameworkArduino/USBCDC.cpp.o
Compiling .pio/build/esp32-s2-force500/FrameworkArduino/USBMSC.cpp.o
Compiling .pio/build/esp32-s2-force500/FrameworkArduino/WMath.cpp.o
Compiling .pio/build/esp32-s2-force500/FrameworkArduino/WString.cpp.o
Compiling .pio/build/esp32-s2-force500/FrameworkArduino/base64.cpp.o
Compiling .pio/build/esp32-s2-force500/FrameworkArduino/cbuf.cpp.o
Compiling .pio/build/esp32-s2-force500/FrameworkArduino/esp32-hal-adc.c.o
Compiling .pio/build/esp32-s2-force500/FrameworkArduino/esp32-hal-bt.c.o
Compiling .pio/build/esp32-s2-force500/FrameworkArduino/esp32-hal-cpu.c.o
Compiling .pio/build/esp32-s2-force500/FrameworkArduino/esp32-hal-dac.c.o
Compiling .pio/build/esp32-s2-force500/FrameworkArduino/esp32-hal-gpio.c.o
Compiling .pio/build/esp32-s2-force500/FrameworkArduino/esp32-hal-i2c-slave.c.o
Compiling .pio/build/esp32-s2-force500/FrameworkArduino/esp32-hal-i2c.c.o
Compiling .pio/build/esp32-s2-force500/FrameworkArduino/esp32-hal-ledc.c.o
Compiling .pio/build/esp32-s2-force500/FrameworkArduino/esp32-hal-matrix.c.o
Compiling .pio/build/esp32-s2-force500/FrameworkArduino/esp32-hal-misc.c.o
Compiling .pio/build/esp32-s2-force500/FrameworkArduino/esp32-hal-psram.c.o
Compiling .pio/build/esp32-s2-force500/FrameworkArduino/esp32-hal-rgb-led.c.o
Compiling .pio/build/esp32-s2-force500/FrameworkArduino/esp32-hal-rmt.c.o
Compiling .pio/build/esp32-s2-force500/FrameworkArduino/esp32-hal-sigmadelta.c.o
Compiling .pio/build/esp32-s2-force500/FrameworkArduino/esp32-hal-spi.c.o
Compiling .pio/build/esp32-s2-force500/FrameworkArduino/esp32-hal-time.c.o
Compiling .pio/build/esp32-s2-force500/FrameworkArduino/esp32-hal-timer.c.o
Compiling .pio/build/esp32-s2-force500/FrameworkArduino/esp32-hal-tinyusb.c.o
Compiling .pio/build/esp32-s2-force500/FrameworkArduino/esp32-hal-touch.c.o
Compiling .pio/build/esp32-s2-force500/FrameworkArduino/esp32-hal-uart.c.o
Compiling .pio/build/esp32-s2-force500/FrameworkArduino/firmware_msc_fat.c.o
Compiling .pio/build/esp32-s2-force500/FrameworkArduino/libb64/cdecode.c.o
Compiling .pio/build/esp32-s2-force500/FrameworkArduino/libb64/cencode.c.o
Compiling .pio/build/esp32-s2-force500/FrameworkArduino/main.cpp.o
Compiling .pio/build/esp32-s2-force500/FrameworkArduino/stdlib_noniso.c.o
Compiling .pio/build/esp32-s2-force500/FrameworkArduino/wiring_pulse.c.o
Compiling .pio/build/esp32-s2-force500/FrameworkArduino/wiring_shift.c.o
Archiving .pio/build/esp32-s2-force500/libFrameworkArduino.a
Indexing .pio/build/esp32-s2-force500/libFrameworkArduino.a
Linking .pio/build/esp32-s2-force500/firmware.elf
Retrieving maximum program size .pio/build/esp32-s2-force500/firmware.elf
Checking size .pio/build/esp32-s2-force500/firmware.elf
Advanced Memory Usage is available via "PlatformIO Home > Project Inspect"
RAM:   [=         ]   5.5% (used 17872 bytes from 327680 bytes)
Flash: [==        ]  20.3% (used 266090 bytes from 1310720 bytes)
Building .pio/build/esp32-s2-force500/firmware.bin
esptool.py v4.9.0
Creating esp32s2 image...
Merged 2 ELF sections
Successfully created esp32s2 image.
========================= [SUCCESS] Took 8.83 seconds =========================

Processing esp32-s3-lcd (platform: espressif32; board: 4d_systems_esp32s3_gen4_r8n16; framework: arduino)
--------------------------------------------------------------------------------
Verbose mode can be enabled via `-v, --verbose` option
CONFIGURATION: https://docs.platformio.org/page/boards/espressif32/4d_systems_esp32s3_gen4_r8n16.html
PLATFORM: Espressif 32 (6.12.0) > 4D Systems GEN4-ESP32 16MB (ESP32S3-R8N16)
HARDWARE: ESP32S3 240MHz, 320KB RAM, 16MB Flash
DEBUG: Current (cmsis-dap) External (cmsis-dap, esp-bridge, esp-builtin, esp-prog, iot-bus-jtag, jlink, minimodule, olimex-arm-usb-ocd, olimex-arm-usb-ocd-h, olimex-arm-usb-tiny-h, olimex-jtag-tiny, tumpa)
PACKAGES: 
 - framework-arduinoespressif32 @ 3.20017.241212+sha.dcc1105b 
 - tool-esptoolpy @ 2.40900.250804 (4.9.0) 
 - toolchain-riscv32-esp @ 8.4.0+2021r2-patch5 
 - toolchain-xtensa-esp32s3 @ 8.4.0+2021r2-patch5
LDF: Library Dependency Finder -> https://bit.ly/configure-pio-ldf
LDF Modes: Finder ~ chain, Compatibility ~ soft
Found 39 compatible libraries
Scanning dependencies...
Dependency Graph
|-- Adafruit TinyUSB Library @ 3.3.1
|-- TFT_eSPI @ 2.5.43
Building in release mode
Compiling .pio/build/esp32-s3-lcd/src/ffb_device_input.cpp.o
Compiling .pio/build/esp32-s3-lcd/src/ffb_force_calculator.cpp.o
Compiling .pio/build/esp32-s3-lcd/src/ffb_report_handler.cpp.o
Compiling .pio/build/esp32-s3-lcd/src/main.cpp.o
Compiling .pio/build/esp32-s3-lcd/libc05/SdFat - Adafruit Fork/FatLib/FatFileLFN.cpp.o
Compiling .pio/build/esp32-s3-lcd/libc05/SdFat - Adafruit Fork/FatLib/FatFilePrint.cpp.o
Compiling .pio/build/esp32-s3-lcd/libc05/SdFat - Adafruit Fork/FatLib/FatFileSFN.cpp.o
Compiling .pio/build/esp32-s3-lcd/libc05/SdFat - Adafruit Fork/FatLib/FatFormatter.cpp.o
Compiling .pio/build/esp32-s3-lcd/libc05/SdFat - Adafruit Fork/FatLib/FatName.cpp.o
Compiling .pio/build/esp32-s3-lcd/libc05/SdFat - Adafruit Fork/FatLib/FatPartition.cpp.o
In file included from .pio/libdeps/esp32-s3-lcd/Adafruit TinyUSB Library/src/arduino/msc/Adafruit_USBH_MSC.h:33,
                 from .pio/libdeps/esp32-s3-lcd/Adafruit TinyUSB Library/src/Adafruit_TinyUSB.h:80,
                 from src/main.cpp:3:
.pio/libdeps/esp32-s3-lcd/SdFat - Adafruit Fork/src/SdFat.h:462:2: warning: #warning File not defined because __has_include(FS.h) [-Wcpp]
 #warning File not defined because __has_include(FS.h)
  ^~~~~~~
In file included from src/constants.h:5,
                 from src/main.cpp:6:
src/config_board.h:32: warning: "USB_VID" redefined
 #define USB_VID 0xFFFF
 
In file included from /Users/sunwj/.platformio/packages/framework-arduinoespressif32/cores/esp32/esp32-hal-gpio.h:29,
                 from /Users/sunwj/.platformio/packages/framework-arduinoespressif32/cores/esp32/esp32-hal.h:83,
                 from /Users/sunwj/.platformio/packages/framework-arduinoespressif32/cores/esp32/Arduino.h:36,
                 from src/main.cpp:1:
/Users/sunwj/.platformio/packages/framework-arduinoespressif32/variants/esp32_s3r8n16/pins_arduino.h:6: note: this is the location of the previous definition
 #define USB_VID 0x303a
 
In file included from src/constants.h:5,
                 from src/main.cpp:6:
src/config_board.h:33: warning: "USB_PID" redefined
 #define USB_PID 0x2010
 
In file included from /Users/sunwj/.platformio/packages/framework-arduinoespressif32/cores/esp32/esp32-hal-gpio.h:29,
                 from /Users/sunwj/.platformio/packages/framework-arduinoespressif32/cores/esp32/esp32-hal.h:83,
                 from /Users/sunwj/.platformio/packages/framework-arduinoespressif32/cores/esp32/Arduino.h:36,
                 from src/main.cpp:1:
/Users/sunwj/.platformio/packages/framework-arduinoespressif32/variants/esp32_s3r8n16/pins_arduino.h:7: note: this is the location of the previous definition
 #define USB_PID 0x1001
 
In file included from src/constants.h:5,
                 from src/main.cpp:6:
src/config_board.h:34: warning: "USB_MANUFACTURER" redefined
 #define USB_MANUFACTURER "SunFFB"
 
In file included from /Users/sunwj/.platformio/packages/framework-arduinoespressif32/cores/esp32/esp32-hal-gpio.h:29,
                 from /Users/sunwj/.platformio/packages/framework-arduinoespressif32/cores/esp32/esp32-hal.h:83,
                 from /Users/sunwj/.platformio/packages/framework-arduinoespressif32/cores/esp32/Arduino.h:36,
                 from src/main.cpp:1:
/Users/sunwj/.platformio/packages/framework-arduinoespressif32/variants/esp32_s3r8n16/pins_arduino.h:8: note: this is the location of the previous definition
 #define USB_MANUFACTURER  "4D Systems Pty Ltd"
 
In file included from src/constants.h:5,
                 from src/main.cpp:6:
src/config_board.h:35: warning: "USB_PRODUCT" redefined
 #define USB_PRODUCT "Force feedback joystick"
 
In file included from /Users/sunwj/.platformio/packages/framework-arduinoespressif32/cores/esp32/esp32-hal-gpio.h:29,
                 from /Users/sunwj/.platformio/packages/framework-arduinoespressif32/cores/esp32/esp32-hal.h:83,
                 from /Users/sunwj/.platformio/packages/framework-arduinoespressif32/cores/esp32/Arduino.h:36,
                 from src/main.cpp:1:
/Users/sunwj/.platformio/packages/framework-arduinoespressif32/variants/esp32_s3r8n16/pins_arduino.h:9: note: this is the location of the previous definition
 #define USB_PRODUCT   "4D Systems gen4-ESP32 16MB Modules (ESP32-S3R8n16)"
 
Compiling .pio/build/esp32-s3-lcd/libc05/SdFat - Adafruit Fork/FatLib/FatVolume.cpp.o
Compiling .pio/build/esp32-s3-lcd/libc05/SdFat - Adafruit Fork/FreeStack.cpp.o
Compiling .pio/build/esp32-s3-lcd/libc05/SdFat - Adafruit Fork/FsLib/FsFile.cpp.o
Compiling .pio/build/esp32-s3-lcd/libc05/SdFat - Adafruit Fork/FsLib/FsNew.cpp.o
Compiling .pio/build/esp32-s3-lcd/libc05/SdFat - Adafruit Fork/FsLib/FsVolume.cpp.o
In file included from .pio/libdeps/esp32-s3-lcd/TFT_eSPI/Processors/TFT_eSPI_ESP32_S3.h:153,
                 from .pio/libdeps/esp32-s3-lcd/TFT_eSPI/TFT_eSPI.h:97,
                 from src/main.cpp:8:
/Users/sunwj/.platformio/packages/framework-arduinoespressif32/libraries/FS/src/FS.h:30: warning: "FILE_READ" redefined
 #define FILE_READ       "r"
 
In file included from .pio/libdeps/esp32-s3-lcd/SdFat - Adafruit Fork/src/ExFatLib/ExFatFile.h:882,
                 from .pio/libdeps/esp32-s3-lcd/SdFat - Adafruit Fork/src/ExFatLib/ExFatVolume.h:27,
                 from .pio/libdeps/esp32-s3-lcd/SdFat - Adafruit Fork/src/ExFatLib/ExFatLib.h:28,
                 from .pio/libdeps/esp32-s3-lcd/SdFat - Adafruit Fork/src/SdFat.h:30,
                 from .pio/libdeps/esp32-s3-lcd/Adafruit TinyUSB Library/src/arduino/msc/Adafruit_USBH_MSC.h:33,
                 from .pio/libdeps/esp32-s3-lcd/Adafruit TinyUSB Library/src/Adafruit_TinyUSB.h:80,
                 from src/main.cpp:3:
.pio/libdeps/esp32-s3-lcd/SdFat - Adafruit Fork/src/ExFatLib/../common/ArduinoFiles.h:30: note: this is the location of the previous definition
 #define FILE_READ O_RDONLY
 
In file included from .pio/libdeps/esp32-s3-lcd/TFT_eSPI/Processors/TFT_eSPI_ESP32_S3.h:153,
                 from .pio/libdeps/esp32-s3-lcd/TFT_eSPI/TFT_eSPI.h:97,
                 from src/main.cpp:8:
/Users/sunwj/.platformio/packages/framework-arduinoespressif32/libraries/FS/src/FS.h:31: warning: "FILE_WRITE" redefined
 #define FILE_WRITE      "w"
 
In file included from .pio/libdeps/esp32-s3-lcd/SdFat - Adafruit Fork/src/ExFatLib/ExFatFile.h:882,
                 from .pio/libdeps/esp32-s3-lcd/SdFat - Adafruit Fork/src/ExFatLib/ExFatVolume.h:27,
                 from .pio/libdeps/esp32-s3-lcd/SdFat - Adafruit Fork/src/ExFatLib/ExFatLib.h:28,
                 from .pio/libdeps/esp32-s3-lcd/SdFat - Adafruit Fork/src/SdFat.h:30,
                 from .pio/libdeps/esp32-s3-lcd/Adafruit TinyUSB Library/src/arduino/msc/Adafruit_USBH_MSC.h:33,
                 from .pio/libdeps/esp32-s3-lcd/Adafruit TinyUSB Library/src/Adafruit_TinyUSB.h:80,
                 from src/main.cpp:3:
.pio/libdeps/esp32-s3-lcd/SdFat - Adafruit Fork/src/ExFatLib/../common/ArduinoFiles.h:34: note: this is the location of the previous definition
 #define FILE_WRITE (O_RDWR | O_CREAT | O_AT_END)
 
Compiling .pio/build/esp32-s3-lcd/libc05/SdFat - Adafruit Fork/MinimumSerial.cpp.o
In file included from src/main.cpp:8:
.pio/libdeps/esp32-s3-lcd/TFT_eSPI/TFT_eSPI.h:973:8: warning: #warning >>>>------>> TOUCH_CS pin not defined, TFT_eSPI touch functions will not be available! [-Wcpp]
       #warning >>>>------>> TOUCH_CS pin not defined, TFT_eSPI touch functions will not be available!
        ^~~~~~~
Compiling .pio/build/esp32-s3-lcd/libc05/SdFat - Adafruit Fork/SdCard/Rp2040Sdio/PioSdioCard.cpp.o
Compiling .pio/build/esp32-s3-lcd/libc05/SdFat - Adafruit Fork/SdCard/SdCardInfo.cpp.o
Compiling .pio/build/esp32-s3-lcd/libc05/SdFat - Adafruit Fork/SdCard/SdSpiCard.cpp.o
Compiling .pio/build/esp32-s3-lcd/libc05/SdFat - Adafruit Fork/SdCard/TeensySdio/TeensySdio.cpp.o
Compiling .pio/build/esp32-s3-lcd/libc05/SdFat - Adafruit Fork/SpiDriver/SdSpiArtemis.cpp.o
Compiling .pio/build/esp32-s3-lcd/libc05/SdFat - Adafruit Fork/SpiDriver/SdSpiChipSelect.cpp.o
Compiling .pio/build/esp32-s3-lcd/libc05/SdFat - Adafruit Fork/SpiDriver/SdSpiDue.cpp.o
Compiling .pio/build/esp32-s3-lcd/libc05/SdFat - Adafruit Fork/SpiDriver/SdSpiParticle.cpp.o
Compiling .pio/build/esp32-s3-lcd/libc05/SdFat - Adafruit Fork/SpiDriver/SdSpiSTM32.cpp.o
Compiling .pio/build/esp32-s3-lcd/libc05/SdFat - Adafruit Fork/SpiDriver/SdSpiSTM32Core.cpp.o
Compiling .pio/build/esp32-s3-lcd/libc05/SdFat - Adafruit Fork/SpiDriver/SdSpiTeensy3.cpp.o
Compiling .pio/build/esp32-s3-lcd/libc05/SdFat - Adafruit Fork/common/FmtNumber.cpp.o
Compiling .pio/build/esp32-s3-lcd/libc05/SdFat - Adafruit Fork/common/FsCache.cpp.o
Compiling .pio/build/esp32-s3-lcd/libc05/SdFat - Adafruit Fork/common/FsDateTime.cpp.o
Compiling .pio/build/esp32-s3-lcd/libc05/SdFat - Adafruit Fork/common/FsName.cpp.o
Compiling .pio/build/esp32-s3-lcd/libc05/SdFat - Adafruit Fork/common/FsStructs.cpp.o
Compiling .pio/build/esp32-s3-lcd/libc05/SdFat - Adafruit Fork/common/FsUtf.cpp.o
Compiling .pio/build/esp32-s3-lcd/libc05/SdFat - Adafruit Fork/common/PrintBasic.cpp.o
Compiling .pio/build/esp32-s3-lcd/libc05/SdFat - Adafruit Fork/common/upcase.cpp.o
Compiling .pio/build/esp32-s3-lcd/libc05/SdFat - Adafruit Fork/iostream/StdioStream.cpp.o
Compiling .pio/build/esp32-s3-lcd/libc05/SdFat - Adafruit Fork/iostream/StreamBaseClass.cpp.o
Compiling .pio/build/esp32-s3-lcd/libc05/SdFat - Adafruit Fork/iostream/istream.cpp.o
Compiling .pio/build/esp32-s3-lcd/libc05/SdFat - Adafruit Fork/iostream/ostream.cpp.o
Compiling .pio/build/esp32-s3-lcd/lib45b/Adafruit TinyUSB Library/arduino/Adafruit_TinyUSB_API.cpp.o
Compiling .pio/build/esp32-s3-lcd/lib45b/Adafruit TinyUSB Library/arduino/Adafruit_USBD_CDC.cpp.o
Compiling .pio/build/esp32-s3-lcd/lib45b/Adafruit TinyUSB Library/arduino/Adafruit_USBD_Device.cpp.o
In file included from .pio/libdeps/esp32-s3-lcd/Adafruit TinyUSB Library/src/Adafruit_TinyUSB.h:30,
                 from .pio/libdeps/esp32-s3-lcd/Adafruit TinyUSB Library/src/arduino/Adafruit_TinyUSB_API.cpp:29:
.pio/libdeps/esp32-s3-lcd/Adafruit TinyUSB Library/src/arduino/ports/esp32/tusb_config_esp32.h:92: warning: "CFG_TUH_ENABLED" redefined
 #define CFG_TUH_ENABLED 1
 
In file included from .pio/libdeps/esp32-s3-lcd/Adafruit TinyUSB Library/src/arduino/Adafruit_TinyUSB_API.cpp:25:
.pio/libdeps/esp32-s3-lcd/Adafruit TinyUSB Library/src/tusb_option.h:283: note: this is the location of the previous definition
   #define CFG_TUH_ENABLED     (TUH_RHPORT_MODE & OPT_MODE_HOST)
 
In file included from .pio/libdeps/esp32-s3-lcd/Adafruit TinyUSB Library/src/Adafruit_TinyUSB.h:30,
                 from .pio/libdeps/esp32-s3-lcd/Adafruit TinyUSB Library/src/arduino/Adafruit_TinyUSB_API.cpp:29:
.pio/libdeps/esp32-s3-lcd/Adafruit TinyUSB Library/src/arduino/ports/esp32/tusb_config_esp32.h:93: warning: "CFG_TUH_MAX_SPEED" redefined
 #define CFG_TUH_MAX_SPEED OPT_MODE_FULL_SPEED
 
In file included from .pio/libdeps/esp32-s3-lcd/Adafruit TinyUSB Library/src/arduino/Adafruit_TinyUSB_API.cpp:25:
.pio/libdeps/esp32-s3-lcd/Adafruit TinyUSB Library/src/tusb_option.h:288: note: this is the location of the previous definition
   #define CFG_TUH_MAX_SPEED   (TUH_RHPORT_MODE & OPT_MODE_SPEED_MASK)
 
In file included from .pio/libdeps/esp32-s3-lcd/Adafruit TinyUSB Library/src/Adafruit_TinyUSB.h:30,
                 from .pio/libdeps/esp32-s3-lcd/Adafruit TinyUSB Library/src/arduino/Adafruit_TinyUSB_API.cpp:29:
.pio/libdeps/esp32-s3-lcd/Adafruit TinyUSB Library/src/arduino/ports/esp32/tusb_config_esp32.h:94: warning: "CFG_TUH_MAX3421" redefined
 #define CFG_TUH_MAX3421 1
 
In file included from .pio/libdeps/esp32-s3-lcd/Adafruit TinyUSB Library/src/arduino/Adafruit_TinyUSB_API.cpp:25:
.pio/libdeps/esp32-s3-lcd/Adafruit TinyUSB Library/src/tusb_option.h:556: note: this is the location of the previous definition
   #define CFG_TUH_MAX3421  0
 
In file included from .pio/libdeps/esp32-s3-lcd/Adafruit TinyUSB Library/src/Adafruit_TinyUSB.h:30,
                 from .pio/libdeps/esp32-s3-lcd/Adafruit TinyUSB Library/src/arduino/Adafruit_TinyUSB_API.cpp:29:
.pio/libdeps/esp32-s3-lcd/Adafruit TinyUSB Library/src/arduino/ports/esp32/tusb_config_esp32.h:104: warning: "CFG_TUH_HUB" redefined
 #define CFG_TUH_HUB 1
 
In file included from .pio/libdeps/esp32-s3-lcd/Adafruit TinyUSB Library/src/arduino/Adafruit_TinyUSB_API.cpp:25:
.pio/libdeps/esp32-s3-lcd/Adafruit TinyUSB Library/src/tusb_option.h:477: note: this is the location of the previous definition
   #define CFG_TUH_HUB    0
 
In file included from .pio/libdeps/esp32-s3-lcd/Adafruit TinyUSB Library/src/Adafruit_TinyUSB.h:30,
                 from .pio/libdeps/esp32-s3-lcd/Adafruit TinyUSB Library/src/arduino/Adafruit_TinyUSB_API.cpp:29:
.pio/libdeps/esp32-s3-lcd/Adafruit TinyUSB Library/src/arduino/ports/esp32/tusb_config_esp32.h:113: warning: "CFG_TUH_MSC" redefined
 #define CFG_TUH_MSC 1
 
In file included from .pio/libdeps/esp32-s3-lcd/Adafruit TinyUSB Library/src/arduino/Adafruit_TinyUSB_API.cpp:25:
.pio/libdeps/esp32-s3-lcd/Adafruit TinyUSB Library/src/tusb_option.h:534: note: this is the location of the previous definition
   #define CFG_TUH_MSC    0
 
In file included from .pio/libdeps/esp32-s3-lcd/Adafruit TinyUSB Library/src/Adafruit_TinyUSB.h:30,
                 from .pio/libdeps/esp32-s3-lcd/Adafruit TinyUSB Library/src/arduino/Adafruit_TinyUSB_API.cpp:29:
.pio/libdeps/esp32-s3-lcd/Adafruit TinyUSB Library/src/arduino/ports/esp32/tusb_config_esp32.h:117: warning: "CFG_TUH_HID" redefined
 #define CFG_TUH_HID (3 * CFG_TUH_DEVICE_MAX)
 
In file included from .pio/libdeps/esp32-s3-lcd/Adafruit TinyUSB Library/src/arduino/Adafruit_TinyUSB_API.cpp:25:
.pio/libdeps/esp32-s3-lcd/Adafruit TinyUSB Library/src/tusb_option.h:526: note: this is the location of the previous definition
   #define CFG_TUH_HID    0
 
In file included from .pio/libdeps/esp32-s3-lcd/Adafruit TinyUSB Library/src/Adafruit_TinyUSB.h:30,
                 from .pio/libdeps/esp32-s3-lcd/Adafruit TinyUSB Library/src/arduino/Adafruit_TinyUSB_API.cpp:29:
.pio/libdeps/esp32-s3-lcd/Adafruit TinyUSB Library/src/arduino/ports/esp32/tusb_config_esp32.h:121: warning: "CFG_TUH_CDC" redefined
 #define CFG_TUH_CDC 1
 
In file included from .pio/libdeps/esp32-s3-lcd/Adafruit TinyUSB Library/src/arduino/Adafruit_TinyUSB_API.cpp:25:
.pio/libdeps/esp32-s3-lcd/Adafruit TinyUSB Library/src/tusb_option.h:481: note: this is the location of the previous definition
   #define CFG_TUH_CDC    0
 
In file included from .pio/libdeps/esp32-s3-lcd/Adafruit TinyUSB Library/src/Adafruit_TinyUSB.h:30,
                 from .pio/libdeps/esp32-s3-lcd/Adafruit TinyUSB Library/src/arduino/Adafruit_TinyUSB_API.cpp:29:
.pio/libdeps/esp32-s3-lcd/Adafruit TinyUSB Library/src/arduino/ports/esp32/tusb_config_esp32.h:122: warning: "CFG_TUH_CDC_FTDI" redefined
 #define CFG_TUH_CDC_FTDI 1
 
In file included from .pio/libdeps/esp32-s3-lcd/Adafruit TinyUSB Library/src/arduino/Adafruit_TinyUSB_API.cpp:25:
.pio/libdeps/esp32-s3-lcd/Adafruit TinyUSB Library/src/tusb_option.h:486: note: this is the location of the previous definition
   #define CFG_TUH_CDC_FTDI 0
 
In file included from .pio/libdeps/esp32-s3-lcd/Adafruit TinyUSB Library/src/Adafruit_TinyUSB.h:30,
                 from .pio/libdeps/esp32-s3-lcd/Adafruit TinyUSB Library/src/arduino/Adafruit_TinyUSB_API.cpp:29:
.pio/libdeps/esp32-s3-lcd/Adafruit TinyUSB Library/src/arduino/ports/esp32/tusb_config_esp32.h:123: warning: "CFG_TUH_CDC_CP210X" redefined
 #define CFG_TUH_CDC_CP210X 1
 
In file included from .pio/libdeps/esp32-s3-lcd/Adafruit TinyUSB Library/src/arduino/Adafruit_TinyUSB_API.cpp:25:
.pio/libdeps/esp32-s3-lcd/Adafruit TinyUSB Library/src/tusb_option.h:499: note: this is the location of the previous definition
   #define CFG_TUH_CDC_CP210X 0
 
In file included from .pio/libdeps/esp32-s3-lcd/Adafruit TinyUSB Library/src/Adafruit_TinyUSB.h:30,
                 from .pio/libdeps/esp32-s3-lcd/Adafruit TinyUSB Library/src/arduino/Adafruit_TinyUSB_API.cpp:29:
Compiling .pio/build/esp32-s3-lcd/lib45b/Adafruit TinyUSB Library/arduino/Adafruit_USBD_Interface.cpp.o
.pio/libdeps/esp32-s3-lcd/Adafruit TinyUSB Library/src/arduino/ports/esp32/tusb_config_esp32.h:124: warning: "CFG_TUH_CDC_CH34X" redefined
 #define CFG_TUH_CDC_CH34X 1
 
In file included from .pio/libdeps/esp32-s3-lcd/Adafruit TinyUSB Library/src/arduino/Adafruit_TinyUSB_API.cpp:25:
.pio/libdeps/esp32-s3-lcd/Adafruit TinyUSB Library/src/tusb_option.h:510: note: this is the location of the previous definition
   #define CFG_TUH_CDC_CH34X 0
 
Compiling .pio/build/esp32-s3-lcd/lib45b/Adafruit TinyUSB Library/arduino/Adafruit_USBH_Host.cpp.o
Compiling .pio/build/esp32-s3-lcd/lib45b/Adafruit TinyUSB Library/arduino/cdc/Adafruit_USBH_CDC.cpp.o
Compiling .pio/build/esp32-s3-lcd/lib45b/Adafruit TinyUSB Library/arduino/hid/Adafruit_USBD_HID.cpp.o
Compiling .pio/build/esp32-s3-lcd/lib45b/Adafruit TinyUSB Library/arduino/midi/Adafruit_USBD_MIDI.cpp.o
Compiling .pio/build/esp32-s3-lcd/lib45b/Adafruit TinyUSB Library/arduino/msc/Adafruit_USBD_MSC.cpp.o
Compiling .pio/build/esp32-s3-lcd/lib45b/Adafruit TinyUSB Library/arduino/msc/Adafruit_USBH_MSC.cpp.o
Compiling .pio/build/esp32-s3-lcd/lib45b/Adafruit TinyUSB Library/arduino/ports/ch32/Adafruit_TinyUSB_ch32.cpp.o
Compiling .pio/build/esp32-s3-lcd/lib45b/Adafruit TinyUSB Library/arduino/ports/esp32/Adafruit_TinyUSB_esp32.cpp.o
Compiling .pio/build/esp32-s3-lcd/lib45b/Adafruit TinyUSB Library/arduino/ports/nrf/Adafruit_TinyUSB_nrf.cpp.o
Compiling .pio/build/esp32-s3-lcd/lib45b/Adafruit TinyUSB Library/arduino/ports/rp2040/Adafruit_TinyUSB_rp2040.cpp.o
Compiling .pio/build/esp32-s3-lcd/lib45b/Adafruit TinyUSB Library/arduino/ports/samd/Adafruit_TinyUSB_samd.cpp.o
Compiling .pio/build/esp32-s3-lcd/lib45b/Adafruit TinyUSB Library/arduino/video/Adafruit_USBD_Video.cpp.o
Compiling .pio/build/esp32-s3-lcd/lib45b/Adafruit TinyUSB Library/arduino/webusb/Adafruit_USBD_WebUSB.cpp.o
Compiling .pio/build/esp32-s3-lcd/lib45b/Adafruit TinyUSB Library/class/audio/audio_device.c.o
Compiling .pio/build/esp32-s3-lcd/lib45b/Adafruit TinyUSB Library/class/bth/bth_device.c.o
Compiling .pio/build/esp32-s3-lcd/lib45b/Adafruit TinyUSB Library/class/cdc/cdc_device.c.o
Compiling .pio/build/esp32-s3-lcd/lib45b/Adafruit TinyUSB Library/class/cdc/cdc_host.c.o
Compiling .pio/build/esp32-s3-lcd/lib45b/Adafruit TinyUSB Library/class/dfu/dfu_device.c.o
Compiling .pio/build/esp32-s3-lcd/lib45b/Adafruit TinyUSB Library/class/dfu/dfu_rt_device.c.o
Archiving .pio/build/esp32-s3-lcd/libc05/libSdFat - Adafruit Fork.a
Compiling .pio/build/esp32-s3-lcd/lib45b/Adafruit TinyUSB Library/class/hid/hid_device.c.o
Compiling .pio/build/esp32-s3-lcd/lib45b/Adafruit TinyUSB Library/class/hid/hid_host.c.o
Indexing .pio/build/esp32-s3-lcd/libc05/libSdFat - Adafruit Fork.a
Compiling .pio/build/esp32-s3-lcd/lib45b/Adafruit TinyUSB Library/class/midi/midi_device.c.o
Compiling .pio/build/esp32-s3-lcd/lib45b/Adafruit TinyUSB Library/class/msc/msc_device.c.o
Compiling .pio/build/esp32-s3-lcd/lib45b/Adafruit TinyUSB Library/class/msc/msc_host.c.o
Compiling .pio/build/esp32-s3-lcd/lib45b/Adafruit TinyUSB Library/class/net/ecm_rndis_device.c.o
Compiling .pio/build/esp32-s3-lcd/lib45b/Adafruit TinyUSB Library/class/net/ncm_device.c.o
Compiling .pio/build/esp32-s3-lcd/lib45b/Adafruit TinyUSB Library/class/usbtmc/usbtmc_device.c.o
Compiling .pio/build/esp32-s3-lcd/lib45b/Adafruit TinyUSB Library/class/vendor/vendor_device.c.o
Compiling .pio/build/esp32-s3-lcd/lib45b/Adafruit TinyUSB Library/class/video/video_device.c.o
Compiling .pio/build/esp32-s3-lcd/lib45b/Adafruit TinyUSB Library/common/tusb_fifo.c.o
Compiling .pio/build/esp32-s3-lcd/lib45b/Adafruit TinyUSB Library/device/usbd.c.o
Compiling .pio/build/esp32-s3-lcd/lib45b/Adafruit TinyUSB Library/device/usbd_control.c.o
Compiling .pio/build/esp32-s3-lcd/lib45b/Adafruit TinyUSB Library/host/hub.c.o
Compiling .pio/build/esp32-s3-lcd/lib45b/Adafruit TinyUSB Library/host/usbh.c.o
Compiling .pio/build/esp32-s3-lcd/lib45b/Adafruit TinyUSB Library/portable/analog/max3421/hcd_max3421.c.o
Compiling .pio/build/esp32-s3-lcd/lib45b/Adafruit TinyUSB Library/portable/microchip/samd/dcd_samd.c.o
Compiling .pio/build/esp32-s3-lcd/lib45b/Adafruit TinyUSB Library/portable/nordic/nrf5x/dcd_nrf5x.c.o
Compiling .pio/build/esp32-s3-lcd/lib45b/Adafruit TinyUSB Library/portable/raspberrypi/pio_usb/dcd_pio_usb.c.o
Compiling .pio/build/esp32-s3-lcd/lib45b/Adafruit TinyUSB Library/portable/raspberrypi/pio_usb/hcd_pio_usb.c.o
Compiling .pio/build/esp32-s3-lcd/lib45b/Adafruit TinyUSB Library/portable/raspberrypi/rp2040/dcd_rp2040.c.o
Compiling .pio/build/esp32-s3-lcd/lib45b/Adafruit TinyUSB Library/portable/raspberrypi/rp2040/hcd_rp2040.c.o
Compiling .pio/build/esp32-s3-lcd/lib45b/Adafruit TinyUSB Library/portable/raspberrypi/rp2040/rp2040_usb.c.o
Compiling .pio/build/esp32-s3-lcd/lib45b/Adafruit TinyUSB Library/portable/st/stm32_fsdev/dcd_stm32_fsdev.c.o
Compiling .pio/build/esp32-s3-lcd/lib45b/Adafruit TinyUSB Library/portable/synopsys/dwc2/dcd_dwc2.c.o
Compiling .pio/build/esp32-s3-lcd/lib45b/Adafruit TinyUSB Library/portable/wch/dcd_ch32_usbfs.c.o
Compiling .pio/build/esp32-s3-lcd/lib45b/Adafruit TinyUSB Library/portable/wch/dcd_ch32_usbhs.c.o
Compiling .pio/build/esp32-s3-lcd/lib45b/Adafruit TinyUSB Library/tusb.c.o
Compiling .pio/build/esp32-s3-lcd/lib398/FS/FS.cpp.o
Compiling .pio/build/esp32-s3-lcd/lib398/FS/vfs_api.cpp.o
Compiling .pio/build/esp32-s3-lcd/lib1b7/SPIFFS/SPIFFS.cpp.o
Compiling .pio/build/esp32-s3-lcd/liba8d/LittleFS/LittleFS.cpp.o
Archiving .pio/build/esp32-s3-lcd/lib45b/libAdafruit TinyUSB Library.a
Indexing .pio/build/esp32-s3-lcd/lib45b/libAdafruit TinyUSB Library.a
Compiling .pio/build/esp32-s3-lcd/lib49b/TFT_eSPI/TFT_eSPI.cpp.o
Compiling .pio/build/esp32-s3-lcd/FrameworkArduino/Esp.cpp.o
Compiling .pio/build/esp32-s3-lcd/FrameworkArduino/FirmwareMSC.cpp.o
Compiling .pio/build/esp32-s3-lcd/FrameworkArduino/FunctionalInterrupt.cpp.o
Compiling .pio/build/esp32-s3-lcd/FrameworkArduino/HWCDC.cpp.o
Compiling .pio/build/esp32-s3-lcd/FrameworkArduino/HardwareSerial.cpp.o
Compiling .pio/build/esp32-s3-lcd/FrameworkArduino/IPAddress.cpp.o
Compiling .pio/build/esp32-s3-lcd/FrameworkArduino/IPv6Address.cpp.o
Compiling .pio/build/esp32-s3-lcd/FrameworkArduino/MD5Builder.cpp.o
Archiving .pio/build/esp32-s3-lcd/lib398/libFS.a
Archiving .pio/build/esp32-s3-lcd/lib1b7/libSPIFFS.a
Indexing .pio/build/esp32-s3-lcd/lib398/libFS.a
Indexing .pio/build/esp32-s3-lcd/lib1b7/libSPIFFS.a
Compiling .pio/build/esp32-s3-lcd/FrameworkArduino/Print.cpp.o
Compiling .pio/build/esp32-s3-lcd/FrameworkArduino/Stream.cpp.o
Archiving .pio/build/esp32-s3-lcd/liba8d/libLittleFS.a
Indexing .pio/build/esp32-s3-lcd/liba8d/libLittleFS.a
In file included from .pio/libdeps/esp32-s3-lcd/TFT_eSPI/TFT_eSPI.cpp:16:
.pio/libdeps/esp32-s3-lcd/TFT_eSPI/TFT_eSPI.h:973:8: warning: #warning >>>>------>> TOUCH_CS pin not defined, TFT_eSPI touch functions will not be available! [-Wcpp]
       #warning >>>>------>> TOUCH_CS pin not defined, TFT_eSPI touch functions will not be available!
        ^~~~~~~
Compiling .pio/build/esp32-s3-lcd/FrameworkArduino/StreamString.cpp.o
Compiling .pio/build/esp32-s3-lcd/FrameworkArduino/Tone.cpp.o
Compiling .pio/build/esp32-s3-lcd/FrameworkArduino/USB.cpp.o
Compiling .pio/build/esp32-s3-lcd/FrameworkArduino/USBCDC.cpp.o
Compiling .pio/build/esp32-s3-lcd/FrameworkArduino/USBMSC.cpp.o
Compiling .pio/build/esp32-s3-lcd/FrameworkArduino/WMath.cpp.o
Compiling .pio/build/esp32-s3-lcd/FrameworkArduino/WString.cpp.o
Compiling .pio/build/esp32-s3-lcd/FrameworkArduino/base64.cpp.o
Compiling .pio/build/esp32-s3-lcd/FrameworkArduino/cbuf.cpp.o
Compiling .pio/build/esp32-s3-lcd/FrameworkArduino/esp32-hal-adc.c.o
Compiling .pio/build/esp32-s3-lcd/FrameworkArduino/esp32-hal-bt.c.o
Compiling .pio/build/esp32-s3-lcd/FrameworkArduino/esp32-hal-cpu.c.o
Compiling .pio/build/esp32-s3-lcd/FrameworkArduino/esp32-hal-dac.c.o
Compiling .pio/build/esp32-s3-lcd/FrameworkArduino/esp32-hal-gpio.c.o
Compiling .pio/build/esp32-s3-lcd/FrameworkArduino/esp32-hal-i2c-slave.c.o
Compiling .pio/build/esp32-s3-lcd/FrameworkArduino/esp32-hal-i2c.c.o
Compiling .pio/build/esp32-s3-lcd/FrameworkArduino/esp32-hal-ledc.c.o
Compiling .pio/build/esp32-s3-lcd/FrameworkArduino/esp32-hal-matrix.c.o
Compiling .pio/build/esp32-s3-lcd/FrameworkArduino/esp32-hal-misc.c.o
Compiling .pio/build/esp32-s3-lcd/FrameworkArduino/esp32-hal-psram.c.o
Compiling .pio/build/esp32-s3-lcd/FrameworkArduino/esp32-hal-rgb-led.c.o
Compiling .pio/build/esp32-s3-lcd/FrameworkArduino/esp32-hal-rmt.c.o
Compiling .pio/build/esp32-s3-lcd/FrameworkArduino/esp32-hal-sigmadelta.c.o
Compiling .pio/build/esp32-s3-lcd/FrameworkArduino/esp32-hal-spi.c.o
Compiling .pio/build/esp32-s3-lcd/FrameworkArduino/esp32-hal-time.c.o
Compiling .pio/build/esp32-s3-lcd/FrameworkArduino/esp32-hal-timer.c.o
Compiling .pio/build/esp32-s3-lcd/FrameworkArduino/esp32-hal-tinyusb.c.o
Compiling .pio/build/esp32-s3-lcd/FrameworkArduino/esp32-hal-touch.c.o
Compiling .pio/build/esp32-s3-lcd/FrameworkArduino/esp32-hal-uart.c.o
Compiling .pio/build/esp32-s3-lcd/FrameworkArduino/firmware_msc_fat.c.o
Compiling .pio/build/esp32-s3-lcd/FrameworkArduino/libb64/cdecode.c.o
Compiling .pio/build/esp32-s3-lcd/FrameworkArduino/libb64/cencode.c.o
Compiling .pio/build/esp32-s3-lcd/FrameworkArduino/main.cpp.o
Compiling .pio/build/esp32-s3-lcd/FrameworkArduino/stdlib_noniso.c.o
Compiling .pio/build/esp32-s3-lcd/FrameworkArduino/wiring_pulse.c.o
Compiling .pio/build/esp32-s3-lcd/FrameworkArduino/wiring_shift.c.o
Archiving .pio/build/esp32-s3-lcd/lib49b/libTFT_eSPI.a
Indexing .pio/build/esp32-s3-lcd/lib49b/libTFT_eSPI.a
Archiving .pio/build/esp32-s3-lcd/libFrameworkArduino.a
Indexing .pio/build/esp32-s3-lcd/libFrameworkArduino.a
Linking .pio/build/esp32-s3-lcd/firmware.elf
Retrieving maximum program size .pio/build/esp32-s3-lcd/firmware.elf
Checking size .pio/build/esp32-s3-lcd/firmware.elf
Advanced Memory Usage is available via "PlatformIO Home > Project Inspect"
RAM:   [=         ]  10.5% (used 34396 bytes from 327680 bytes)
Flash: [=         ]   5.9% (used 389109 bytes from 6553600 bytes)
Building .pio/build/esp32-s3-lcd/firmware.bin
esptool.py v4.9.0
Creating esp32s3 image...
Merged 2 ELF sections
Successfully created esp32s3 image.
========================= [SUCCESS] Took 11.35 seconds =========================

Processing esp32-s2-lcd (board: esp32-s2-saola-1; platform: espressif32; framework: arduino)
--------------------------------------------------------------------------------
Verbose mode can be enabled via `-v, --verbose` option
CONFIGURATION: https://docs.platformio.org/page/boards/espressif32/esp32-s2-saola-1.html
PLATFORM: Espressif 32 (6.12.0) > Espressif ESP32-S2-Saola-1
HARDWARE: ESP32S2 240MHz, 320KB RAM, 4MB Flash
DEBUG: Current (cmsis-dap) External (cmsis-dap, esp-bridge, esp-prog, iot-bus-jtag, jlink, minimodule, olimex-arm-usb-ocd, olimex-arm-usb-ocd-h, olimex-arm-usb-tiny-h, olimex-jtag-tiny, tumpa)
PACKAGES: 
 - framework-arduinoespressif32 @ 3.20017.241212+sha.dcc1105b 
 - tool-esptoolpy @ 2.40900.250804 (4.9.0) 
 - toolchain-riscv32-esp @ 8.4.0+2021r2-patch5 
 - toolchain-xtensa-esp32s2 @ 8.4.0+2021r2-patch5
LDF: Library Dependency Finder -> https://bit.ly/configure-pio-ldf
LDF Modes: Finder ~ chain, Compatibility ~ soft
Found 39 compatible libraries
Scanning dependencies...
Dependency Graph
|-- Adafruit TinyUSB Library @ 3.3.1
|-- TFT_eSPI @ 2.5.43
Building in release mode
Compiling .pio/build/esp32-s2-lcd/src/ffb_device_input.cpp.o
Compiling .pio/build/esp32-s2-lcd/src/ffb_force_calculator.cpp.o
Compiling .pio/build/esp32-s2-lcd/src/ffb_report_handler.cpp.o
Compiling .pio/build/esp32-s2-lcd/src/main.cpp.o
Compiling .pio/build/esp32-s2-lcd/lib918/SdFat - Adafruit Fork/FatLib/FatFilePrint.cpp.o
Compiling .pio/build/esp32-s2-lcd/lib918/SdFat - Adafruit Fork/FatLib/FatFileSFN.cpp.o
Compiling .pio/build/esp32-s2-lcd/lib918/SdFat - Adafruit Fork/FatLib/FatFormatter.cpp.o
Compiling .pio/build/esp32-s2-lcd/lib918/SdFat - Adafruit Fork/FatLib/FatName.cpp.o
Compiling .pio/build/esp32-s2-lcd/lib918/SdFat - Adafruit Fork/FatLib/FatPartition.cpp.o
Compiling .pio/build/esp32-s2-lcd/lib918/SdFat - Adafruit Fork/FatLib/FatVolume.cpp.o
Compiling .pio/build/esp32-s2-lcd/lib918/SdFat - Adafruit Fork/FreeStack.cpp.o
Compiling .pio/build/esp32-s2-lcd/lib918/SdFat - Adafruit Fork/FsLib/FsFile.cpp.o
Compiling .pio/build/esp32-s2-lcd/lib918/SdFat - Adafruit Fork/FsLib/FsNew.cpp.o
In file included from .pio/libdeps/esp32-s2-lcd/Adafruit TinyUSB Library/src/arduino/msc/Adafruit_USBH_MSC.h:33,
                 from .pio/libdeps/esp32-s2-lcd/Adafruit TinyUSB Library/src/Adafruit_TinyUSB.h:80,
                 from src/main.cpp:3:
.pio/libdeps/esp32-s2-lcd/SdFat - Adafruit Fork/src/SdFat.h:462:2: warning: #warning File not defined because __has_include(FS.h) [-Wcpp]
 #warning File not defined because __has_include(FS.h)
  ^~~~~~~
Compiling .pio/build/esp32-s2-lcd/lib918/SdFat - Adafruit Fork/FsLib/FsVolume.cpp.o
Compiling .pio/build/esp32-s2-lcd/lib918/SdFat - Adafruit Fork/MinimumSerial.cpp.o
Compiling .pio/build/esp32-s2-lcd/lib918/SdFat - Adafruit Fork/SdCard/Rp2040Sdio/PioSdioCard.cpp.o
In file included from .pio/libdeps/esp32-s2-lcd/TFT_eSPI/Processors/TFT_eSPI_ESP32.h:138,
                 from .pio/libdeps/esp32-s2-lcd/TFT_eSPI/TFT_eSPI.h:101,
                 from src/main.cpp:8:
/Users/sunwj/.platformio/packages/framework-arduinoespressif32/libraries/FS/src/FS.h:30: warning: "FILE_READ" redefined
 #define FILE_READ       "r"
 
In file included from .pio/libdeps/esp32-s2-lcd/SdFat - Adafruit Fork/src/ExFatLib/ExFatFile.h:882,
                 from .pio/libdeps/esp32-s2-lcd/SdFat - Adafruit Fork/src/ExFatLib/ExFatVolume.h:27,
                 from .pio/libdeps/esp32-s2-lcd/SdFat - Adafruit Fork/src/ExFatLib/ExFatLib.h:28,
                 from .pio/libdeps/esp32-s2-lcd/SdFat - Adafruit Fork/src/SdFat.h:30,
                 from .pio/libdeps/esp32-s2-lcd/Adafruit TinyUSB Library/src/arduino/msc/Adafruit_USBH_MSC.h:33,
                 from .pio/libdeps/esp32-s2-lcd/Adafruit TinyUSB Library/src/Adafruit_TinyUSB.h:80,
                 from src/main.cpp:3:
.pio/libdeps/esp32-s2-lcd/SdFat - Adafruit Fork/src/ExFatLib/../common/ArduinoFiles.h:30: note: this is the location of the previous definition
 #define FILE_READ O_RDONLY
 
In file included from .pio/libdeps/esp32-s2-lcd/TFT_eSPI/Processors/TFT_eSPI_ESP32.h:138,
                 from .pio/libdeps/esp32-s2-lcd/TFT_eSPI/TFT_eSPI.h:101,
                 from src/main.cpp:8:
/Users/sunwj/.platformio/packages/framework-arduinoespressif32/libraries/FS/src/FS.h:31: warning: "FILE_WRITE" redefined
 #define FILE_WRITE      "w"
 
In file included from .pio/libdeps/esp32-s2-lcd/SdFat - Adafruit Fork/src/ExFatLib/ExFatFile.h:882,
                 from .pio/libdeps/esp32-s2-lcd/SdFat - Adafruit Fork/src/ExFatLib/ExFatVolume.h:27,
                 from .pio/libdeps/esp32-s2-lcd/SdFat - Adafruit Fork/src/ExFatLib/ExFatLib.h:28,
                 from .pio/libdeps/esp32-s2-lcd/SdFat - Adafruit Fork/src/SdFat.h:30,
                 from .pio/libdeps/esp32-s2-lcd/Adafruit TinyUSB Library/src/arduino/msc/Adafruit_USBH_MSC.h:33,
                 from .pio/libdeps/esp32-s2-lcd/Adafruit TinyUSB Library/src/Adafruit_TinyUSB.h:80,
                 from src/main.cpp:3:
.pio/libdeps/esp32-s2-lcd/SdFat - Adafruit Fork/src/ExFatLib/../common/ArduinoFiles.h:34: note: this is the location of the previous definition
 #define FILE_WRITE (O_RDWR | O_CREAT | O_AT_END)
 
Compiling .pio/build/esp32-s2-lcd/lib918/SdFat - Adafruit Fork/SdCard/SdCardInfo.cpp.o
Compiling .pio/build/esp32-s2-lcd/lib918/SdFat - Adafruit Fork/SdCard/SdSpiCard.cpp.o
In file included from src/main.cpp:8:
.pio/libdeps/esp32-s2-lcd/TFT_eSPI/TFT_eSPI.h:973:8: warning: #warning >>>>------>> TOUCH_CS pin not defined, TFT_eSPI touch functions will not be available! [-Wcpp]
       #warning >>>>------>> TOUCH_CS pin not defined, TFT_eSPI touch functions will not be available!
        ^~~~~~~
Compiling .pio/build/esp32-s2-lcd/lib918/SdFat - Adafruit Fork/SdCard/TeensySdio/TeensySdio.cpp.o
Compiling .pio/build/esp32-s2-lcd/lib918/SdFat - Adafruit Fork/SpiDriver/SdSpiArtemis.cpp.o
Compiling .pio/build/esp32-s2-lcd/lib918/SdFat - Adafruit Fork/SpiDriver/SdSpiChipSelect.cpp.o
Compiling .pio/build/esp32-s2-lcd/lib918/SdFat - Adafruit Fork/SpiDriver/SdSpiDue.cpp.o
Compiling .pio/build/esp32-s2-lcd/lib918/SdFat - Adafruit Fork/SpiDriver/SdSpiParticle.cpp.o
Compiling .pio/build/esp32-s2-lcd/lib918/SdFat - Adafruit Fork/SpiDriver/SdSpiSTM32.cpp.o
Compiling .pio/build/esp32-s2-lcd/lib918/SdFat - Adafruit Fork/SpiDriver/SdSpiSTM32Core.cpp.o
Compiling .pio/build/esp32-s2-lcd/lib918/SdFat - Adafruit Fork/SpiDriver/SdSpiTeensy3.cpp.o
Compiling .pio/build/esp32-s2-lcd/lib918/SdFat - Adafruit Fork/common/FmtNumber.cpp.o
Compiling .pio/build/esp32-s2-lcd/lib918/SdFat - Adafruit Fork/common/FsCache.cpp.o
Compiling .pio/build/esp32-s2-lcd/lib918/SdFat - Adafruit Fork/common/FsDateTime.cpp.o
Compiling .pio/build/esp32-s2-lcd/lib918/SdFat - Adafruit Fork/common/FsName.cpp.o
Compiling .pio/build/esp32-s2-lcd/lib918/SdFat - Adafruit Fork/common/FsStructs.cpp.o
Compiling .pio/build/esp32-s2-lcd/lib918/SdFat - Adafruit Fork/common/FsUtf.cpp.o
Compiling .pio/build/esp32-s2-lcd/lib918/SdFat - Adafruit Fork/common/PrintBasic.cpp.o
Compiling .pio/build/esp32-s2-lcd/lib918/SdFat - Adafruit Fork/common/upcase.cpp.o
Compiling .pio/build/esp32-s2-lcd/lib918/SdFat - Adafruit Fork/iostream/StdioStream.cpp.o
Compiling .pio/build/esp32-s2-lcd/lib918/SdFat - Adafruit Fork/iostream/StreamBaseClass.cpp.o
Compiling .pio/build/esp32-s2-lcd/lib918/SdFat - Adafruit Fork/iostream/istream.cpp.o
Compiling .pio/build/esp32-s2-lcd/lib918/SdFat - Adafruit Fork/iostream/ostream.cpp.o
Compiling .pio/build/esp32-s2-lcd/lib6d5/Adafruit TinyUSB Library/arduino/Adafruit_TinyUSB_API.cpp.o
Compiling .pio/build/esp32-s2-lcd/lib6d5/Adafruit TinyUSB Library/arduino/Adafruit_USBD_CDC.cpp.o
Compiling .pio/build/esp32-s2-lcd/lib6d5/Adafruit TinyUSB Library/arduino/Adafruit_USBD_Device.cpp.o
In file included from .pio/libdeps/esp32-s2-lcd/Adafruit TinyUSB Library/src/Adafruit_TinyUSB.h:30,
                 from .pio/libdeps/esp32-s2-lcd/Adafruit TinyUSB Library/src/arduino/Adafruit_TinyUSB_API.cpp:29:
.pio/libdeps/esp32-s2-lcd/Adafruit TinyUSB Library/src/arduino/ports/esp32/tusb_config_esp32.h:92: warning: "CFG_TUH_ENABLED" redefined
 #define CFG_TUH_ENABLED 1
 
In file included from .pio/libdeps/esp32-s2-lcd/Adafruit TinyUSB Library/src/arduino/Adafruit_TinyUSB_API.cpp:25:
.pio/libdeps/esp32-s2-lcd/Adafruit TinyUSB Library/src/tusb_option.h:283: note: this is the location of the previous definition
   #define CFG_TUH_ENABLED     (TUH_RHPORT_MODE & OPT_MODE_HOST)
 
In file included from .pio/libdeps/esp32-s2-lcd/Adafruit TinyUSB Library/src/Adafruit_TinyUSB.h:30,
                 from .pio/libdeps/esp32-s2-lcd/Adafruit TinyUSB Library/src/arduino/Adafruit_TinyUSB_API.cpp:29:
.pio/libdeps/esp32-s2-lcd/Adafruit TinyUSB Library/src/arduino/ports/esp32/tusb_config_esp32.h:93: warning: "CFG_TUH_MAX_SPEED" redefined
 #define CFG_TUH_MAX_SPEED OPT_MODE_FULL_SPEED
 
In file included from .pio/libdeps/esp32-s2-lcd/Adafruit TinyUSB Library/src/arduino/Adafruit_TinyUSB_API.cpp:25:
.pio/libdeps/esp32-s2-lcd/Adafruit TinyUSB Library/src/tusb_option.h:288: note: this is the location of the previous definition
   #define CFG_TUH_MAX_SPEED   (TUH_RHPORT_MODE & OPT_MODE_SPEED_MASK)
 
In file included from .pio/libdeps/esp32-s2-lcd/Adafruit TinyUSB Library/src/Adafruit_TinyUSB.h:30,
                 from .pio/libdeps/esp32-s2-lcd/Adafruit TinyUSB Library/src/arduino/Adafruit_TinyUSB_API.cpp:29:
.pio/libdeps/esp32-s2-lcd/Adafruit TinyUSB Library/src/arduino/ports/esp32/tusb_config_esp32.h:94: warning: "CFG_TUH_MAX3421" redefined
 #define CFG_TUH_MAX3421 1
 
In file included from .pio/libdeps/esp32-s2-lcd/Adafruit TinyUSB Library/src/arduino/Adafruit_TinyUSB_API.cpp:25:
.pio/libdeps/esp32-s2-lcd/Adafruit TinyUSB Library/src/tusb_option.h:556: note: this is the location of the previous definition
   #define CFG_TUH_MAX3421  0
 
In file included from .pio/libdeps/esp32-s2-lcd/Adafruit TinyUSB Library/src/Adafruit_TinyUSB.h:30,
                 from .pio/libdeps/esp32-s2-lcd/Adafruit TinyUSB Library/src/arduino/Adafruit_TinyUSB_API.cpp:29:
.pio/libdeps/esp32-s2-lcd/Adafruit TinyUSB Library/src/arduino/ports/esp32/tusb_config_esp32.h:104: warning: "CFG_TUH_HUB" redefined
 #define CFG_TUH_HUB 1
 
In file included from .pio/libdeps/esp32-s2-lcd/Adafruit TinyUSB Library/src/arduino/Adafruit_TinyUSB_API.cpp:25:
.pio/libdeps/esp32-s2-lcd/Adafruit TinyUSB Library/src/tusb_option.h:477: note: this is the location of the previous definition
   #define CFG_TUH_HUB    0
 
In file included from .pio/libdeps/esp32-s2-lcd/Adafruit TinyUSB Library/src/Adafruit_TinyUSB.h:30,
                 from .pio/libdeps/esp32-s2-lcd/Adafruit TinyUSB Library/src/arduino/Adafruit_TinyUSB_API.cpp:29:
.pio/libdeps/esp32-s2-lcd/Adafruit TinyUSB Library/src/arduino/ports/esp32/tusb_config_esp32.h:113: warning: "CFG_TUH_MSC" redefined
 #define CFG_TUH_MSC 1
 
In file included from .pio/libdeps/esp32-s2-lcd/Adafruit TinyUSB Library/src/arduino/Adafruit_TinyUSB_API.cpp:25:
.pio/libdeps/esp32-s2-lcd/Adafruit TinyUSB Library/src/tusb_option.h:534: note: this is the location of the previous definition
   #define CFG_TUH_MSC    0
 
In file included from .pio/libdeps/esp32-s2-lcd/Adafruit TinyUSB Library/src/Adafruit_TinyUSB.h:30,
                 from .pio/libdeps/esp32-s2-lcd/Adafruit TinyUSB Library/src/arduino/Adafruit_TinyUSB_API.cpp:29:
.pio/libdeps/esp32-s2-lcd/Adafruit TinyUSB Library/src/arduino/ports/esp32/tusb_config_esp32.h:117: warning: "CFG_TUH_HID" redefined
 #define CFG_TUH_HID (3 * CFG_TUH_DEVICE_MAX)
 
In file included from .pio/libdeps/esp32-s2-lcd/Adafruit TinyUSB Library/src/arduino/Adafruit_TinyUSB_API.cpp:25:
.pio/libdeps/esp32-s2-lcd/Adafruit TinyUSB Library/src/tusb_option.h:526: note: this is the location of the previous definition
   #define CFG_TUH_HID    0
 
In file included from .pio/libdeps/esp32-s2-lcd/Adafruit TinyUSB Library/src/Adafruit_TinyUSB.h:30,
                 from .pio/libdeps/esp32-s2-lcd/Adafruit TinyUSB Library/src/arduino/Adafruit_TinyUSB_API.cpp:29:
.pio/libdeps/esp32-s2-lcd/Adafruit TinyUSB Library/src/arduino/ports/esp32/tusb_config_esp32.h:121: warning: "CFG_TUH_CDC" redefined
 #define CFG_TUH_CDC 1
 
In file included from .pio/libdeps/esp32-s2-lcd/Adafruit TinyUSB Library/src/arduino/Adafruit_TinyUSB_API.cpp:25:
.pio/libdeps/esp32-s2-lcd/Adafruit TinyUSB Library/src/tusb_option.h:481: note: this is the location of the previous definition
   #define CFG_TUH_CDC    0
 
In file included from .pio/libdeps/esp32-s2-lcd/Adafruit TinyUSB Library/src/Adafruit_TinyUSB.h:30,
                 from .pio/libdeps/esp32-s2-lcd/Adafruit TinyUSB Library/src/arduino/Adafruit_TinyUSB_API.cpp:29:
.pio/libdeps/esp32-s2-lcd/Adafruit TinyUSB Library/src/arduino/ports/esp32/tusb_config_esp32.h:122: warning: "CFG_TUH_CDC_FTDI" redefined
 #define CFG_TUH_CDC_FTDI 1
 
In file included from .pio/libdeps/esp32-s2-lcd/Adafruit TinyUSB Library/src/arduino/Adafruit_TinyUSB_API.cpp:25:
.pio/libdeps/esp32-s2-lcd/Adafruit TinyUSB Library/src/tusb_option.h:486: note: this is the location of the previous definition
   #define CFG_TUH_CDC_FTDI 0
 
In file included from .pio/libdeps/esp32-s2-lcd/Adafruit TinyUSB Library/src/Adafruit_TinyUSB.h:30,
                 from .pio/libdeps/esp32-s2-lcd/Adafruit TinyUSB Library/src/arduino/Adafruit_TinyUSB_API.cpp:29:
.pio/libdeps/esp32-s2-lcd/Adafruit TinyUSB Library/src/arduino/ports/esp32/tusb_config_esp32.h:123: warning: "CFG_TUH_CDC_CP210X" redefined
 #define CFG_TUH_CDC_CP210X 1
 
In file included from .pio/libdeps/esp32-s2-lcd/Adafruit TinyUSB Library/src/arduino/Adafruit_TinyUSB_API.cpp:25:
.pio/libdeps/esp32-s2-lcd/Adafruit TinyUSB Library/src/tusb_option.h:499: note: this is the location of the previous definition
   #define CFG_TUH_CDC_CP210X 0
 
In file included from .pio/libdeps/esp32-s2-lcd/Adafruit TinyUSB Library/src/Adafruit_TinyUSB.h:30,
                 from .pio/libdeps/esp32-s2-lcd/Adafruit TinyUSB Library/src/arduino/Adafruit_TinyUSB_API.cpp:29:
.pio/libdeps/esp32-s2-lcd/Adafruit TinyUSB Library/src/arduino/ports/esp32/tusb_config_esp32.h:124: warning: "CFG_TUH_CDC_CH34X" redefined
 #define CFG_TUH_CDC_CH34X 1
 
In file included from .pio/libdeps/esp32-s2-lcd/Adafruit TinyUSB Library/src/arduino/Adafruit_TinyUSB_API.cpp:25:
.pio/libdeps/esp32-s2-lcd/Adafruit TinyUSB Library/src/tusb_option.h:510: note: this is the location of the previous definition
   #define CFG_TUH_CDC_CH34X 0
 
Compiling .pio/build/esp32-s2-lcd/lib6d5/Adafruit TinyUSB Library/arduino/Adafruit_USBD_Interface.cpp.o
Compiling .pio/build/esp32-s2-lcd/lib6d5/Adafruit TinyUSB Library/arduino/Adafruit_USBH_Host.cpp.o
Compiling .pio/build/esp32-s2-lcd/lib6d5/Adafruit TinyUSB Library/arduino/cdc/Adafruit_USBH_CDC.cpp.o
Compiling .pio/build/esp32-s2-lcd/lib6d5/Adafruit TinyUSB Library/arduino/hid/Adafruit_USBD_HID.cpp.o
Compiling .pio/build/esp32-s2-lcd/lib6d5/Adafruit TinyUSB Library/arduino/midi/Adafruit_USBD_MIDI.cpp.o
Compiling .pio/build/esp32-s2-lcd/lib6d5/Adafruit TinyUSB Library/arduino/msc/Adafruit_USBD_MSC.cpp.o
Compiling .pio/build/esp32-s2-lcd/lib6d5/Adafruit TinyUSB Library/arduino/msc/Adafruit_USBH_MSC.cpp.o
Compiling .pio/build/esp32-s2-lcd/lib6d5/Adafruit TinyUSB Library/arduino/ports/ch32/Adafruit_TinyUSB_ch32.cpp.o
Compiling .pio/build/esp32-s2-lcd/lib6d5/Adafruit TinyUSB Library/arduino/ports/esp32/Adafruit_TinyUSB_esp32.cpp.o
Compiling .pio/build/esp32-s2-lcd/lib6d5/Adafruit TinyUSB Library/arduino/ports/nrf/Adafruit_TinyUSB_nrf.cpp.o
Compiling .pio/build/esp32-s2-lcd/lib6d5/Adafruit TinyUSB Library/arduino/ports/rp2040/Adafruit_TinyUSB_rp2040.cpp.o
Compiling .pio/build/esp32-s2-lcd/lib6d5/Adafruit TinyUSB Library/arduino/ports/samd/Adafruit_TinyUSB_samd.cpp.o
Compiling .pio/build/esp32-s2-lcd/lib6d5/Adafruit TinyUSB Library/arduino/video/Adafruit_USBD_Video.cpp.o
Compiling .pio/build/esp32-s2-lcd/lib6d5/Adafruit TinyUSB Library/arduino/webusb/Adafruit_USBD_WebUSB.cpp.o
Compiling .pio/build/esp32-s2-lcd/lib6d5/Adafruit TinyUSB Library/class/audio/audio_device.c.o
Compiling .pio/build/esp32-s2-lcd/lib6d5/Adafruit TinyUSB Library/class/bth/bth_device.c.o
Compiling .pio/build/esp32-s2-lcd/lib6d5/Adafruit TinyUSB Library/class/cdc/cdc_device.c.o
Compiling .pio/build/esp32-s2-lcd/lib6d5/Adafruit TinyUSB Library/class/cdc/cdc_host.c.o
Compiling .pio/build/esp32-s2-lcd/lib6d5/Adafruit TinyUSB Library/class/dfu/dfu_device.c.o
Archiving .pio/build/esp32-s2-lcd/lib918/libSdFat - Adafruit Fork.a
Compiling .pio/build/esp32-s2-lcd/lib6d5/Adafruit TinyUSB Library/class/dfu/dfu_rt_device.c.o
Indexing .pio/build/esp32-s2-lcd/lib918/libSdFat - Adafruit Fork.a
Compiling .pio/build/esp32-s2-lcd/lib6d5/Adafruit TinyUSB Library/class/hid/hid_device.c.o
Compiling .pio/build/esp32-s2-lcd/lib6d5/Adafruit TinyUSB Library/class/hid/hid_host.c.o
Compiling .pio/build/esp32-s2-lcd/lib6d5/Adafruit TinyUSB Library/class/midi/midi_device.c.o
Compiling .pio/build/esp32-s2-lcd/lib6d5/Adafruit TinyUSB Library/class/msc/msc_device.c.o
Compiling .pio/build/esp32-s2-lcd/lib6d5/Adafruit TinyUSB Library/class/msc/msc_host.c.o
Compiling .pio/build/esp32-s2-lcd/lib6d5/Adafruit TinyUSB Library/class/net/ecm_rndis_device.c.o
Compiling .pio/build/esp32-s2-lcd/lib6d5/Adafruit TinyUSB Library/class/net/ncm_device.c.o
Compiling .pio/build/esp32-s2-lcd/lib6d5/Adafruit TinyUSB Library/class/usbtmc/usbtmc_device.c.o
Compiling .pio/build/esp32-s2-lcd/lib6d5/Adafruit TinyUSB Library/class/vendor/vendor_device.c.o
Compiling .pio/build/esp32-s2-lcd/lib6d5/Adafruit TinyUSB Library/class/video/video_device.c.o
Compiling .pio/build/esp32-s2-lcd/lib6d5/Adafruit TinyUSB Library/common/tusb_fifo.c.o
Compiling .pio/build/esp32-s2-lcd/lib6d5/Adafruit TinyUSB Library/device/usbd.c.o
Compiling .pio/build/esp32-s2-lcd/lib6d5/Adafruit TinyUSB Library/device/usbd_control.c.o
Compiling .pio/build/esp32-s2-lcd/lib6d5/Adafruit TinyUSB Library/host/hub.c.o
Compiling .pio/build/esp32-s2-lcd/lib6d5/Adafruit TinyUSB Library/host/usbh.c.o
Compiling .pio/build/esp32-s2-lcd/lib6d5/Adafruit TinyUSB Library/portable/analog/max3421/hcd_max3421.c.o
Compiling .pio/build/esp32-s2-lcd/lib6d5/Adafruit TinyUSB Library/portable/microchip/samd/dcd_samd.c.o
Compiling .pio/build/esp32-s2-lcd/lib6d5/Adafruit TinyUSB Library/portable/nordic/nrf5x/dcd_nrf5x.c.o
Compiling .pio/build/esp32-s2-lcd/lib6d5/Adafruit TinyUSB Library/portable/raspberrypi/pio_usb/dcd_pio_usb.c.o
Compiling .pio/build/esp32-s2-lcd/lib6d5/Adafruit TinyUSB Library/portable/raspberrypi/pio_usb/hcd_pio_usb.c.o
Compiling .pio/build/esp32-s2-lcd/lib6d5/Adafruit TinyUSB Library/portable/raspberrypi/rp2040/dcd_rp2040.c.o
Compiling .pio/build/esp32-s2-lcd/lib6d5/Adafruit TinyUSB Library/portable/raspberrypi/rp2040/hcd_rp2040.c.o
Compiling .pio/build/esp32-s2-lcd/lib6d5/Adafruit TinyUSB Library/portable/raspberrypi/rp2040/rp2040_usb.c.o
Compiling .pio/build/esp32-s2-lcd/lib6d5/Adafruit TinyUSB Library/portable/st/stm32_fsdev/dcd_stm32_fsdev.c.o
Compiling .pio/build/esp32-s2-lcd/lib6d5/Adafruit TinyUSB Library/portable/synopsys/dwc2/dcd_dwc2.c.o
Compiling .pio/build/esp32-s2-lcd/lib6d5/Adafruit TinyUSB Library/portable/wch/dcd_ch32_usbfs.c.o
Compiling .pio/build/esp32-s2-lcd/lib6d5/Adafruit TinyUSB Library/portable/wch/dcd_ch32_usbhs.c.o
Compiling .pio/build/esp32-s2-lcd/lib6d5/Adafruit TinyUSB Library/tusb.c.o
Compiling .pio/build/esp32-s2-lcd/lib398/FS/FS.cpp.o
Compiling .pio/build/esp32-s2-lcd/lib398/FS/vfs_api.cpp.o
Compiling .pio/build/esp32-s2-lcd/lib1b7/SPIFFS/SPIFFS.cpp.o
Compiling .pio/build/esp32-s2-lcd/liba8d/LittleFS/LittleFS.cpp.o
Archiving .pio/build/esp32-s2-lcd/lib6d5/libAdafruit TinyUSB Library.a
Indexing .pio/build/esp32-s2-lcd/lib6d5/libAdafruit TinyUSB Library.a
Compiling .pio/build/esp32-s2-lcd/lib464/TFT_eSPI/TFT_eSPI.cpp.o
Compiling .pio/build/esp32-s2-lcd/FrameworkArduino/Esp.cpp.o
Compiling .pio/build/esp32-s2-lcd/FrameworkArduino/FirmwareMSC.cpp.o
Compiling .pio/build/esp32-s2-lcd/FrameworkArduino/FunctionalInterrupt.cpp.o
Compiling .pio/build/esp32-s2-lcd/FrameworkArduino/HWCDC.cpp.o
Compiling .pio/build/esp32-s2-lcd/FrameworkArduino/HardwareSerial.cpp.o
Compiling .pio/build/esp32-s2-lcd/FrameworkArduino/IPAddress.cpp.o
Compiling .pio/build/esp32-s2-lcd/FrameworkArduino/IPv6Address.cpp.o
Compiling .pio/build/esp32-s2-lcd/FrameworkArduino/MD5Builder.cpp.o
Archiving .pio/build/esp32-s2-lcd/lib398/libFS.a
Indexing .pio/build/esp32-s2-lcd/lib398/libFS.a
Compiling .pio/build/esp32-s2-lcd/FrameworkArduino/Print.cpp.o
Compiling .pio/build/esp32-s2-lcd/FrameworkArduino/Stream.cpp.o
Archiving .pio/build/esp32-s2-lcd/lib1b7/libSPIFFS.a
Indexing .pio/build/esp32-s2-lcd/lib1b7/libSPIFFS.a
Compiling .pio/build/esp32-s2-lcd/FrameworkArduino/StreamString.cpp.o
Compiling .pio/build/esp32-s2-lcd/FrameworkArduino/Tone.cpp.o
In file included from .pio/libdeps/esp32-s2-lcd/TFT_eSPI/TFT_eSPI.cpp:16:
.pio/libdeps/esp32-s2-lcd/TFT_eSPI/TFT_eSPI.h:973:8: warning: #warning >>>>------>> TOUCH_CS pin not defined, TFT_eSPI touch functions will not be available! [-Wcpp]
       #warning >>>>------>> TOUCH_CS pin not defined, TFT_eSPI touch functions will not be available!
        ^~~~~~~
Archiving .pio/build/esp32-s2-lcd/liba8d/libLittleFS.a
Indexing .pio/build/esp32-s2-lcd/liba8d/libLittleFS.a
Compiling .pio/build/esp32-s2-lcd/FrameworkArduino/USB.cpp.o
Compiling .pio/build/esp32-s2-lcd/FrameworkArduino/USBCDC.cpp.o
Compiling .pio/build/esp32-s2-lcd/FrameworkArduino/USBMSC.cpp.o
Compiling .pio/build/esp32-s2-lcd/FrameworkArduino/WMath.cpp.o
Compiling .pio/build/esp32-s2-lcd/FrameworkArduino/WString.cpp.o
Compiling .pio/build/esp32-s2-lcd/FrameworkArduino/base64.cpp.o
Compiling .pio/build/esp32-s2-lcd/FrameworkArduino/cbuf.cpp.o
Compiling .pio/build/esp32-s2-lcd/FrameworkArduino/esp32-hal-adc.c.o
Compiling .pio/build/esp32-s2-lcd/FrameworkArduino/esp32-hal-bt.c.o
Compiling .pio/build/esp32-s2-lcd/FrameworkArduino/esp32-hal-cpu.c.o
Compiling .pio/build/esp32-s2-lcd/FrameworkArduino/esp32-hal-dac.c.o
Compiling .pio/build/esp32-s2-lcd/FrameworkArduino/esp32-hal-gpio.c.o
Compiling .pio/build/esp32-s2-lcd/FrameworkArduino/esp32-hal-i2c-slave.c.o
Compiling .pio/build/esp32-s2-lcd/FrameworkArduino/esp32-hal-i2c.c.o
Compiling .pio/build/esp32-s2-lcd/FrameworkArduino/esp32-hal-ledc.c.o
Compiling .pio/build/esp32-s2-lcd/FrameworkArduino/esp32-hal-matrix.c.o
Compiling .pio/build/esp32-s2-lcd/FrameworkArduino/esp32-hal-misc.c.o
Compiling .pio/build/esp32-s2-lcd/FrameworkArduino/esp32-hal-psram.c.o
Compiling .pio/build/esp32-s2-lcd/FrameworkArduino/esp32-hal-rgb-led.c.o
Compiling .pio/build/esp32-s2-lcd/FrameworkArduino/esp32-hal-rmt.c.o
Compiling .pio/build/esp32-s2-lcd/FrameworkArduino/esp32-hal-sigmadelta.c.o
Compiling .pio/build/esp32-s2-lcd/FrameworkArduino/esp32-hal-spi.c.o
Compiling .pio/build/esp32-s2-lcd/FrameworkArduino/esp32-hal-time.c.o
Compiling .pio/build/esp32-s2-lcd/FrameworkArduino/esp32-hal-timer.c.o
Compiling .pio/build/esp32-s2-lcd/FrameworkArduino/esp32-hal-tinyusb.c.o
Compiling .pio/build/esp32-s2-lcd/FrameworkArduino/esp32-hal-touch.c.o
Compiling .pio/build/esp32-s2-lcd/FrameworkArduino/esp32-hal-uart.c.o
Compiling .pio/build/esp32-s2-lcd/FrameworkArduino/firmware_msc_fat.c.o
Compiling .pio/build/esp32-s2-lcd/FrameworkArduino/libb64/cdecode.c.o
Compiling .pio/build/esp32-s2-lcd/FrameworkArduino/libb64/cencode.c.o
Compiling .pio/build/esp32-s2-lcd/FrameworkArduino/main.cpp.o
Compiling .pio/build/esp32-s2-lcd/FrameworkArduino/stdlib_noniso.c.o
Compiling .pio/build/esp32-s2-lcd/FrameworkArduino/wiring_pulse.c.o
Compiling .pio/build/esp32-s2-lcd/FrameworkArduino/wiring_shift.c.o
Archiving .pio/build/esp32-s2-lcd/libFrameworkArduino.a
Indexing .pio/build/esp32-s2-lcd/libFrameworkArduino.a
Archiving .pio/build/esp32-s2-lcd/lib464/libTFT_eSPI.a
Indexing .pio/build/esp32-s2-lcd/lib464/libTFT_eSPI.a
Linking .pio/build/esp32-s2-lcd/firmware.elf
Retrieving maximum program size .pio/build/esp32-s2-lcd/firmware.elf
Checking size .pio/build/esp32-s2-lcd/firmware.elf
Advanced Memory Usage is available via "PlatformIO Home > Project Inspect"
RAM:   [=         ]   5.8% (used 19104 bytes from 327680 bytes)
Flash: [===       ]  26.1% (used 342618 bytes from 1310720 bytes)
Building .pio/build/esp32-s2-lcd/firmware.bin
esptool.py v4.9.0
Creating esp32s2 image...
Merged 2 ELF sections
Successfully created esp32s2 image.
========================= [SUCCESS] Took 9.78 seconds =========================

Environment        Status    Duration
-----------------  --------  ------------
esp32-s3           SUCCESS   00:00:10.188
esp32-s3-axis1     SUCCESS   00:00:09.862
esp32-s3-axis3     SUCCESS   00:00:09.475
esp32-s2           SUCCESS   00:00:08.979
esp32-s2-axis1     SUCCESS   00:00:08.648
esp32-s2-axis3     SUCCESS   00:00:09.480
esp32-s2-timing    SUCCESS   00:00:09.132
esp32-s3-timing    SUCCESS   00:00:09.784
esp32-s2-force500  SUCCESS   00:00:08.835
esp32-s3-lcd       SUCCESS   00:00:11.354
esp32-s2-lcd       SUCCESS   00:00:09.785
========================= 11 succeeded in 00:01:45.522 =========================
